ISO-10303-21;
HEADER;
FILE_DESCRIPTION (( 'STEP AP214' ),
    '1' );
FILE_NAME ('Q235-5.0-BAN8-N10.STEP',
    '2026-07-03T06:18:23',
    ( '' ),
    ( '' ),
    'SwSTEP 2.0',
    'SolidWorks 2016',
    '' );
FILE_SCHEMA (( 'AUTOMOTIVE_DESIGN' ));
ENDSEC;

DATA;
#1 = COLOUR_RGB ( '',1.000000000000000000, 1.000000000000000000, 1.000000000000000000 ) ;
#2 = STYLED_ITEM ( 'NONE', ( #1250 ), #397 ) ;
#3 = CARTESIAN_POINT ( 'NONE',  ( -77.78097245096171300, 3.721253307623333300E-014, -22.00000000000000000 ) ) ;
#4 = PLANE ( 'NONE',  #1390 ) ;
#5 = ORIENTED_EDGE ( 'NONE', *, *, #1404, .T. ) ;
#6 = ORIENTED_EDGE ( 'NONE', *, *, #97, .F. ) ;
#7 = ORIENTED_EDGE ( 'NONE', *, *, #1149, .F. ) ;
#8 = DIRECTION ( 'NONE',  ( 1.000000000000000000, -5.137129139784317200E-016, 0.0000000000000000000 ) ) ;
#9 = CARTESIAN_POINT ( 'NONE',  ( -77.78097245096171300, 3.721253307623333300E-014, -18.99999999999999600 ) ) ;
#10 = DIRECTION ( 'NONE',  ( 0.0000000000000000000, 0.0000000000000000000, -1.000000000000000000 ) ) ;
#11 = VECTOR ( 'NONE', #259, 1000.000000000000000 ) ;
#12 = VECTOR ( 'NONE', #1342, 1000.000000000000100 ) ;
#13 = EDGE_LOOP ( 'NONE', ( #787, #1413, #843, #894 ) ) ;
#14 = LINE ( 'NONE', #1331, #525 ) ;
#15 = CIRCLE ( 'NONE', #631, 4.000000000000000000 ) ;
#16 = ORIENTED_EDGE ( 'NONE', *, *, #727, .F. ) ;
#17 = AXIS2_PLACEMENT_3D ( 'NONE', #688, #341, #105 ) ;
#18 = EDGE_CURVE ( 'NONE', #585, #199, #510, .T. ) ;
#19 = ORIENTED_EDGE ( 'NONE', *, *, #339, .F. ) ;
#20 = CARTESIAN_POINT ( 'NONE',  ( -76.28097245096172700, 5.000000000000036400, 20.49999999999999600 ) ) ;
#21 = ORIENTED_EDGE ( 'NONE', *, *, #871, .T. ) ;
#22 = DIRECTION ( 'NONE',  ( 0.0000000000000000000, 0.0000000000000000000, 1.000000000000000000 ) ) ;
#23 = CARTESIAN_POINT ( 'NONE',  ( -77.78097245096171300, 5.000000000000037300, -9.000000000000008900 ) ) ;
#24 = LINE ( 'NONE', #195, #1368 ) ;
#25 = AXIS2_PLACEMENT_3D ( 'NONE', #388, #954, #506 ) ;
#26 = DIRECTION ( 'NONE',  ( 0.0000000000000000000, 0.0000000000000000000, 1.000000000000000000 ) ) ;
#27 = AXIS2_PLACEMENT_3D ( 'NONE', #1246, #1474, #1142 ) ;
#28 = EDGE_LOOP ( 'NONE', ( #1098, #589, #503, #732 ) ) ;
#29 = ORIENTED_EDGE ( 'NONE', *, *, #831, .F. ) ;
#30 =( NAMED_UNIT ( * ) PLANE_ANGLE_UNIT ( ) SI_UNIT ( $, .RADIAN. ) );
#31 = UNCERTAINTY_MEASURE_WITH_UNIT (LENGTH_MEASURE( 1.000000000000000100E-005 ), #989, 'distance_accuracy_value', 'NONE');
#32 = CLOSED_SHELL ( 'NONE', ( #619, #604, #1202, #1167, #1088, #1060, #516, #608, #505, #1309, #1284, #138, #1414, #256, #494, #385, #162, #282, #965, #754, #527, #1184, #848, #1295, #864, #61, #1427, #729, #43, #1075, #1193, #953, #747, #1174, #397 ) ) ;
#33 = FILL_AREA_STYLE ('',( #599 ) ) ;
#34 = SURFACE_SIDE_STYLE ('',( #583 ) ) ;
#35 =( GEOMETRIC_REPRESENTATION_CONTEXT ( 3 ) GLOBAL_UNCERTAINTY_ASSIGNED_CONTEXT ( ( #946 ) ) GLOBAL_UNIT_ASSIGNED_CONTEXT ( ( #1434, #638, #846 ) ) REPRESENTATION_CONTEXT ( 'NONE', 'WORKASPACE' ) );
#36 = EDGE_CURVE ( 'NONE', #935, #523, #474, .T. ) ;
#37 = ORIENTED_EDGE ( 'NONE', *, *, #330, .T. ) ;
#38 = DIRECTION ( 'NONE',  ( 0.0000000000000000000, 1.000000000000000000, 0.0000000000000000000 ) ) ;
#39 =( NAMED_UNIT ( * ) PLANE_ANGLE_UNIT ( ) SI_UNIT ( $, .RADIAN. ) );
#40 = DIRECTION ( 'NONE',  ( 1.000000000000000000, -4.956352788505148500E-016, 0.0000000000000000000 ) ) ;
#41 = FILL_AREA_STYLE ('',( #1188 ) ) ;
#42 = FACE_OUTER_BOUND ( 'NONE', #350, .T. ) ;
#43 = ADVANCED_FACE ( 'NONE', ( #238 ), #1391, .F. ) ;
#44 = EDGE_CURVE ( 'NONE', #985, #869, #488, .T. ) ;
#45 = AXIS2_PLACEMENT_3D ( 'NONE', #716, #662, #449 ) ;
#46 = VECTOR ( 'NONE', #1094, 1000.000000000000100 ) ;
#47 = CARTESIAN_POINT ( 'NONE',  ( -74.78097245096174100, 10.00000000000003700, -22.00000000000000000 ) ) ;
#48 = EDGE_LOOP ( 'NONE', ( #29, #976, #1227, #798 ) ) ;
#49 = VECTOR ( 'NONE', #288, 1000.000000000000000 ) ;
#50 = CARTESIAN_POINT ( 'NONE',  ( -77.78097245096171300, 3.721253307623333300E-014, -18.99999999999999600 ) ) ;
#51 = SURFACE_STYLE_FILL_AREA ( #1099 ) ;
#52 = DIRECTION ( 'NONE',  ( 0.0000000000000000000, 1.000000000000000000, 0.0000000000000000000 ) ) ;
#53 = AXIS2_PLACEMENT_3D ( 'NONE', #181, #306, #917 ) ;
#54 = CARTESIAN_POINT ( 'NONE',  ( -77.78097245096171300, 5.000000000000037300, 8.999999999999989300 ) ) ;
#55 = ORIENTED_EDGE ( 'NONE', *, *, #175, .F. ) ;
#56 = CARTESIAN_POINT ( 'NONE',  ( -74.84097245096171500, 5.000000000000035500, 15.55999999999999900 ) ) ;
#57 = ORIENTED_EDGE ( 'NONE', *, *, #482, .T. ) ;
#58 = ORIENTED_EDGE ( 'NONE', *, *, #1492, .T. ) ;
#59 = CARTESIAN_POINT ( 'NONE',  ( -43.72097245096173200, 5.000000000000021300, -15.56000000000000200 ) ) ;
#60 = MECHANICAL_DESIGN_GEOMETRIC_PRESENTATION_REPRESENTATION (  '', ( #951 ), #763 ) ;
#61 = ADVANCED_FACE ( 'NONE', ( #1421 ), #254, .F. ) ;
#62 = VECTOR ( 'NONE', #807, 1000.000000000000000 ) ;
#63 = ORIENTED_EDGE ( 'NONE', *, *, #1024, .T. ) ;
#64 = CARTESIAN_POINT ( 'NONE',  ( -36.72097245096171700, 5.000000000000017800, 15.55999999999999200 ) ) ;
#65 = CYLINDRICAL_SURFACE ( 'NONE', #934, 15.50000000000001400 ) ;
#66 = CARTESIAN_POINT ( 'NONE',  ( 200.5000000000000000, -5.000000000000000000, -8.500000000000000000 ) ) ;
#67 = LINE ( 'NONE', #1438, #243 ) ;
#68 = ORIENTED_EDGE ( 'NONE', *, *, #1165, .T. ) ;
#69 = MECHANICAL_DESIGN_GEOMETRIC_PRESENTATION_REPRESENTATION (  '', ( #265 ), #113 ) ;
#70 = VERTEX_POINT ( 'NONE', #1206 ) ;
#71 = EDGE_CURVE ( 'NONE', #431, #1182, #1141, .T. ) ;
#72 = DIRECTION ( 'NONE',  ( -1.000000000000000000, 5.053215498074302900E-016, 0.0000000000000000000 ) ) ;
#73 = CYLINDRICAL_SURFACE ( 'NONE', #966, 3.500000000000003100 ) ;
#74 = PLANE ( 'NONE',  #697 ) ;
#75 = EDGE_CURVE ( 'NONE', #986, #421, #1207, .T. ) ;
#76 = EDGE_LOOP ( 'NONE', ( #390, #1301, #21, #1362 ) ) ;
#77 = SURFACE_STYLE_USAGE ( .BOTH. , #541 ) ;
#78 = AXIS2_PLACEMENT_3D ( 'NONE', #513, #520, #962 ) ;
#79 = DIRECTION ( 'NONE',  ( 0.0000000000000000000, 1.000000000000000000, 0.0000000000000000000 ) ) ;
#80 = CARTESIAN_POINT ( 'NONE',  ( -40.22097245096172500, 1.968008312518480900E-014, 15.55999999999999200 ) ) ;
#81 = CARTESIAN_POINT ( 'NONE',  ( 195.5000000000000000, 0.0000000000000000000, -12.50000000000000000 ) ) ;
#82 = PRESENTATION_STYLE_ASSIGNMENT (( #1393 ) ) ;
#83 = DIRECTION ( 'NONE',  ( 4.932174826065553000E-016, 1.000000000000000000, 0.0000000000000000000 ) ) ;
#84 = CARTESIAN_POINT ( 'NONE',  ( 247.5000000000000000, 0.0000000000000000000, 12.69999999999999900 ) ) ;
#85 = CIRCLE ( 'NONE', #1292, 15.50000000000001400 ) ;
#86 = ORIENTED_EDGE ( 'NONE', *, *, #702, .F. ) ;
#87 = VERTEX_POINT ( 'NONE', #286 ) ;
#88 = FACE_BOUND ( 'NONE', #13, .T. ) ;
#89 = EDGE_CURVE ( 'NONE', #70, #691, #1279, .T. ) ;
#90 = CARTESIAN_POINT ( 'NONE',  ( -36.72097245096171000, 5.000000000000017800, -15.56000000000000200 ) ) ;
#91 = CIRCLE ( 'NONE', #1356, 3.500000000000010200 ) ;
#92 = PLANE ( 'NONE',  #1058 ) ;
#93 = ORIENTED_EDGE ( 'NONE', *, *, #75, .T. ) ;
#94 = VECTOR ( 'NONE', #351, 1000.000000000000000 ) ;
#95 = DIRECTION ( 'NONE',  ( 4.932174826065553000E-016, 1.000000000000000000, 0.0000000000000000000 ) ) ;
#96 = AXIS2_PLACEMENT_3D ( 'NONE', #407, #1437, #977 ) ;
#97 = EDGE_CURVE ( 'NONE', #1023, #572, #1081, .T. ) ;
#98 = CARTESIAN_POINT ( 'NONE',  ( -67.84097245096171500, 10.00000000000003400, 15.55999999999999900 ) ) ;
#99 = CARTESIAN_POINT ( 'NONE',  ( -40.22097245096172500, 1.968008312518480900E-014, 15.55999999999999200 ) ) ;
#100 = CIRCLE ( 'NONE', #804, 4.000000000000000000 ) ;
#101 =( LENGTH_UNIT ( ) NAMED_UNIT ( * ) SI_UNIT ( .MILLI., .METRE. ) );
#102 = VECTOR ( 'NONE', #440, 1000.000000000000000 ) ;
#103 = VECTOR ( 'NONE', #646, 1000.000000000000000 ) ;
#104 = EDGE_CURVE ( 'NONE', #791, #199, #331, .T. ) ;
#105 = DIRECTION ( 'NONE',  ( -1.000000000000000000, 4.956352788505148500E-016, 0.0000000000000000000 ) ) ;
#106 = ORIENTED_EDGE ( 'NONE', *, *, #257, .F. ) ;
#107 =( GEOMETRIC_REPRESENTATION_CONTEXT ( 3 ) GLOBAL_UNCERTAINTY_ASSIGNED_CONTEXT ( ( #460 ) ) GLOBAL_UNIT_ASSIGNED_CONTEXT ( ( #126, #475, #1031 ) ) REPRESENTATION_CONTEXT ( 'NONE', 'WORKASPACE' ) );
#108 = CARTESIAN_POINT ( 'NONE',  ( 247.5000000000000000, 5.000000000000000000, -12.69999999999999900 ) ) ;
#109 = PRESENTATION_STYLE_ASSIGNMENT (( #950 ) ) ;
#110 = VERTEX_POINT ( 'NONE', #1409 ) ;
#111 = CARTESIAN_POINT ( 'NONE',  ( -74.78097245096174100, 5.000000000000035500, -22.00000000000000000 ) ) ;
#112 = VERTEX_POINT ( 'NONE', #9 ) ;
#113 =( GEOMETRIC_REPRESENTATION_CONTEXT ( 3 ) GLOBAL_UNCERTAINTY_ASSIGNED_CONTEXT ( ( #1412 ) ) GLOBAL_UNIT_ASSIGNED_CONTEXT ( ( #290, #153, #501 ) ) REPRESENTATION_CONTEXT ( 'NONE', 'WORKASPACE' ) );
#114 = EDGE_CURVE ( 'NONE', #985, #1023, #601, .T. ) ;
#115 = CARTESIAN_POINT ( 'NONE',  ( 200.5000000000000000, -5.000000000000000000, 4.500000000000000900 ) ) ;
#116 = SURFACE_STYLE_FILL_AREA ( #1263 ) ;
#117 = DIRECTION ( 'NONE',  ( 0.0000000000000000000, 1.000000000000000000, 0.0000000000000000000 ) ) ;
#118 = LINE ( 'NONE', #548, #103 ) ;
#119 = EDGE_LOOP ( 'NONE', ( #937, #1245 ) ) ;
#120 = ORIENTED_EDGE ( 'NONE', *, *, #1135, .T. ) ;
#121 = DIRECTION ( 'NONE',  ( 5.053215498074302900E-016, 1.000000000000000000, 0.0000000000000000000 ) ) ;
#122 = EDGE_CURVE ( 'NONE', #1274, #594, #221, .T. ) ;
#123 = SURFACE_SIDE_STYLE ('',( #647 ) ) ;
#124 = STYLED_ITEM ( 'NONE', ( #1253 ), #754 ) ;
#125 = FACE_BOUND ( 'NONE', #163, .T. ) ;
#126 =( LENGTH_UNIT ( ) NAMED_UNIT ( * ) SI_UNIT ( .MILLI., .METRE. ) );
#127 = VERTEX_POINT ( 'NONE', #1300 ) ;
#128 = COLOUR_RGB ( '',1.000000000000000000, 0.0000000000000000000, 0.0000000000000000000 ) ;
#129 = EDGE_CURVE ( 'NONE', #580, #345, #641, .T. ) ;
#130 = DIRECTION ( 'NONE',  ( 1.000000000000000000, 0.0000000000000000000, 0.0000000000000000000 ) ) ;
#131 = CIRCLE ( 'NONE', #463, 1.650000000000016100 ) ;
#132 = CARTESIAN_POINT ( 'NONE',  ( -77.78097245096171300, 3.721253307623333300E-014, 19.00000000000002500 ) ) ;
#133 = CIRCLE ( 'NONE', #1285, 3.500000000000010200 ) ;
#134 = CARTESIAN_POINT ( 'NONE',  ( 247.0000000000000000, 0.0000000000000000000, 22.00000000000000000 ) ) ;
#135 = ORIENTED_EDGE ( 'NONE', *, *, #1255, .T. ) ;
#136 = ORIENTED_EDGE ( 'NONE', *, *, #1468, .F. ) ;
#137 = CARTESIAN_POINT ( 'NONE',  ( -68.40040191508569500, 3.258587169111533600E-014, 8.999999999999991100 ) ) ;
#138 = ADVANCED_FACE ( 'NONE', ( #915, #1405, #1185, #1469, #1155, #856, #125, #1311, #1065 ), #1000, .F. ) ;
#139 = AXIS2_PLACEMENT_3D ( 'NONE', #629, #1439, #833 ) ;
#140 = EDGE_CURVE ( 'NONE', #606, #1048, #576, .T. ) ;
#141 = ORIENTED_EDGE ( 'NONE', *, *, #1119, .T. ) ;
#142 = ORIENTED_EDGE ( 'NONE', *, *, #89, .T. ) ;
#143 = CARTESIAN_POINT ( 'NONE',  ( 195.5000000000000000, 5.000000000000000000, -4.500000000000000900 ) ) ;
#144 =( NAMED_UNIT ( * ) SI_UNIT ( $, .STERADIAN. ) SOLID_ANGLE_UNIT ( ) );
#145 =( NAMED_UNIT ( * ) SI_UNIT ( $, .STERADIAN. ) SOLID_ANGLE_UNIT ( ) );
#146 = EDGE_CURVE ( 'NONE', #199, #824, #24, .T. ) ;
#147 = VECTOR ( 'NONE', #680, 1000.000000000000000 ) ;
#148 = PRESENTATION_STYLE_ASSIGNMENT (( #852 ) ) ;
#149 = ORIENTED_EDGE ( 'NONE', *, *, #1165, .F. ) ;
#150 = AXIS2_PLACEMENT_3D ( 'NONE', #217, #818, #1418 ) ;
#151 = CARTESIAN_POINT ( 'NONE',  ( 195.5000000000000000, -5.000000000000000000, -4.500000000000000900 ) ) ;
#152 = LINE ( 'NONE', #912, #242 ) ;
#153 =( NAMED_UNIT ( * ) PLANE_ANGLE_UNIT ( ) SI_UNIT ( $, .RADIAN. ) );
#154 = ORIENTED_EDGE ( 'NONE', *, *, #18, .F. ) ;
#155 =( LENGTH_UNIT ( ) NAMED_UNIT ( * ) SI_UNIT ( .MILLI., .METRE. ) );
#156 = DIRECTION ( 'NONE',  ( 0.0000000000000000000, 0.0000000000000000000, 1.000000000000000000 ) ) ;
#157 = CARTESIAN_POINT ( 'NONE',  ( 247.5000000000000000, 5.000000000000000000, -14.35000000000001600 ) ) ;
#158 = LINE ( 'NONE', #443, #1385 ) ;
#159 = ORIENTED_EDGE ( 'NONE', *, *, #281, .F. ) ;
#160 = EDGE_CURVE ( 'NONE', #87, #493, #603, .T. ) ;
#161 = ORIENTED_EDGE ( 'NONE', *, *, #229, .T. ) ;
#162 = ADVANCED_FACE ( 'NONE', ( #406 ), #736, .F. ) ;
#163 = EDGE_LOOP ( 'NONE', ( #63, #815, #1371, #721 ) ) ;
#164 = DIRECTION ( 'NONE',  ( -5.053215498074302900E-016, -1.000000000000000000, 0.0000000000000000000 ) ) ;
#165 = FACE_OUTER_BOUND ( 'NONE', #1289, .T. ) ;
#166 = CARTESIAN_POINT ( 'NONE',  ( -43.72097245096173900, 2.147807832410932400E-014, 15.55999999999999200 ) ) ;
#167 = PRESENTATION_LAYER_ASSIGNMENT (  '', '', ( #265 ) ) ;
#168 = EDGE_CURVE ( 'NONE', #314, #1450, #1407, .T. ) ;
#169 = DIRECTION ( 'NONE',  ( 0.0000000000000000000, 0.0000000000000000000, 1.000000000000000000 ) ) ;
#170 = COLOUR_RGB ( '',1.000000000000000000, 0.0000000000000000000, 0.0000000000000000000 ) ;
#171 = AXIS2_PLACEMENT_3D ( 'NONE', #560, #724, #379 ) ;
#172 = EDGE_LOOP ( 'NONE', ( #872, #396, #788, #1003 ) ) ;
#173 = LINE ( 'NONE', #877, #416 ) ;
#174 = CARTESIAN_POINT ( 'NONE',  ( 252.0000000000000000, 5.000000000000000000, 22.00000000000000000 ) ) ;
#175 = EDGE_CURVE ( 'NONE', #292, #1026, #1426, .T. ) ;
#176 = CARTESIAN_POINT ( 'NONE',  ( 195.5000000000000000, 5.000000000000000000, -12.50000000000000000 ) ) ;
#177 = CARTESIAN_POINT ( 'NONE',  ( 252.0000000000000000, 0.0000000000000000000, 17.00000000000002100 ) ) ;
#178 =( GEOMETRIC_REPRESENTATION_CONTEXT ( 3 ) GLOBAL_UNCERTAINTY_ASSIGNED_CONTEXT ( ( #1490 ) ) GLOBAL_UNIT_ASSIGNED_CONTEXT ( ( #255, #1166, #145 ) ) REPRESENTATION_CONTEXT ( 'NONE', 'WORKASPACE' ) );
#179 = ORIENTED_EDGE ( 'NONE', *, *, #442, .F. ) ;
#180 = ORIENTED_EDGE ( 'NONE', *, *, #1422, .T. ) ;
#181 = CARTESIAN_POINT ( 'NONE',  ( -40.22097245096171000, 10.00000000000002000, -15.56000000000000200 ) ) ;
#182 = CARTESIAN_POINT ( 'NONE',  ( 0.0000000000000000000, 5.000000000000000000, 22.00000000000000000 ) ) ;
#183 = PRESENTATION_LAYER_ASSIGNMENT (  '', '', ( #574 ) ) ;
#184 = DIRECTION ( 'NONE',  ( -1.000000000000000000, 0.0000000000000000000, 0.0000000000000000000 ) ) ;
#185 = COLOUR_RGB ( '',1.000000000000000000, 0.0000000000000000000, 0.0000000000000000000 ) ;
#186 = ORIENTED_EDGE ( 'NONE', *, *, #524, .F. ) ;
#187 = UNCERTAINTY_MEASURE_WITH_UNIT (LENGTH_MEASURE( 1.000000000000000100E-005 ), #532, 'distance_accuracy_value', 'NONE');
#188 = LINE ( 'NONE', #203, #387 ) ;
#189 = ORIENTED_EDGE ( 'NONE', *, *, #160, .F. ) ;
#190 = PLANE ( 'NONE',  #489 ) ;
#191 = EDGE_LOOP ( 'NONE', ( #37, #278, #1486, #1111 ) ) ;
#192 =( GEOMETRIC_REPRESENTATION_CONTEXT ( 3 ) GLOBAL_UNCERTAINTY_ASSIGNED_CONTEXT ( ( #1260 ) ) GLOBAL_UNIT_ASSIGNED_CONTEXT ( ( #393, #967, #861 ) ) REPRESENTATION_CONTEXT ( 'NONE', 'WORKASPACE' ) );
#193 = ORIENTED_EDGE ( 'NONE', *, *, #1492, .F. ) ;
#194 = CIRCLE ( 'NONE', #17, 3.500000000000010200 ) ;
#195 = CARTESIAN_POINT ( 'NONE',  ( 246.9999999999999400, 0.0000000000000000000, -22.00000000000000000 ) ) ;
#196 = CARTESIAN_POINT ( 'NONE',  ( 0.0000000000000000000, 0.0000000000000000000, 0.0000000000000000000 ) ) ;
#197 = ORIENTED_EDGE ( 'NONE', *, *, #250, .T. ) ;
#198 = EDGE_CURVE ( 'NONE', #509, #127, #241, .T. ) ;
#199 = VERTEX_POINT ( 'NONE', #1436 ) ;
#200 = DIRECTION ( 'NONE',  ( 0.0000000000000000000, 1.000000000000000000, 0.0000000000000000000 ) ) ;
#201 = AXIS2_PLACEMENT_3D ( 'NONE', #1240, #364, #826 ) ;
#202 = VECTOR ( 'NONE', #614, 1000.000000000000000 ) ;
#203 = CARTESIAN_POINT ( 'NONE',  ( 252.0000000000000000, 5.000000000000000000, 22.00000000000000000 ) ) ;
#204 = CARTESIAN_POINT ( 'NONE',  ( 195.5000000000000000, 5.000000000000000000, 12.50000000000000000 ) ) ;
#205 = LINE ( 'NONE', #828, #794 ) ;
#206 = DIRECTION ( 'NONE',  ( -5.137129139784316200E-016, -1.000000000000000000, 0.0000000000000000000 ) ) ;
#207 = VECTOR ( 'NONE', #802, 1000.000000000000000 ) ;
#208 = EDGE_LOOP ( 'NONE', ( #413, #361, #180, #289, #947, #197, #581, #284, #1419, #1011, #777, #1104, #668 ) ) ;
#209 = EDGE_CURVE ( 'NONE', #1163, #791, #1396, .T. ) ;
#210 = VECTOR ( 'NONE', #1344, 1000.000000000000000 ) ;
#211 = FACE_BOUND ( 'NONE', #1152, .T. ) ;
#212 = DIRECTION ( 'NONE',  ( -5.137129139784316200E-016, -1.000000000000000000, 0.0000000000000000000 ) ) ;
#213 = DIRECTION ( 'NONE',  ( 0.0000000000000000000, 1.000000000000000000, 0.0000000000000000000 ) ) ;
#214 = COLOUR_RGB ( '',1.000000000000000000, 0.0000000000000000000, 0.0000000000000000000 ) ;
#215 = DIRECTION ( 'NONE',  ( 1.000000000000000000, -4.932174826065553000E-016, 0.0000000000000000000 ) ) ;
#216 = CARTESIAN_POINT ( 'NONE',  ( -68.40040191508569500, 10.00000000000003400, -9.000000000000007100 ) ) ;
#217 = CARTESIAN_POINT ( 'NONE',  ( 200.5000000000000000, -5.000000000000000000, 8.500000000000000000 ) ) ;
#218 = EDGE_LOOP ( 'NONE', ( #1112, #251, #1050, #186 ) ) ;
#219 = CARTESIAN_POINT ( 'NONE',  ( -77.78097245096171300, 3.721253307623333300E-014, 22.00000000000000000 ) ) ;
#220 = DIRECTION ( 'NONE',  ( 0.0000000000000000000, 1.000000000000000000, 0.0000000000000000000 ) ) ;
#221 = LINE ( 'NONE', #955, #202 ) ;
#222 = DIRECTION ( 'NONE',  ( 5.053215498074302900E-016, 1.000000000000000000, 0.0000000000000000000 ) ) ;
#223 = DIRECTION ( 'NONE',  ( 4.932174826065553000E-016, 1.000000000000000000, 0.0000000000000000000 ) ) ;
#224 = EDGE_CURVE ( 'NONE', #1163, #1495, #813, .T. ) ;
#225 = FILL_AREA_STYLE_COLOUR ( '', #248 ) ;
#226 = LINE ( 'NONE', #98, #147 ) ;
#227 = LINE ( 'NONE', #1252, #519 ) ;
#228 = ORIENTED_EDGE ( 'NONE', *, *, #831, .T. ) ;
#229 = EDGE_CURVE ( 'NONE', #1270, #356, #1451, .T. ) ;
#230 = APPLICATION_PROTOCOL_DEFINITION ( 'draft international standard', 'automotive_design', 1998, #1497 ) ;
#231 = EDGE_LOOP ( 'NONE', ( #1392, #834 ) ) ;
#232 = ORIENTED_EDGE ( 'NONE', *, *, #482, .F. ) ;
#233 = AXIS2_PLACEMENT_3D ( 'NONE', #656, #426, #305 ) ;
#234 = PRESENTATION_STYLE_ASSIGNMENT (( #275 ) ) ;
#235 = PRESENTATION_LAYER_ASSIGNMENT (  '', '', ( #951 ) ) ;
#236 = VERTEX_POINT ( 'NONE', #1137 ) ;
#237 = EDGE_LOOP ( 'NONE', ( #679, #639, #1299, #422 ) ) ;
#238 = FACE_OUTER_BOUND ( 'NONE', #1183, .T. ) ;
#239 = EDGE_CURVE ( 'NONE', #1080, #87, #1085, .T. ) ;
#240 = CIRCLE ( 'NONE', #171, 1.650000000000016100 ) ;
#241 = LINE ( 'NONE', #332, #1216 ) ;
#242 = VECTOR ( 'NONE', #1025, 1000.000000000000000 ) ;
#243 = VECTOR ( 'NONE', #1361, 1000.000000000000000 ) ;
#244 = ORIENTED_EDGE ( 'NONE', *, *, #239, .F. ) ;
#245 = CARTESIAN_POINT ( 'NONE',  ( -43.72097245096173900, 5.000000000000021300, 15.55999999999999200 ) ) ;
#246 = LINE ( 'NONE', #563, #830 ) ;
#247 = AXIS2_PLACEMENT_3D ( 'NONE', #539, #1428, #753 ) ;
#248 = COLOUR_RGB ( '',1.000000000000000000, 0.0000000000000000000, 0.0000000000000000000 ) ;
#249 = FILL_AREA_STYLE ('',( #810 ) ) ;
#250 = EDGE_CURVE ( 'NONE', #458, #791, #944, .T. ) ;
#251 = ORIENTED_EDGE ( 'NONE', *, *, #1271, .T. ) ;
#253 = UNCERTAINTY_MEASURE_WITH_UNIT (LENGTH_MEASURE( 1.000000000000000100E-005 ), #1243, 'distance_accuracy_value', 'NONE');
#252 =( NAMED_UNIT ( * ) PLANE_ANGLE_UNIT ( ) SI_UNIT ( $, .RADIAN. ) );
#254 = CYLINDRICAL_SURFACE ( 'NONE', #998, 1.650000000000016100 ) ;
#255 =( LENGTH_UNIT ( ) NAMED_UNIT ( * ) SI_UNIT ( .MILLI., .METRE. ) );
#256 = ADVANCED_FACE ( 'NONE', ( #1145 ), #65, .F. ) ;
#257 = EDGE_CURVE ( 'NONE', #493, #87, #131, .T. ) ;
#258 = CARTESIAN_POINT ( 'NONE',  ( -40.22097245096171700, 10.00000000000002000, 15.55999999999999200 ) ) ;
#259 = DIRECTION ( 'NONE',  ( 0.0000000000000000000, 1.000000000000000000, 0.0000000000000000000 ) ) ;
#260 = VECTOR ( 'NONE', #1019, 1000.000000000000100 ) ;
#261 = CARTESIAN_POINT ( 'NONE',  ( -40.28097245096171300, 1.971090590002351100E-014, -6.938893903907228400E-015 ) ) ;
#262 = EDGE_LOOP ( 'NONE', ( #481, #984 ) ) ;
#263 = FACE_OUTER_BOUND ( 'NONE', #652, .T. ) ;
#264 = DIRECTION ( 'NONE',  ( -5.137129139784316200E-016, -1.000000000000000000, 0.0000000000000000000 ) ) ;
#265 = STYLED_ITEM ( 'NONE', ( #1225 ), #1075 ) ;
#266 = EDGE_CURVE ( 'NONE', #751, #1270, #722, .T. ) ;
#267 = VERTEX_POINT ( 'NONE', #1384 ) ;
#268 = ORIENTED_EDGE ( 'NONE', *, *, #486, .F. ) ;
#269 =( NAMED_UNIT ( * ) SI_UNIT ( $, .STERADIAN. ) SOLID_ANGLE_UNIT ( ) );
#270 = DIRECTION ( 'NONE',  ( -5.053215498074302900E-016, -1.000000000000000000, 0.0000000000000000000 ) ) ;
#271 = DIRECTION ( 'NONE',  ( 0.0000000000000000000, 0.0000000000000000000, -1.000000000000000000 ) ) ;
#272 =( GEOMETRIC_REPRESENTATION_CONTEXT ( 3 ) GLOBAL_UNCERTAINTY_ASSIGNED_CONTEXT ( ( #187 ) ) GLOBAL_UNIT_ASSIGNED_CONTEXT ( ( #532, #1330, #1446 ) ) REPRESENTATION_CONTEXT ( 'NONE', 'WORKASPACE' ) );
#273 = CYLINDRICAL_SURFACE ( 'NONE', #514, 1.650000000000016100 ) ;
#274 = CARTESIAN_POINT ( 'NONE',  ( 195.5000000000000000, 0.0000000000000000000, 8.500000000000000000 ) ) ;
#275 = SURFACE_STYLE_USAGE ( .BOTH. , #756 ) ;
#276 = CYLINDRICAL_SURFACE ( 'NONE', #1212, 1.650000000000016100 ) ;
#277 = LINE ( 'NONE', #1337, #210 ) ;
#278 = ORIENTED_EDGE ( 'NONE', *, *, #1293, .T. ) ;
#279 = EDGE_LOOP ( 'NONE', ( #964, #994, #1420, #1021 ) ) ;
#280 = CYLINDRICAL_SURFACE ( 'NONE', #376, 3.500000000000003100 ) ;
#281 = EDGE_CURVE ( 'NONE', #645, #267, #1320, .T. ) ;
#282 = ADVANCED_FACE ( 'NONE', ( #336 ), #1083, .F. ) ;
#283 = CARTESIAN_POINT ( 'NONE',  ( 123.4999999999993200, 5.000000000000000000, 145.5000000000000000 ) ) ;
#284 = ORIENTED_EDGE ( 'NONE', *, *, #224, .T. ) ;
#285 = CARTESIAN_POINT ( 'NONE',  ( 195.5000000000000000, -5.000000000000000000, 4.500000000000000900 ) ) ;
#286 = CARTESIAN_POINT ( 'NONE',  ( 247.5000000000000000, 5.000000000000000000, 11.04999999999998300 ) ) ;
#287 =( NAMED_UNIT ( * ) SI_UNIT ( $, .STERADIAN. ) SOLID_ANGLE_UNIT ( ) );
#288 = DIRECTION ( 'NONE',  ( 0.0000000000000000000, 1.000000000000000000, 0.0000000000000000000 ) ) ;
#289 = ORIENTED_EDGE ( 'NONE', *, *, #840, .T. ) ;
#290 =( LENGTH_UNIT ( ) NAMED_UNIT ( * ) SI_UNIT ( .MILLI., .METRE. ) );
#291 = CARTESIAN_POINT ( 'NONE',  ( -68.40040191508569500, 10.00000000000003400, 8.999999999999991100 ) ) ;
#292 = VERTEX_POINT ( 'NONE', #1187 ) ;
#293 = DIRECTION ( 'NONE',  ( 0.0000000000000000000, 1.000000000000000000, 0.0000000000000000000 ) ) ;
#294 = DIRECTION ( 'NONE',  ( -1.000000000000000000, 4.956352788505148500E-016, 0.0000000000000000000 ) ) ;
#295 = FACE_OUTER_BOUND ( 'NONE', #941, .T. ) ;
#296 = ORIENTED_EDGE ( 'NONE', *, *, #1422, .F. ) ;
#297 = COLOUR_RGB ( '',1.000000000000000000, 0.0000000000000000000, 0.0000000000000000000 ) ;
#298 = DIRECTION ( 'NONE',  ( -5.137129139784316200E-016, -1.000000000000000000, 0.0000000000000000000 ) ) ;
#299 = STYLED_ITEM ( 'NONE', ( #234 ), #1202 ) ;
#300 = CIRCLE ( 'NONE', #1138, 4.000000000000000000 ) ;
#301 = DIRECTION ( 'NONE',  ( -5.137129139784316200E-016, -1.000000000000000000, 0.0000000000000000000 ) ) ;
#302 =( NAMED_UNIT ( * ) PLANE_ANGLE_UNIT ( ) SI_UNIT ( $, .RADIAN. ) );
#303 = EDGE_LOOP ( 'NONE', ( #923, #68, #1059, #817 ) ) ;
#304 = CARTESIAN_POINT ( 'NONE',  ( -77.78097245096171300, 5.000000000000037300, 22.00000000000000000 ) ) ;
#305 = DIRECTION ( 'NONE',  ( 0.0000000000000000000, 0.0000000000000000000, 1.000000000000000000 ) ) ;
#306 = DIRECTION ( 'NONE',  ( -5.137129139784316200E-016, -1.000000000000000000, 0.0000000000000000000 ) ) ;
#307 = PLANE ( 'NONE',  #839 ) ;
#308 = EDGE_CURVE ( 'NONE', #869, #975, #100, .T. ) ;
#309 = LINE ( 'NONE', #626, #1074 ) ;
#310 = CARTESIAN_POINT ( 'NONE',  ( -55.78097245096172700, 2.767345606668920600E-014, -6.938893903907228400E-015 ) ) ;
#311 = AXIS2_PLACEMENT_3D ( 'NONE', #765, #83, #654 ) ;
#312 = DIRECTION ( 'NONE',  ( 0.0000000000000000000, 1.000000000000000000, 0.0000000000000000000 ) ) ;
#313 = ORIENTED_EDGE ( 'NONE', *, *, #160, .T. ) ;
#314 = VERTEX_POINT ( 'NONE', #637 ) ;
#315 = DIRECTION ( 'NONE',  ( -5.137129139784316200E-016, -1.000000000000000000, 0.0000000000000000000 ) ) ;
#316 =( LENGTH_UNIT ( ) NAMED_UNIT ( * ) SI_UNIT ( .MILLI., .METRE. ) );
#317 = CARTESIAN_POINT ( 'NONE',  ( -67.84097245096171500, 3.386883380926908400E-014, 15.55999999999999900 ) ) ;
#318 = SURFACE_SIDE_STYLE ('',( #1170 ) ) ;
#319 = FACE_OUTER_BOUND ( 'NONE', #1466, .T. ) ;
#320 = ORIENTED_EDGE ( 'NONE', *, *, #1357, .T. ) ;
#321 = ORIENTED_EDGE ( 'NONE', *, *, #140, .T. ) ;
#322 = CARTESIAN_POINT ( 'NONE',  ( 247.5000000000000000, -5.000000000000000000, 11.04999999999998300 ) ) ;
#323 = VECTOR ( 'NONE', #301, 1000.000000000000000 ) ;
#324 = LINE ( 'NONE', #784, #1029 ) ;
#325 = DIRECTION ( 'NONE',  ( 1.000000000000000000, 0.0000000000000000000, 0.0000000000000000000 ) ) ;
#326 = DIRECTION ( 'NONE',  ( 0.0000000000000000000, 1.000000000000000000, 0.0000000000000000000 ) ) ;
#327 = ORIENTED_EDGE ( 'NONE', *, *, #1433, .F. ) ;
#328 = DIRECTION ( 'NONE',  ( 0.0000000000000000000, 1.000000000000000000, 0.0000000000000000000 ) ) ;
#329 = AXIS2_PLACEMENT_3D ( 'NONE', #906, #206, #558 ) ;
#330 = EDGE_CURVE ( 'NONE', #895, #600, #876, .T. ) ;
#331 = LINE ( 'NONE', #888, #368 ) ;
#332 = CARTESIAN_POINT ( 'NONE',  ( -67.84097245096171500, 10.00000000000003400, -15.56000000000000200 ) ) ;
#333 = FILL_AREA_STYLE_COLOUR ( '', #371 ) ;
#334 = DIRECTION ( 'NONE',  ( 0.0000000000000000000, 0.0000000000000000000, 1.000000000000000000 ) ) ;
#335 = SURFACE_STYLE_FILL_AREA ( #472 ) ;
#336 = FACE_OUTER_BOUND ( 'NONE', #367, .T. ) ;
#337 = CARTESIAN_POINT ( 'NONE',  ( -74.84097245096171500, 3.746482420711811400E-014, -15.56000000000000200 ) ) ;
#338 =( GEOMETRIC_REPRESENTATION_CONTEXT ( 3 ) GLOBAL_UNCERTAINTY_ASSIGNED_CONTEXT ( ( #253 ) ) GLOBAL_UNIT_ASSIGNED_CONTEXT ( ( #1243, #554, #795 ) ) REPRESENTATION_CONTEXT ( 'NONE', 'WORKASPACE' ) );
#339 = EDGE_CURVE ( 'NONE', #748, #687, #240, .T. ) ;
#340 = DIRECTION ( 'NONE',  ( 0.0000000000000000000, 0.0000000000000000000, -1.000000000000000000 ) ) ;
#341 = DIRECTION ( 'NONE',  ( 4.932174826065553000E-016, 1.000000000000000000, 0.0000000000000000000 ) ) ;
#342 = LINE ( 'NONE', #304, #960 ) ;
#343 = AXIS2_PLACEMENT_3D ( 'NONE', #1482, #905, #556 ) ;
#344 = DIRECTION ( 'NONE',  ( 0.0000000000000000000, 0.0000000000000000000, 1.000000000000000000 ) ) ;
#345 = VERTEX_POINT ( 'NONE', #23 ) ;
#346 = VECTOR ( 'NONE', #1039, 1000.000000000000000 ) ;
#347 = FILL_AREA_STYLE ('',( #1493 ) ) ;
#348 = DIRECTION ( 'NONE',  ( -5.137129139784316200E-016, -1.000000000000000000, 0.0000000000000000000 ) ) ;
#349 = ORIENTED_EDGE ( 'NONE', *, *, #801, .F. ) ;
#350 = EDGE_LOOP ( 'NONE', ( #382, #161, #816, #555 ) ) ;
#351 = DIRECTION ( 'NONE',  ( 1.000000000000000000, -4.932174826065553000E-016, 0.0000000000000000000 ) ) ;
#352 = PRESENTATION_LAYER_ASSIGNMENT (  '', '', ( #1328 ) ) ;
#353 = UNCERTAINTY_MEASURE_WITH_UNIT (LENGTH_MEASURE( 1.000000000000000100E-005 ), #1180, 'distance_accuracy_value', 'NONE');
#354 = EDGE_CURVE ( 'NONE', #530, #292, #476, .T. ) ;
#355 = VECTOR ( 'NONE', #939, 1000.000000000000100 ) ;
#356 = VERTEX_POINT ( 'NONE', #137 ) ;
#357 = CARTESIAN_POINT ( 'NONE',  ( 247.5000000000000000, -5.000000000000000000, 12.69999999999999900 ) ) ;
#358 =( NAMED_UNIT ( * ) SI_UNIT ( $, .STERADIAN. ) SOLID_ANGLE_UNIT ( ) );
#359 = VECTOR ( 'NONE', #1241, 1000.000000000000000 ) ;
#360 = VECTOR ( 'NONE', #1341, 1000.000000000000000 ) ;
#361 = ORIENTED_EDGE ( 'NONE', *, *, #354, .T. ) ;
#362 = STYLED_ITEM ( 'NONE', ( #1194 ), #965 ) ;
#363 = FACE_BOUND ( 'NONE', #1109, .T. ) ;
#364 = DIRECTION ( 'NONE',  ( 0.0000000000000000000, 1.000000000000000000, 0.0000000000000000000 ) ) ;
#365 = ORIENTED_EDGE ( 'NONE', *, *, #776, .T. ) ;
#366 = AXIS2_PLACEMENT_3D ( 'NONE', #710, #10, #825 ) ;
#367 = EDGE_LOOP ( 'NONE', ( #543, #952, #942, #1139 ) ) ;
#368 = VECTOR ( 'NONE', #464, 1000.000000000000000 ) ;
#370 =( NAMED_UNIT ( * ) SI_UNIT ( $, .STERADIAN. ) SOLID_ANGLE_UNIT ( ) );
#369 = UNCERTAINTY_MEASURE_WITH_UNIT (LENGTH_MEASURE( 1.000000000000000100E-005 ), #1082, 'distance_accuracy_value', 'NONE');
#371 = COLOUR_RGB ( '',1.000000000000000000, 0.0000000000000000000, 0.0000000000000000000 ) ;
#372 = FACE_OUTER_BOUND ( 'NONE', #191, .T. ) ;
#373 = COLOUR_RGB ( '',1.000000000000000000, 0.0000000000000000000, 0.0000000000000000000 ) ;
#374 = ORIENTED_EDGE ( 'NONE', *, *, #1381, .F. ) ;
#375 = VERTEX_POINT ( 'NONE', #245 ) ;
#376 = AXIS2_PLACEMENT_3D ( 'NONE', #1291, #612, #752 ) ;
#377 = SURFACE_STYLE_USAGE ( .BOTH. , #485 ) ;
#378 = EDGE_CURVE ( 'NONE', #975, #236, #205, .T. ) ;
#379 = DIRECTION ( 'NONE',  ( 0.0000000000000000000, 0.0000000000000000000, 1.000000000000000000 ) ) ;
#380 = SURFACE_SIDE_STYLE ('',( #1365 ) ) ;
#381 = DIRECTION ( 'NONE',  ( 0.0000000000000000000, 1.000000000000000000, 0.0000000000000000000 ) ) ;
#382 = ORIENTED_EDGE ( 'NONE', *, *, #266, .T. ) ;
#383 = EDGE_CURVE ( 'NONE', #1026, #314, #918, .T. ) ;
#384 =( NAMED_UNIT ( * ) PLANE_ANGLE_UNIT ( ) SI_UNIT ( $, .RADIAN. ) );
#385 = ADVANCED_FACE ( 'NONE', ( #42 ), #1084, .F. ) ;
#386 = AXIS2_PLACEMENT_3D ( 'NONE', #659, #1444, #1203 ) ;
#387 = VECTOR ( 'NONE', #797, 1000.000000000000000 ) ;
#388 = CARTESIAN_POINT ( 'NONE',  ( 195.5000000000000000, 5.000000000000000000, -8.500000000000000000 ) ) ;
#389 = DIRECTION ( 'NONE',  ( 1.000000000000000000, -4.956352788505158300E-016, 0.0000000000000000000 ) ) ;
#390 = ORIENTED_EDGE ( 'NONE', *, *, #168, .F. ) ;
#391 = CIRCLE ( 'NONE', #535, 3.500000000000003100 ) ;
#392 = DIRECTION ( 'NONE',  ( 1.000000000000000000, 0.0000000000000000000, 0.0000000000000000000 ) ) ;
#393 =( LENGTH_UNIT ( ) NAMED_UNIT ( * ) SI_UNIT ( .MILLI., .METRE. ) );
#394 = ORIENTED_EDGE ( 'NONE', *, *, #727, .T. ) ;
#395 = PLANE ( 'NONE',  #750 ) ;
#396 = ORIENTED_EDGE ( 'NONE', *, *, #465, .F. ) ;
#397 = ADVANCED_FACE ( 'NONE', ( #165 ), #273, .F. ) ;
#398 = CARTESIAN_POINT ( 'NONE',  ( 252.0000000000000000, 5.000000000000000000, -16.99999999999996800 ) ) ;
#399 =( LENGTH_UNIT ( ) NAMED_UNIT ( * ) SI_UNIT ( .MILLI., .METRE. ) );
#400 = ORIENTED_EDGE ( 'NONE', *, *, #383, .T. ) ;
#401 = DIRECTION ( 'NONE',  ( -5.137129139784316200E-016, -1.000000000000000000, 0.0000000000000000000 ) ) ;
#402 = LINE ( 'NONE', #285, #1280 ) ;
#403 =( GEOMETRIC_REPRESENTATION_CONTEXT ( 3 ) GLOBAL_UNCERTAINTY_ASSIGNED_CONTEXT ( ( #502 ) ) GLOBAL_UNIT_ASSIGNED_CONTEXT ( ( #417, #1113, #517 ) ) REPRESENTATION_CONTEXT ( 'NONE', 'WORKASPACE' ) );
#404 = EDGE_CURVE ( 'NONE', #110, #435, #561, .T. ) ;
#405 = DIRECTION ( 'NONE',  ( -5.137129139784316200E-016, -1.000000000000000000, 0.0000000000000000000 ) ) ;
#406 = FACE_OUTER_BOUND ( 'NONE', #670, .T. ) ;
#407 = CARTESIAN_POINT ( 'NONE',  ( -40.22097245096171000, 10.00000000000002000, -15.56000000000000200 ) ) ;
#408 =( NAMED_UNIT ( * ) SI_UNIT ( $, .STERADIAN. ) SOLID_ANGLE_UNIT ( ) );
#409 = EDGE_LOOP ( 'NONE', ( #57, #914, #1079, #1383 ) ) ;
#410 = DIRECTION ( 'NONE',  ( 1.000000000000000000, 0.0000000000000000000, 0.0000000000000000000 ) ) ;
#411 = CARTESIAN_POINT ( 'NONE',  ( -77.78097245096171300, 10.00000000000003900, 8.999999999999989300 ) ) ;
#412 = EDGE_CURVE ( 'NONE', #1033, #110, #1157, .T. ) ;
#413 = ORIENTED_EDGE ( 'NONE', *, *, #871, .F. ) ;
#414 = FILL_AREA_STYLE_COLOUR ( '', #1103 ) ;
#415 = FILL_AREA_STYLE ('',( #1449 ) ) ;
#416 = VECTOR ( 'NONE', #694, 1000.000000000000000 ) ;
#417 =( LENGTH_UNIT ( ) NAMED_UNIT ( * ) SI_UNIT ( .MILLI., .METRE. ) );
#418 = CIRCLE ( 'NONE', #27, 4.000000000000000000 ) ;
#419 = AXIS2_PLACEMENT_3D ( 'NONE', #357, #726, #22 ) ;
#420 = CARTESIAN_POINT ( 'NONE',  ( 247.5000000000000000, 5.000000000000000000, 12.69999999999999900 ) ) ;
#421 = VERTEX_POINT ( 'NONE', #627 ) ;
#422 = ORIENTED_EDGE ( 'NONE', *, *, #122, .F. ) ;
#423 = DIRECTION ( 'NONE',  ( -1.000000000000000000, 5.036293962513305800E-016, 0.0000000000000000000 ) ) ;
#424 = FACE_OUTER_BOUND ( 'NONE', #437, .T. ) ;
#425 = DIRECTION ( 'NONE',  ( -5.137129139784316200E-016, -1.000000000000000000, 0.0000000000000000000 ) ) ;
#426 = DIRECTION ( 'NONE',  ( 0.0000000000000000000, 1.000000000000000000, 0.0000000000000000000 ) ) ;
#427 = MECHANICAL_DESIGN_GEOMETRIC_PRESENTATION_REPRESENTATION (  '', ( #1328 ), #907 ) ;
#428 = VECTOR ( 'NONE', #803, 1000.000000000000000 ) ;
#429 = LINE ( 'NONE', #177, #12 ) ;
#430 = ORIENTED_EDGE ( 'NONE', *, *, #1357, .F. ) ;
#431 = VERTEX_POINT ( 'NONE', #1424 ) ;
#432 =( NAMED_UNIT ( * ) PLANE_ANGLE_UNIT ( ) SI_UNIT ( $, .RADIAN. ) );
#433 = SURFACE_STYLE_USAGE ( .BOTH. , #695 ) ;
#434 = MECHANICAL_DESIGN_GEOMETRIC_PRESENTATION_REPRESENTATION (  '', ( #1151 ), #338 ) ;
#435 = VERTEX_POINT ( 'NONE', #749 ) ;
#436 = AXIS2_PLACEMENT_3D ( 'NONE', #969, #1211, #1327 ) ;
#437 = EDGE_LOOP ( 'NONE', ( #1069, #55, #720, #461 ) ) ;
#438 =( NAMED_UNIT ( * ) SI_UNIT ( $, .STERADIAN. ) SOLID_ANGLE_UNIT ( ) );
#439 = VECTOR ( 'NONE', #586, 1000.000000000000000 ) ;
#440 = DIRECTION ( 'NONE',  ( -5.137129139784316200E-016, -1.000000000000000000, 0.0000000000000000000 ) ) ;
#441 = DIRECTION ( 'NONE',  ( 5.053215498074302900E-016, 1.000000000000000000, 0.0000000000000000000 ) ) ;
#442 = EDGE_CURVE ( 'NONE', #1372, #1080, #1423, .T. ) ;
#443 = CARTESIAN_POINT ( 'NONE',  ( 195.5000000000000000, -5.000000000000000000, -4.500000000000000900 ) ) ;
#444 = LINE ( 'NONE', #1179, #1319 ) ;
#445 = SURFACE_STYLE_USAGE ( .BOTH. , #814 ) ;
#446 = SURFACE_STYLE_USAGE ( .BOTH. , #1127 ) ;
#447 =( GEOMETRIC_REPRESENTATION_CONTEXT ( 3 ) GLOBAL_UNCERTAINTY_ASSIGNED_CONTEXT ( ( #640 ) ) GLOBAL_UNIT_ASSIGNED_CONTEXT ( ( #1278, #252, #370 ) ) REPRESENTATION_CONTEXT ( 'NONE', 'WORKASPACE' ) );
#448 = CARTESIAN_POINT ( 'NONE',  ( -36.72097245096171700, 1.788208792626029400E-014, 15.55999999999999200 ) ) ;
#449 = DIRECTION ( 'NONE',  ( 1.000000000000000000, -5.137129139784334000E-016, 0.0000000000000000000 ) ) ;
#450 = FILL_AREA_STYLE_COLOUR ( '', #1 ) ;
#451 = ORIENTED_EDGE ( 'NONE', *, *, #776, .F. ) ;
#452 = EDGE_LOOP ( 'NONE', ( #1266, #19, #394, #717 ) ) ;
#453 = CARTESIAN_POINT ( 'NONE',  ( 0.0000000000000000000, 0.0000000000000000000, -4.500000000000000900 ) ) ;
#454 = DIRECTION ( 'NONE',  ( 5.053215498074302900E-016, 1.000000000000000000, 0.0000000000000000000 ) ) ;
#455 = ORIENTED_EDGE ( 'NONE', *, *, #281, .T. ) ;
#456 = AXIS2_PLACEMENT_3D ( 'NONE', #853, #1181, #1078 ) ;
#457 = EDGE_CURVE ( 'NONE', #1495, #112, #1015, .T. ) ;
#458 = VERTEX_POINT ( 'NONE', #398 ) ;
#459 = CIRCLE ( 'NONE', #949, 3.500000000000003100 ) ;
#460 = UNCERTAINTY_MEASURE_WITH_UNIT (LENGTH_MEASURE( 1.000000000000000100E-005 ), #126, 'distance_accuracy_value', 'NONE');
#461 = ORIENTED_EDGE ( 'NONE', *, *, #607, .F. ) ;
#462 = VECTOR ( 'NONE', #1153, 1000.000000000000000 ) ;
#463 = AXIS2_PLACEMENT_3D ( 'NONE', #1286, #1402, #26 ) ;
#464 = DIRECTION ( 'NONE',  ( 0.0000000000000000000, -1.000000000000000000, 0.0000000000000000000 ) ) ;
#465 = EDGE_CURVE ( 'NONE', #824, #458, #444, .T. ) ;
#466 = COLOUR_RGB ( '',1.000000000000000000, 0.0000000000000000000, 0.0000000000000000000 ) ;
#467 = DIRECTION ( 'NONE',  ( 1.000000000000000000, -5.595882180570340200E-016, 0.0000000000000000000 ) ) ;
#468 = MECHANICAL_DESIGN_GEOMETRIC_PRESENTATION_REPRESENTATION (  '', ( #1105 ), #178 ) ;
#469 = ORIENTED_EDGE ( 'NONE', *, *, #114, .F. ) ;
#470 = ORIENTED_EDGE ( 'NONE', *, *, #881, .F. ) ;
#471 = DIRECTION ( 'NONE',  ( 1.000000000000000000, 0.0000000000000000000, 0.0000000000000000000 ) ) ;
#472 = FILL_AREA_STYLE ('',( #1156 ) ) ;
#473 = ORIENTED_EDGE ( 'NONE', *, *, #71, .F. ) ;
#474 = CIRCLE ( 'NONE', #1172, 3.500000000000003100 ) ;
#475 =( NAMED_UNIT ( * ) PLANE_ANGLE_UNIT ( ) SI_UNIT ( $, .RADIAN. ) );
#476 = LINE ( 'NONE', #20, #957 ) ;
#477 = CARTESIAN_POINT ( 'NONE',  ( 200.5000000000000000, -5.000000000000000000, -4.500000000000000900 ) ) ;
#478 = VECTOR ( 'NONE', #410, 1000.000000000000000 ) ;
#479 = LINE ( 'NONE', #283, #46 ) ;
#480 =( GEOMETRIC_REPRESENTATION_CONTEXT ( 3 ) GLOBAL_UNCERTAINTY_ASSIGNED_CONTEXT ( ( #31 ) ) GLOBAL_UNIT_ASSIGNED_CONTEXT ( ( #989, #302, #533 ) ) REPRESENTATION_CONTEXT ( 'NONE', 'WORKASPACE' ) );
#481 = ORIENTED_EDGE ( 'NONE', *, *, #442, .T. ) ;
#482 = EDGE_CURVE ( 'NONE', #869, #572, #402, .T. ) ;
#483 = CIRCLE ( 'NONE', #897, 3.500000000000010200 ) ;
#484 = FACE_OUTER_BOUND ( 'NONE', #1395, .T. ) ;
#485 = SURFACE_SIDE_STYLE ('',( #1192 ) ) ;
#486 = EDGE_CURVE ( 'NONE', #572, #606, #974, .T. ) ;
#487 = ORIENTED_EDGE ( 'NONE', *, *, #36, .F. ) ;
#488 = LINE ( 'NONE', #582, #439 ) ;
#489 = AXIS2_PLACEMENT_3D ( 'NONE', #529, #542, #1465 ) ;
#490 = CYLINDRICAL_SURFACE ( 'NONE', #779, 15.50000000000001400 ) ;
#491 = PRESENTATION_STYLE_ASSIGNMENT (( #446 ) ) ;
#492 = DIRECTION ( 'NONE',  ( -5.137129139784316200E-016, -1.000000000000000000, 0.0000000000000000000 ) ) ;
#493 = VERTEX_POINT ( 'NONE', #769 ) ;
#494 = ADVANCED_FACE ( 'NONE', ( #719 ), #551, .F. ) ;
#495 = DIRECTION ( 'NONE',  ( 0.7071067811865507900, -3.487574265508549300E-016, 0.7071067811865441300 ) ) ;
#496 = ORIENTED_EDGE ( 'NONE', *, *, #378, .F. ) ;
#497 = EDGE_LOOP ( 'NONE', ( #1339, #451, #1123, #149 ) ) ;
#498 = PLANE ( 'NONE',  #1129 ) ;
#499 = AXIS2_PLACEMENT_3D ( 'NONE', #47, #1176, #270 ) ;
#500 = EDGE_CURVE ( 'NONE', #375, #1002, #686, .T. ) ;
#501 =( NAMED_UNIT ( * ) SI_UNIT ( $, .STERADIAN. ) SOLID_ANGLE_UNIT ( ) );
#502 = UNCERTAINTY_MEASURE_WITH_UNIT (LENGTH_MEASURE( 1.000000000000000100E-005 ), #417, 'distance_accuracy_value', 'NONE');
#503 = ORIENTED_EDGE ( 'NONE', *, *, #1032, .T. ) ;
#504 = ORIENTED_EDGE ( 'NONE', *, *, #993, .T. ) ;
#505 = ADVANCED_FACE ( 'NONE', ( #295 ), #4, .T. ) ;
#506 = DIRECTION ( 'NONE',  ( 0.0000000000000000000, 0.0000000000000000000, 1.000000000000000000 ) ) ;
#507 = CARTESIAN_POINT ( 'NONE',  ( 200.5000000000000000, -5.000000000000000000, -12.50000000000000000 ) ) ;
#508 =( NAMED_UNIT ( * ) PLANE_ANGLE_UNIT ( ) SI_UNIT ( $, .RADIAN. ) );
#509 = VERTEX_POINT ( 'NONE', #1158 ) ;
#510 = LINE ( 'NONE', #3, #94 ) ;
#511 = ORIENTED_EDGE ( 'NONE', *, *, #1404, .F. ) ;
#512 = FILL_AREA_STYLE ('',( #996 ) ) ;
#513 = CARTESIAN_POINT ( 'NONE',  ( -77.78097245096171300, 10.00000000000003900, 8.999999999999989300 ) ) ;
#514 = AXIS2_PLACEMENT_3D ( 'NONE', #857, #38, #156 ) ;
#515 = DIRECTION ( 'NONE',  ( 0.0000000000000000000, 0.0000000000000000000, 1.000000000000000000 ) ) ;
#516 = ADVANCED_FACE ( 'NONE', ( #1168 ), #490, .F. ) ;
#517 =( NAMED_UNIT ( * ) SI_UNIT ( $, .STERADIAN. ) SOLID_ANGLE_UNIT ( ) );
#518 =( NAMED_UNIT ( * ) SI_UNIT ( $, .STERADIAN. ) SOLID_ANGLE_UNIT ( ) );
#519 = VECTOR ( 'NONE', #441, 1000.000000000000000 ) ;
#520 = DIRECTION ( 'NONE',  ( -1.849272887339157900E-016, 9.499953636963067200E-032, 1.000000000000000000 ) ) ;
#521 = SURFACE_STYLE_FILL_AREA ( #875 ) ;
#522 = CARTESIAN_POINT ( 'NONE',  ( -71.34097245096171500, 5.000000000000033800, 15.55999999999999900 ) ) ;
#523 = VERTEX_POINT ( 'NONE', #921 ) ;
#524 = EDGE_CURVE ( 'NONE', #421, #935, #226, .T. ) ;
#525 = VECTOR ( 'NONE', #184, 1000.000000000000000 ) ;
#526 = AXIS2_PLACEMENT_3D ( 'NONE', #620, #298, #991 ) ;
#527 = ADVANCED_FACE ( 'NONE', ( #424 ), #1012, .F. ) ;
#528 = SURFACE_SIDE_STYLE ('',( #521 ) ) ;
#529 = CARTESIAN_POINT ( 'NONE',  ( 246.9999999999999400, 9.999999999999996400, -22.00000000000000000 ) ) ;
#530 = VERTEX_POINT ( 'NONE', #796 ) ;
#531 = VECTOR ( 'NONE', #1386, 1000.000000000000000 ) ;
#532 =( LENGTH_UNIT ( ) NAMED_UNIT ( * ) SI_UNIT ( .MILLI., .METRE. ) );
#533 =( NAMED_UNIT ( * ) SI_UNIT ( $, .STERADIAN. ) SOLID_ANGLE_UNIT ( ) );
#534 = CIRCLE ( 'NONE', #809, 4.000000000000000000 ) ;
#535 = AXIS2_PLACEMENT_3D ( 'NONE', #1108, #405, #766 ) ;
#536 = EDGE_CURVE ( 'NONE', #878, #895, #534, .T. ) ;
#537 = DIRECTION ( 'NONE',  ( 0.0000000000000000000, 0.0000000000000000000, -1.000000000000000000 ) ) ;
#538 = CARTESIAN_POINT ( 'NONE',  ( -68.40040191508569500, 3.415621994944960600E-014, -9.000000000000007100 ) ) ;
#539 = CARTESIAN_POINT ( 'NONE',  ( -71.34097245096171500, 10.00000000000003600, -15.56000000000000200 ) ) ;
#540 = ORIENTED_EDGE ( 'NONE', *, *, #898, .T. ) ;
#541 = SURFACE_SIDE_STYLE ('',( #1483 ) ) ;
#542 = DIRECTION ( 'NONE',  ( -0.7071067811865456900, 0.0000000000000000000, 0.7071067811865494600 ) ) ;
#543 = ORIENTED_EDGE ( 'NONE', *, *, #500, .F. ) ;
#544 = DIRECTION ( 'NONE',  ( 0.0000000000000000000, 1.000000000000000000, 0.0000000000000000000 ) ) ;
#545 = EDGE_CURVE ( 'NONE', #236, #1048, #772, .T. ) ;
#546 = FACE_OUTER_BOUND ( 'NONE', #218, .T. ) ;
#547 = FILL_AREA_STYLE ('',( #653 ) ) ;
#548 = CARTESIAN_POINT ( 'NONE',  ( -77.78097245096171300, 3.721253307623333300E-014, 22.00000000000000000 ) ) ;
#549 = AXIS2_PLACEMENT_3D ( 'NONE', #310, #425, #1231 ) ;
#550 = COLOUR_RGB ( '',1.000000000000000000, 0.0000000000000000000, 0.0000000000000000000 ) ;
#551 = PLANE ( 'NONE',  #1175 ) ;
#552 = CARTESIAN_POINT ( 'NONE',  ( -77.78097245096171300, 5.000000000000037300, 22.00000000000000000 ) ) ;
#553 = CARTESIAN_POINT ( 'NONE',  ( 252.0000000000000000, 5.000000000000000000, 17.00000000000002100 ) ) ;
#554 =( NAMED_UNIT ( * ) PLANE_ANGLE_UNIT ( ) SI_UNIT ( $, .RADIAN. ) );
#555 = ORIENTED_EDGE ( 'NONE', *, *, #1387, .F. ) ;
#556 = DIRECTION ( 'NONE',  ( 5.053215498074302900E-016, 1.000000000000000000, 0.0000000000000000000 ) ) ;
#557 = CARTESIAN_POINT ( 'NONE',  ( 0.0000000000000000000, 0.0000000000000000000, -12.50000000000000400 ) ) ;
#558 = DIRECTION ( 'NONE',  ( 1.000000000000000000, -4.956352788505148500E-016, 0.0000000000000000000 ) ) ;
#559 = ORIENTED_EDGE ( 'NONE', *, *, #378, .T. ) ;
#560 = CARTESIAN_POINT ( 'NONE',  ( 247.5000000000000000, 0.0000000000000000000, -12.69999999999999900 ) ) ;
#561 = LINE ( 'NONE', #143, #1475 ) ;
#562 = DIRECTION ( 'NONE',  ( -1.000000000000000000, 4.932174826065553000E-016, 0.0000000000000000000 ) ) ;
#563 = CARTESIAN_POINT ( 'NONE',  ( -68.40040191508569500, 10.00000000000003400, -9.000000000000007100 ) ) ;
#564 = ORIENTED_EDGE ( 'NONE', *, *, #209, .T. ) ;
#565 = CARTESIAN_POINT ( 'NONE',  ( -77.78097245096171300, 5.000000000000037300, -22.00000000000000000 ) ) ;
#566 = FACE_BOUND ( 'NONE', #823, .T. ) ;
#567 = DIRECTION ( 'NONE',  ( 0.0000000000000000000, 0.0000000000000000000, 1.000000000000000000 ) ) ;
#568 = CIRCLE ( 'NONE', #1254, 3.500000000000010200 ) ;
#569 = CARTESIAN_POINT ( 'NONE',  ( -71.34097245096171500, 5.000000000000033800, -15.56000000000000200 ) ) ;
#570 = PRESENTATION_LAYER_ASSIGNMENT (  '', '', ( #725 ) ) ;
#571 = EDGE_CURVE ( 'NONE', #737, #1230, #1037, .T. ) ;
#572 = VERTEX_POINT ( 'NONE', #1471 ) ;
#573 = ORIENTED_EDGE ( 'NONE', *, *, #1032, .F. ) ;
#574 = STYLED_ITEM ( 'NONE', ( #148 ), #282 ) ;
#575 = EDGE_CURVE ( 'NONE', #70, #509, #459, .T. ) ;
#576 = LINE ( 'NONE', #775, #478 ) ;
#577 = DIRECTION ( 'NONE',  ( -5.137129139784316200E-016, -1.000000000000000000, 0.0000000000000000000 ) ) ;
#578 = UNCERTAINTY_MEASURE_WITH_UNIT (LENGTH_MEASURE( 1.000000000000000100E-005 ), #850, 'distance_accuracy_value', 'NONE');
#579 = DIRECTION ( 'NONE',  ( 4.932174826065553000E-016, 1.000000000000000000, 0.0000000000000000000 ) ) ;
#580 = VERTEX_POINT ( 'NONE', #1128 ) ;
#581 = ORIENTED_EDGE ( 'NONE', *, *, #209, .F. ) ;
#582 = CARTESIAN_POINT ( 'NONE',  ( 0.0000000000000000000, 0.0000000000000000000, 4.500000000000000900 ) ) ;
#583 = SURFACE_STYLE_FILL_AREA ( #1235 ) ;
#584 = DIRECTION ( 'NONE',  ( -1.000000000000000000, 0.0000000000000000000, 0.0000000000000000000 ) ) ;
#585 = VERTEX_POINT ( 'NONE', #1353 ) ;
#586 = DIRECTION ( 'NONE',  ( -1.000000000000000000, 0.0000000000000000000, 0.0000000000000000000 ) ) ;
#587 = AXIS2_PLACEMENT_3D ( 'NONE', #522, #1447, #873 ) ;
#588 = EDGE_CURVE ( 'NONE', #835, #878, #811, .T. ) ;
#589 = ORIENTED_EDGE ( 'NONE', *, *, #1149, .T. ) ;
#590 = VECTOR ( 'NONE', #1338, 1000.000000000000000 ) ;
#591 = ORIENTED_EDGE ( 'NONE', *, *, #1271, .F. ) ;
#592 = PRESENTATION_STYLE_ASSIGNMENT (( #377 ) ) ;
#593 = PRESENTATION_LAYER_ASSIGNMENT (  '', '', ( #885 ) ) ;
#594 = VERTEX_POINT ( 'NONE', #448 ) ;
#595 = CARTESIAN_POINT ( 'NONE',  ( 3.219027549038280300, 9.999999999999996400, 22.00000000000000000 ) ) ;
#596 = LINE ( 'NONE', #411, #936 ) ;
#597 = PRESENTATION_STYLE_ASSIGNMENT (( #1294 ) ) ;
#598 = EDGE_CURVE ( 'NONE', #585, #1163, #1040, .T. ) ;
#599 = FILL_AREA_STYLE_COLOUR ( '', #858 ) ;
#600 = VERTEX_POINT ( 'NONE', #900 ) ;
#601 = LINE ( 'NONE', #115, #531 ) ;
#602 = PRODUCT_DEFINITION ( '未知', '', #1484, #1302 ) ;
#603 = CIRCLE ( 'NONE', #973, 1.650000000000016100 ) ;
#604 = ADVANCED_FACE ( 'NONE', ( #1452 ), #276, .F. ) ;
#605 = VECTOR ( 'NONE', #1354, 1000.000000000000000 ) ;
#606 = VERTEX_POINT ( 'NONE', #204 ) ;
#607 = EDGE_CURVE ( 'NONE', #314, #530, #227, .T. ) ;
#608 = ADVANCED_FACE ( 'NONE', ( #319 ), #92, .T. ) ;
#609 = SURFACE_STYLE_USAGE ( .BOTH. , #380 ) ;
#610 = CYLINDRICAL_SURFACE ( 'NONE', #139, 4.000000000000000000 ) ;
#611 = DIRECTION ( 'NONE',  ( -5.137129139784316200E-016, -1.000000000000000000, 0.0000000000000000000 ) ) ;
#612 = DIRECTION ( 'NONE',  ( -5.137129139784316200E-016, -1.000000000000000000, 0.0000000000000000000 ) ) ;
#613 = EDGE_CURVE ( 'NONE', #878, #435, #1410, .T. ) ;
#614 = DIRECTION ( 'NONE',  ( -5.137129139784316200E-016, -1.000000000000000000, 0.0000000000000000000 ) ) ;
#615 = ORIENTED_EDGE ( 'NONE', *, *, #929, .T. ) ;
#616 = PRESENTATION_LAYER_ASSIGNMENT (  '', '', ( #124 ) ) ;
#617 =( NAMED_UNIT ( * ) PLANE_ANGLE_UNIT ( ) SI_UNIT ( $, .RADIAN. ) );
#618 = DIRECTION ( 'NONE',  ( -5.137129139784316200E-016, -1.000000000000000000, 0.0000000000000000000 ) ) ;
#619 = ADVANCED_FACE ( 'NONE', ( #859 ), #1107, .F. ) ;
#620 = CARTESIAN_POINT ( 'NONE',  ( -71.34097245096171500, 10.00000000000003600, 15.55999999999999900 ) ) ;
#621 = DIRECTION ( 'NONE',  ( 0.0000000000000000000, 0.0000000000000000000, 1.000000000000000000 ) ) ;
#622 = AXIS2_PLACEMENT_3D ( 'NONE', #860, #401, #1208 ) ;
#623 = CARTESIAN_POINT ( 'NONE',  ( -74.78097245096171300, 3.573288062841366100E-014, 22.00000000000000000 ) ) ;
#624 = SURFACE_STYLE_FILL_AREA ( #512 ) ;
#625 = VERTEX_POINT ( 'NONE', #134 ) ;
#626 = CARTESIAN_POINT ( 'NONE',  ( 195.5000000000000000, -5.000000000000000000, -12.50000000000000000 ) ) ;
#627 = CARTESIAN_POINT ( 'NONE',  ( -67.84097245096171500, 5.000000000000032000, 15.55999999999999900 ) ) ;
#628 = EDGE_LOOP ( 'NONE', ( #761, #135, #455, #1312 ) ) ;
#629 = CARTESIAN_POINT ( 'NONE',  ( 195.5000000000000000, -5.000000000000000000, 8.500000000000000000 ) ) ;
#630 = DIRECTION ( 'NONE',  ( 1.000000000000000000, 0.0000000000000000000, 0.0000000000000000000 ) ) ;
#631 = AXIS2_PLACEMENT_3D ( 'NONE', #1370, #683, #902 ) ;
#632 = VECTOR ( 'NONE', #264, 1000.000000000000000 ) ;
#633 = CARTESIAN_POINT ( 'NONE',  ( 247.5000000000000000, 0.0000000000000000000, -11.04999999999998300 ) ) ;
#634 = SURFACE_STYLE_FILL_AREA ( #1249 ) ;
#635 = EDGE_LOOP ( 'NONE', ( #741, #708, #193, #903 ) ) ;
#636 = CARTESIAN_POINT ( 'NONE',  ( 252.0000000000000000, 0.0000000000000000000, 17.00000000000002100 ) ) ;
#637 = CARTESIAN_POINT ( 'NONE',  ( -77.78097245096171300, 3.721253307623333300E-014, 19.00000000000002500 ) ) ;
#638 =( NAMED_UNIT ( * ) PLANE_ANGLE_UNIT ( ) SI_UNIT ( $, .RADIAN. ) );
#639 = ORIENTED_EDGE ( 'NONE', *, *, #500, .T. ) ;
#640 = UNCERTAINTY_MEASURE_WITH_UNIT (LENGTH_MEASURE( 1.000000000000000100E-005 ), #1278, 'distance_accuracy_value', 'NONE');
#641 = LINE ( 'NONE', #738, #1100 ) ;
#642 = MECHANICAL_DESIGN_GEOMETRIC_PRESENTATION_REPRESENTATION (  '', ( #1403 ), #870 ) ;
#643 = EDGE_CURVE ( 'NONE', #127, #691, #1478, .T. ) ;
#644 = DIRECTION ( 'NONE',  ( 4.932174826065553000E-016, 1.000000000000000000, 0.0000000000000000000 ) ) ;
#645 = VERTEX_POINT ( 'NONE', #780 ) ;
#646 = DIRECTION ( 'NONE',  ( 0.0000000000000000000, 0.0000000000000000000, -1.000000000000000000 ) ) ;
#647 = SURFACE_STYLE_FILL_AREA ( #1197 ) ;
#648 = LINE ( 'NONE', #896, #1171 ) ;
#649 = DIRECTION ( 'NONE',  ( 1.000000000000000000, -4.932174826065553000E-016, 0.0000000000000000000 ) ) ;
#650 =( GEOMETRIC_REPRESENTATION_CONTEXT ( 3 ) GLOBAL_UNCERTAINTY_ASSIGNED_CONTEXT ( ( #911 ) ) GLOBAL_UNIT_ASSIGNED_CONTEXT ( ( #101, #1018, #1062 ) ) REPRESENTATION_CONTEXT ( 'NONE', 'WORKASPACE' ) );
#651 = SURFACE_STYLE_USAGE ( .BOTH. , #1217 ) ;
#652 = EDGE_LOOP ( 'NONE', ( #1287, #321, #938, #496 ) ) ;
#653 = FILL_AREA_STYLE_COLOUR ( '', #696 ) ;
#654 = DIRECTION ( 'NONE',  ( -1.000000000000000000, 4.956352788505148500E-016, 0.0000000000000000000 ) ) ;
#655 = MECHANICAL_DESIGN_GEOMETRIC_PRESENTATION_REPRESENTATION (  '', ( #731 ), #1261 ) ;
#656 = CARTESIAN_POINT ( 'NONE',  ( 247.5000000000000000, 5.000000000000000000, -12.69999999999999900 ) ) ;
#657 = CARTESIAN_POINT ( 'NONE',  ( -98.28097245096171300, 5.000000000000048000, 1.500000000000192100 ) ) ;
#658 = ORIENTED_EDGE ( 'NONE', *, *, #114, .T. ) ;
#659 = CARTESIAN_POINT ( 'NONE',  ( -71.34097245096171500, 5.000000000000033800, -15.56000000000000200 ) ) ;
#660 = ORIENTED_EDGE ( 'NONE', *, *, #229, .F. ) ;
#661 = DIRECTION ( 'NONE',  ( 0.0000000000000000000, 0.0000000000000000000, 1.000000000000000000 ) ) ;
#662 = DIRECTION ( 'NONE',  ( -5.137129139784316200E-016, -1.000000000000000000, 0.0000000000000000000 ) ) ;
#663 = STYLED_ITEM ( 'NONE', ( #892 ), #1060 ) ;
#664 = EDGE_CURVE ( 'NONE', #1363, #458, #188, .T. ) ;
#665 = CARTESIAN_POINT ( 'NONE',  ( 247.5000000000000000, -5.000000000000000000, 14.35000000000001600 ) ) ;
#666 = LINE ( 'NONE', #552, #359 ) ;
#667 = CIRCLE ( 'NONE', #233, 1.650000000000016100 ) ;
#668 = ORIENTED_EDGE ( 'NONE', *, *, #266, .F. ) ;
#669 =( NAMED_UNIT ( * ) PLANE_ANGLE_UNIT ( ) SI_UNIT ( $, .RADIAN. ) );
#670 = EDGE_LOOP ( 'NONE', ( #854, #320, #615, #141 ) ) ;
#671 = FACE_BOUND ( 'NONE', #1442, .T. ) ;
#672 = DIRECTION ( 'NONE',  ( 0.0000000000000000000, 0.0000000000000000000, 1.000000000000000000 ) ) ;
#673 = PRESENTATION_LAYER_ASSIGNMENT (  '', '', ( #362 ) ) ;
#674 = FACE_OUTER_BOUND ( 'NONE', #409, .T. ) ;
#675 = FILL_AREA_STYLE_COLOUR ( '', #466 ) ;
#676 = DIRECTION ( 'NONE',  ( -5.137129139784316200E-016, -1.000000000000000000, 0.0000000000000000000 ) ) ;
#677 = EDGE_LOOP ( 'NONE', ( #511, #400, #1044, #1196, #700, #743, #573, #1304, #228, #1222, #887, #86, #1144 ) ) ;
#678 = CARTESIAN_POINT ( 'NONE',  ( 145.4999999999992600, 5.000000000000000000, -123.5000000000000900 ) ) ;
#679 = ORIENTED_EDGE ( 'NONE', *, *, #821, .T. ) ;
#680 = DIRECTION ( 'NONE',  ( -5.137129139784316200E-016, -1.000000000000000000, 0.0000000000000000000 ) ) ;
#681 = VECTOR ( 'NONE', #1036, 1000.000000000000000 ) ;
#682 = EDGE_CURVE ( 'NONE', #345, #1495, #666, .T. ) ;
#683 = DIRECTION ( 'NONE',  ( 0.0000000000000000000, 1.000000000000000000, 0.0000000000000000000 ) ) ;
#684 = STYLED_ITEM ( 'NONE', ( #82 ), #516 ) ;
#685 = SURFACE_SIDE_STYLE ('',( #1369 ) ) ;
#686 = LINE ( 'NONE', #1258, #62 ) ;
#687 = VERTEX_POINT ( 'NONE', #1355 ) ;
#688 = CARTESIAN_POINT ( 'NONE',  ( -40.22097245096171700, 5.000000000000019500, -15.56000000000000200 ) ) ;
#689 = CARTESIAN_POINT ( 'NONE',  ( 247.5000000000000000, -5.000000000000000000, -12.69999999999999900 ) ) ;
#690 = CARTESIAN_POINT ( 'NONE',  ( -77.78097245096171300, 3.721253307623333300E-014, 22.00000000000000000 ) ) ;
#691 = VERTEX_POINT ( 'NONE', #337 ) ;
#692 = ADVANCED_BREP_SHAPE_REPRESENTATION ( 'Q235-5.0-BAN8-N10', ( #1042, #1110 ), #863 ) ;
#693 = ORIENTED_EDGE ( 'NONE', *, *, #36, .T. ) ;
#694 = DIRECTION ( 'NONE',  ( 0.0000000000000000000, 1.000000000000000000, 0.0000000000000000000 ) ) ;
#695 = SURFACE_SIDE_STYLE ('',( #634 ) ) ;
#696 = COLOUR_RGB ( '',1.000000000000000000, 0.0000000000000000000, 0.0000000000000000000 ) ;
#697 = AXIS2_PLACEMENT_3D ( 'NONE', #972, #72, #1345 ) ;
#698 = EDGE_CURVE ( 'NONE', #687, #1230, #739, .T. ) ;
#699 = DIRECTION ( 'NONE',  ( -1.000000000000000000, 4.956352788505158300E-016, 0.0000000000000000000 ) ) ;
#700 = ORIENTED_EDGE ( 'NONE', *, *, #898, .F. ) ;
#701 = CARTESIAN_POINT ( 'NONE',  ( -71.34097245096171500, 3.566682900819359300E-014, 15.55999999999999900 ) ) ;
#702 = EDGE_CURVE ( 'NONE', #1089, #824, #1347, .T. ) ;
#703 = STYLED_ITEM ( 'NONE', ( #982 ), #953 ) ;
#704 = DIRECTION ( 'NONE',  ( -5.137129139784316200E-016, -1.000000000000000000, 0.0000000000000000000 ) ) ;
#705 = PRESENTATION_STYLE_ASSIGNMENT (( #1052 ) ) ;
#706 = FACE_OUTER_BOUND ( 'NONE', #1359, .T. ) ;
#707 = ORIENTED_EDGE ( 'NONE', *, *, #1441, .T. ) ;
#708 = ORIENTED_EDGE ( 'NONE', *, *, #412, .T. ) ;
#709 = ORIENTED_EDGE ( 'NONE', *, *, #1329, .T. ) ;
#710 = CARTESIAN_POINT ( 'NONE',  ( 195.5000000000000000, -5.000000000000000000, 4.500000000000000900 ) ) ;
#711 = CARTESIAN_POINT ( 'NONE',  ( -55.78097245096172700, 2.767345606668920600E-014, -6.938893903907228400E-015 ) ) ;
#712 = CIRCLE ( 'NONE', #1432, 4.000000000000000000 ) ;
#713 = CARTESIAN_POINT ( 'NONE',  ( -55.78097245096172700, 10.00000000000002800, -6.938893903907228400E-015 ) ) ;
#714 = ORIENTED_EDGE ( 'NONE', *, *, #524, .T. ) ;
#715 = EDGE_LOOP ( 'NONE', ( #591, #93, #714, #693 ) ) ;
#716 = CARTESIAN_POINT ( 'NONE',  ( -71.34097245096171500, 3.566682900819359300E-014, -15.56000000000000200 ) ) ;
#717 = ORIENTED_EDGE ( 'NONE', *, *, #571, .T. ) ;
#718 = VECTOR ( 'NONE', #584, 1000.000000000000000 ) ;
#719 = FACE_OUTER_BOUND ( 'NONE', #28, .T. ) ;
#720 = ORIENTED_EDGE ( 'NONE', *, *, #354, .F. ) ;
#721 = ORIENTED_EDGE ( 'NONE', *, *, #536, .T. ) ;
#722 = LINE ( 'NONE', #819, #462 ) ;
#723 = PRESENTATION_STYLE_ASSIGNMENT (( #1140 ) ) ;
#724 = DIRECTION ( 'NONE',  ( 0.0000000000000000000, 1.000000000000000000, 0.0000000000000000000 ) ) ;
#725 = STYLED_ITEM ( 'NONE', ( #1376 ), #1167 ) ;
#726 = DIRECTION ( 'NONE',  ( 0.0000000000000000000, 1.000000000000000000, 0.0000000000000000000 ) ) ;
#727 = EDGE_CURVE ( 'NONE', #748, #737, #152, .T. ) ;
#728 = ORIENTED_EDGE ( 'NONE', *, *, #808, .F. ) ;
#729 = ADVANCED_FACE ( 'NONE', ( #1297 ), #1218, .F. ) ;
#730 = PRESENTATION_LAYER_ASSIGNMENT (  '', '', ( #948 ) ) ;
#731 = STYLED_ITEM ( 'NONE', ( #723 ), #604 ) ;
#732 = ORIENTED_EDGE ( 'NONE', *, *, #1408, .F. ) ;
#733 = PRODUCT_RELATED_PRODUCT_CATEGORY ( 'part', '', ( #1476 ) ) ;
#734 =( NAMED_UNIT ( * ) SI_UNIT ( $, .STERADIAN. ) SOLID_ANGLE_UNIT ( ) );
#735 = CARTESIAN_POINT ( 'NONE',  ( -74.84097245096171500, 10.00000000000003700, 15.55999999999999900 ) ) ;
#736 = CYLINDRICAL_SURFACE ( 'NONE', #53, 3.500000000000010200 ) ;
#737 = VERTEX_POINT ( 'NONE', #855 ) ;
#738 = CARTESIAN_POINT ( 'NONE',  ( -77.78097245096171300, 5.000000000000037300, -9.000000000000007100 ) ) ;
#739 = LINE ( 'NONE', #793, #428 ) ;
#740 = CARTESIAN_POINT ( 'NONE',  ( -71.34097245096171500, 10.00000000000003600, -15.56000000000000200 ) ) ;
#741 = ORIENTED_EDGE ( 'NONE', *, *, #1096, .T. ) ;
#742 = FILL_AREA_STYLE_COLOUR ( '', #945 ) ;
#743 = ORIENTED_EDGE ( 'NONE', *, *, #1135, .F. ) ;
#744 = FACE_OUTER_BOUND ( 'NONE', #237, .T. ) ;
#745 = PLANE ( 'NONE',  #499 ) ;
#746 = CARTESIAN_POINT ( 'NONE',  ( 195.5000000000000000, -5.000000000000000000, -12.50000000000000000 ) ) ;
#747 = ADVANCED_FACE ( 'NONE', ( #372 ), #395, .F. ) ;
#748 = VERTEX_POINT ( 'NONE', #633 ) ;
#749 = CARTESIAN_POINT ( 'NONE',  ( 200.5000000000000000, 5.000000000000000000, -4.500000000000000900 ) ) ;
#750 = AXIS2_PLACEMENT_3D ( 'NONE', #746, #271, #1308 ) ;
#751 = VERTEX_POINT ( 'NONE', #54 ) ;
#752 = DIRECTION ( 'NONE',  ( 1.000000000000000000, -4.956352788505158300E-016, 0.0000000000000000000 ) ) ;
#753 = DIRECTION ( 'NONE',  ( 1.000000000000000000, -4.956352788505158300E-016, 0.0000000000000000000 ) ) ;
#754 = ADVANCED_FACE ( 'NONE', ( #981 ), #920, .F. ) ;
#755 = CARTESIAN_POINT ( 'NONE',  ( 246.9999999999999400, 5.000000000000000000, -22.00000000000000000 ) ) ;
#756 = SURFACE_SIDE_STYLE ('',( #1150 ) ) ;
#757 = MECHANICAL_DESIGN_GEOMETRIC_PRESENTATION_REPRESENTATION (  '', ( #948 ), #650 ) ;
#758 = CYLINDRICAL_SURFACE ( 'NONE', #247, 3.500000000000003100 ) ;
#759 = CARTESIAN_POINT ( 'NONE',  ( -77.78097245096171300, 3.897514017421469900E-014, 8.999999999999989300 ) ) ;
#760 = AXIS2_PLACEMENT_3D ( 'NONE', #108, #1360, #672 ) ;
#761 = ORIENTED_EDGE ( 'NONE', *, *, #1433, .T. ) ;
#762 = PLANE ( 'NONE',  #1380 ) ;
#763 =( GEOMETRIC_REPRESENTATION_CONTEXT ( 3 ) GLOBAL_UNCERTAINTY_ASSIGNED_CONTEXT ( ( #1190 ) ) GLOBAL_UNIT_ASSIGNED_CONTEXT ( ( #1239, #669, #438 ) ) REPRESENTATION_CONTEXT ( 'NONE', 'WORKASPACE' ) );
#764 = CIRCLE ( 'NONE', #1367, 3.500000000000003100 ) ;
#765 = CARTESIAN_POINT ( 'NONE',  ( -40.22097245096172500, 5.000000000000019500, 15.55999999999999200 ) ) ;
#766 = DIRECTION ( 'NONE',  ( 1.000000000000000000, -5.137129139784317200E-016, 0.0000000000000000000 ) ) ;
#767 = ORIENTED_EDGE ( 'NONE', *, *, #198, .T. ) ;
#768 = CARTESIAN_POINT ( 'NONE',  ( 252.0000000000000000, 0.0000000000000000000, -16.99999999999996800 ) ) ;
#769 = CARTESIAN_POINT ( 'NONE',  ( 247.5000000000000000, 5.000000000000000000, 14.35000000000001600 ) ) ;
#770 = AXIS2_PLACEMENT_3D ( 'NONE', #174, #983, #537 ) ;
#771 = EDGE_CURVE ( 'NONE', #1230, #737, #667, .T. ) ;
#772 = LINE ( 'NONE', #1134, #1343 ) ;
#773 = VECTOR ( 'NONE', #904, 1000.000000000000100 ) ;
#774 = ORIENTED_EDGE ( 'NONE', *, *, #1298, .F. ) ;
#775 = CARTESIAN_POINT ( 'NONE',  ( 195.5000000000000000, 5.000000000000000000, 12.50000000000000000 ) ) ;
#776 = EDGE_CURVE ( 'NONE', #625, #1397, #277, .T. ) ;
#777 = ORIENTED_EDGE ( 'NONE', *, *, #1329, .F. ) ;
#778 = CARTESIAN_POINT ( 'NONE',  ( 195.5000000000000000, 0.0000000000000000000, 4.500000000000000900 ) ) ;
#779 = AXIS2_PLACEMENT_3D ( 'NONE', #713, #348, #1275 ) ;
#780 = CARTESIAN_POINT ( 'NONE',  ( -43.72097245096173200, 2.147807832410932100E-014, -15.56000000000000200 ) ) ;
#781 = CIRCLE ( 'NONE', #587, 3.500000000000003100 ) ;
#782 = UNCERTAINTY_MEASURE_WITH_UNIT (LENGTH_MEASURE( 1.000000000000000100E-005 ), #1487, 'distance_accuracy_value', 'NONE');
#783 = CARTESIAN_POINT ( 'NONE',  ( -74.78097245096171300, 10.00000000000003700, 22.00000000000000000 ) ) ;
#784 = CARTESIAN_POINT ( 'NONE',  ( -77.78097245096171300, 5.000000000000037300, 22.00000000000000000 ) ) ;
#785 = SHAPE_DEFINITION_REPRESENTATION ( #1116, #692 ) ;
#786 = DIRECTION ( 'NONE',  ( 4.932174826065553000E-016, 1.000000000000000000, 0.0000000000000000000 ) ) ;
#787 = ORIENTED_EDGE ( 'NONE', *, *, #412, .F. ) ;
#788 = ORIENTED_EDGE ( 'NONE', *, *, #146, .F. ) ;
#789 = DIRECTION ( 'NONE',  ( 0.0000000000000000000, 0.0000000000000000000, 1.000000000000000000 ) ) ;
#790 = DIRECTION ( 'NONE',  ( 1.000000000000000000, -4.932174826065553000E-016, 0.0000000000000000000 ) ) ;
#791 = VERTEX_POINT ( 'NONE', #755 ) ;
#792 = DIRECTION ( 'NONE',  ( 0.0000000000000000000, 0.0000000000000000000, 1.000000000000000000 ) ) ;
#793 = CARTESIAN_POINT ( 'NONE',  ( 247.5000000000000000, -5.000000000000000000, -14.35000000000001600 ) ) ;
#794 = VECTOR ( 'NONE', #130, 1000.000000000000000 ) ;
#795 =( NAMED_UNIT ( * ) SI_UNIT ( $, .STERADIAN. ) SOLID_ANGLE_UNIT ( ) );
#796 = CARTESIAN_POINT ( 'NONE',  ( -77.78097245096171300, 5.000000000000037300, 19.00000000000002500 ) ) ;
#797 = DIRECTION ( 'NONE',  ( 0.0000000000000000000, 0.0000000000000000000, -1.000000000000000000 ) ) ;
#798 = ORIENTED_EDGE ( 'NONE', *, *, #598, .F. ) ;
#799 =( NAMED_UNIT ( * ) SI_UNIT ( $, .STERADIAN. ) SOLID_ANGLE_UNIT ( ) );
#800 = AXIS2_PLACEMENT_3D ( 'NONE', #66, #293, #1198 ) ;
#801 = EDGE_CURVE ( 'NONE', #236, #985, #300, .T. ) ;
#802 = DIRECTION ( 'NONE',  ( -5.053215498074302900E-016, -1.000000000000000000, 0.0000000000000000000 ) ) ;
#803 = DIRECTION ( 'NONE',  ( 0.0000000000000000000, 1.000000000000000000, 0.0000000000000000000 ) ) ;
#804 = AXIS2_PLACEMENT_3D ( 'NONE', #274, #52, #1317 ) ;
#805 = DIRECTION ( 'NONE',  ( 0.0000000000000000000, -0.0000000000000000000, 1.000000000000000000 ) ) ;
#806 = ORIENTED_EDGE ( 'NONE', *, *, #643, .T. ) ;
#807 = DIRECTION ( 'NONE',  ( -5.137129139784316200E-016, -1.000000000000000000, 0.0000000000000000000 ) ) ;
#808 = EDGE_CURVE ( 'NONE', #375, #1274, #932, .T. ) ;
#809 = AXIS2_PLACEMENT_3D ( 'NONE', #910, #328, #334 ) ;
#810 = FILL_AREA_STYLE_COLOUR ( '', #901 ) ;
#811 = LINE ( 'NONE', #453, #837 ) ;
#812 = ORIENTED_EDGE ( 'NONE', *, *, #140, .F. ) ;
#813 = LINE ( 'NONE', #657, #260 ) ;
#814 = SURFACE_SIDE_STYLE ('',( #1443 ) ) ;
#815 = ORIENTED_EDGE ( 'NONE', *, *, #1374, .T. ) ;
#816 = ORIENTED_EDGE ( 'NONE', *, *, #913, .T. ) ;
#817 = ORIENTED_EDGE ( 'NONE', *, *, #465, .T. ) ;
#818 = DIRECTION ( 'NONE',  ( 0.0000000000000000000, 1.000000000000000000, 0.0000000000000000000 ) ) ;
#819 = CARTESIAN_POINT ( 'NONE',  ( -77.78097245096171300, 5.000000000000037300, 8.999999999999989300 ) ) ;
#820 = CYLINDRICAL_SURFACE ( 'NONE', #96, 3.500000000000010200 ) ;
#821 = EDGE_CURVE ( 'NONE', #1274, #375, #133, .T. ) ;
#822 = DIRECTION ( 'NONE',  ( 0.0000000000000000000, -0.0000000000000000000, 1.000000000000000000 ) ) ;
#823 = EDGE_LOOP ( 'NONE', ( #268, #6, #1055, #812 ) ) ;
#824 = VERTEX_POINT ( 'NONE', #768 ) ;
#825 = DIRECTION ( 'NONE',  ( -1.000000000000000000, 0.0000000000000000000, 0.0000000000000000000 ) ) ;
#826 = DIRECTION ( 'NONE',  ( 0.0000000000000000000, 0.0000000000000000000, 1.000000000000000000 ) ) ;
#827 = MECHANICAL_DESIGN_GEOMETRIC_PRESENTATION_REPRESENTATION (  '', ( #2 ), #916 ) ;
#828 = CARTESIAN_POINT ( 'NONE',  ( 0.0000000000000000000, 0.0000000000000000000, 12.50000000000000000 ) ) ;
#829 = EDGE_LOOP ( 'NONE', ( #473, #709, #1056, #120 ) ) ;
#830 = VECTOR ( 'NONE', #1242, 1000.000000000000000 ) ;
#831 = EDGE_CURVE ( 'NONE', #112, #585, #648, .T. ) ;
#832 = MECHANICAL_DESIGN_GEOMETRIC_PRESENTATION_REPRESENTATION (  '', ( #885 ), #447 ) ;
#833 = DIRECTION ( 'NONE',  ( 0.0000000000000000000, 0.0000000000000000000, 1.000000000000000000 ) ) ;
#834 = ORIENTED_EDGE ( 'NONE', *, *, #1191, .F. ) ;
#835 = VERTEX_POINT ( 'NONE', #884 ) ;
#836 = CARTESIAN_POINT ( 'NONE',  ( 247.5000000000000000, 0.0000000000000000000, 11.04999999999998300 ) ) ;
#837 = VECTOR ( 'NONE', #1378, 1000.000000000000000 ) ;
#838 = CARTESIAN_POINT ( 'NONE',  ( 247.5000000000000000, 0.0000000000000000000, 12.69999999999999900 ) ) ;
#839 = AXIS2_PLACEMENT_3D ( 'NONE', #182, #1453, #1233 ) ;
#840 = EDGE_CURVE ( 'NONE', #1397, #1363, #479, .T. ) ;
#841 = COLOUR_RGB ( '',1.000000000000000000, 0.0000000000000000000, 0.0000000000000000000 ) ;
#842 = SURFACE_SIDE_STYLE ('',( #116 ) ) ;
#843 = ORIENTED_EDGE ( 'NONE', *, *, #1459, .F. ) ;
#844 = SURFACE_SIDE_STYLE ('',( #624 ) ) ;
#845 = ORIENTED_EDGE ( 'NONE', *, *, #404, .T. ) ;
#846 =( NAMED_UNIT ( * ) SI_UNIT ( $, .STERADIAN. ) SOLID_ANGLE_UNIT ( ) );
#847 = CYLINDRICAL_SURFACE ( 'NONE', #1022, 4.000000000000000000 ) ;
#848 = ADVANCED_FACE ( 'NONE', ( #1494 ), #190, .F. ) ;
#849 = AXIS2_PLACEMENT_3D ( 'NONE', #690, #223, #562 ) ;
#850 =( LENGTH_UNIT ( ) NAMED_UNIT ( * ) SI_UNIT ( .MILLI., .METRE. ) );
#851 = PRESENTATION_LAYER_ASSIGNMENT (  '', '', ( #703 ) ) ;
#852 = SURFACE_STYLE_USAGE ( .BOTH. , #971 ) ;
#853 = CARTESIAN_POINT ( 'NONE',  ( 247.5000000000000000, 0.0000000000000000000, -12.69999999999999900 ) ) ;
#854 = ORIENTED_EDGE ( 'NONE', *, *, #1255, .F. ) ;
#855 = CARTESIAN_POINT ( 'NONE',  ( 247.5000000000000000, 5.000000000000000000, -11.04999999999998300 ) ) ;
#856 = FACE_BOUND ( 'NONE', #262, .T. ) ;
#857 = CARTESIAN_POINT ( 'NONE',  ( 247.5000000000000000, -5.000000000000000000, 12.69999999999999900 ) ) ;
#858 = COLOUR_RGB ( '',1.000000000000000000, 0.0000000000000000000, 0.0000000000000000000 ) ;
#859 = FACE_OUTER_BOUND ( 'NONE', #1247, .T. ) ;
#860 = CARTESIAN_POINT ( 'NONE',  ( -40.22097245096171700, 1.968008312518480600E-014, -15.56000000000000200 ) ) ;
#861 =( NAMED_UNIT ( * ) SI_UNIT ( $, .STERADIAN. ) SOLID_ANGLE_UNIT ( ) );
#862 = ORIENTED_EDGE ( 'NONE', *, *, #1381, .T. ) ;
#863 =( GEOMETRIC_REPRESENTATION_CONTEXT ( 3 ) GLOBAL_UNCERTAINTY_ASSIGNED_CONTEXT ( ( #1073 ) ) GLOBAL_UNIT_ASSIGNED_CONTEXT ( ( #1013, #1125, #1122 ) ) REPRESENTATION_CONTEXT ( 'NONE', 'WORKASPACE' ) );
#864 = ADVANCED_FACE ( 'NONE', ( #1256 ), #990, .F. ) ;
#865 = LINE ( 'NONE', #1201, #632 ) ;
#866 =( GEOMETRIC_REPRESENTATION_CONTEXT ( 3 ) GLOBAL_UNCERTAINTY_ASSIGNED_CONTEXT ( ( #353 ) ) GLOBAL_UNIT_ASSIGNED_CONTEXT ( ( #1180, #617, #287 ) ) REPRESENTATION_CONTEXT ( 'NONE', 'WORKASPACE' ) );
#867 = DIRECTION ( 'NONE',  ( 1.000000000000000000, -5.137129139784314300E-016, 0.0000000000000000000 ) ) ;
#868 = DIRECTION ( 'NONE',  ( 0.0000000000000000000, 0.0000000000000000000, -1.000000000000000000 ) ) ;
#869 = VERTEX_POINT ( 'NONE', #778 ) ;
#870 =( GEOMETRIC_REPRESENTATION_CONTEXT ( 3 ) GLOBAL_UNCERTAINTY_ASSIGNED_CONTEXT ( ( #1470 ) ) GLOBAL_UNIT_ASSIGNED_CONTEXT ( ( #1425, #508, #144 ) ) REPRESENTATION_CONTEXT ( 'NONE', 'WORKASPACE' ) );
#871 = EDGE_CURVE ( 'NONE', #530, #751, #342, .T. ) ;
#872 = ORIENTED_EDGE ( 'NONE', *, *, #250, .F. ) ;
#873 = DIRECTION ( 'NONE',  ( -1.000000000000000000, 4.956352788505158300E-016, 0.0000000000000000000 ) ) ;
#874 = CARTESIAN_POINT ( 'NONE',  ( -68.40040191508569500, 3.415621994944960600E-014, -9.000000000000007100 ) ) ;
#875 = FILL_AREA_STYLE ('',( #1093 ) ) ;
#876 = LINE ( 'NONE', #507, #1236 ) ;
#877 = CARTESIAN_POINT ( 'NONE',  ( 195.5000000000000000, -5.000000000000000000, 12.50000000000000000 ) ) ;
#878 = VERTEX_POINT ( 'NONE', #1219 ) ;
#879 = ORIENTED_EDGE ( 'NONE', *, *, #71, .T. ) ;
#880 = CARTESIAN_POINT ( 'NONE',  ( 247.0000000000000000, 5.000000000000000000, 22.00000000000000000 ) ) ;
#881 = EDGE_CURVE ( 'NONE', #509, #70, #1479, .T. ) ;
#882 = FILL_AREA_STYLE ('',( #414 ) ) ;
#883 = FILL_AREA_STYLE_COLOUR ( '', #550 ) ;
#884 = CARTESIAN_POINT ( 'NONE',  ( 195.5000000000000000, 0.0000000000000000000, -4.500000000000000900 ) ) ;
#885 = STYLED_ITEM ( 'NONE', ( #592 ), #619 ) ;
#886 = ORIENTED_EDGE ( 'NONE', *, *, #682, .T. ) ;
#887 = ORIENTED_EDGE ( 'NONE', *, *, #146, .T. ) ;
#888 = CARTESIAN_POINT ( 'NONE',  ( 246.9999999999999400, 9.999999999999996400, -22.00000000000000000 ) ) ;
#889 = EDGE_LOOP ( 'NONE', ( #136, #774 ) ) ;
#890 = LINE ( 'NONE', #919, #346 ) ;
#891 = DIRECTION ( 'NONE',  ( -1.000000000000000000, 5.137129139784316200E-016, -1.849272887339157900E-016 ) ) ;
#892 = PRESENTATION_STYLE_ASSIGNMENT (( #77 ) ) ;
#893 = DIRECTION ( 'NONE',  ( 0.0000000000000000000, 0.0000000000000000000, 1.000000000000000000 ) ) ;
#894 = ORIENTED_EDGE ( 'NONE', *, *, #404, .F. ) ;
#895 = VERTEX_POINT ( 'NONE', #1321 ) ;
#896 = CARTESIAN_POINT ( 'NONE',  ( -74.78097245096174100, 3.500279473010949600E-014, -22.00000000000000000 ) ) ;
#897 = AXIS2_PLACEMENT_3D ( 'NONE', #80, #315, #988 ) ;
#898 = EDGE_CURVE ( 'NONE', #1182, #356, #1399, .T. ) ;
#899 = DIRECTION ( 'NONE',  ( 0.0000000000000000000, 0.0000000000000000000, 1.000000000000000000 ) ) ;
#900 = CARTESIAN_POINT ( 'NONE',  ( 200.5000000000000000, 5.000000000000000000, -12.50000000000000000 ) ) ;
#901 = COLOUR_RGB ( '',1.000000000000000000, 0.0000000000000000000, 0.0000000000000000000 ) ;
#902 = DIRECTION ( 'NONE',  ( 0.0000000000000000000, 0.0000000000000000000, 1.000000000000000000 ) ) ;
#903 = ORIENTED_EDGE ( 'NONE', *, *, #1374, .F. ) ;
#904 = DIRECTION ( 'NONE',  ( -0.7071067811865493500, -0.0000000000000000000, -0.7071067811865455700 ) ) ;
#905 = DIRECTION ( 'NONE',  ( 0.7071067811865442400, -3.573162945485280300E-016, -0.7071067811865509000 ) ) ;
#906 = CARTESIAN_POINT ( 'NONE',  ( -40.22097245096171700, 10.00000000000002000, 15.55999999999999200 ) ) ;
#907 =( GEOMETRIC_REPRESENTATION_CONTEXT ( 3 ) GLOBAL_UNCERTAINTY_ASSIGNED_CONTEXT ( ( #1322 ) ) GLOBAL_UNIT_ASSIGNED_CONTEXT ( ( #155, #384, #358 ) ) REPRESENTATION_CONTEXT ( 'NONE', 'WORKASPACE' ) );
#908 = FACE_BOUND ( 'NONE', #1264, .T. ) ;
#909 = COLOUR_RGB ( '',1.000000000000000000, 0.0000000000000000000, 0.0000000000000000000 ) ;
#910 = CARTESIAN_POINT ( 'NONE',  ( 200.5000000000000000, 0.0000000000000000000, -8.500000000000000000 ) ) ;
#911 = UNCERTAINTY_MEASURE_WITH_UNIT (LENGTH_MEASURE( 1.000000000000000100E-005 ), #101, 'distance_accuracy_value', 'NONE');
#912 = CARTESIAN_POINT ( 'NONE',  ( 247.5000000000000000, -5.000000000000000000, -11.04999999999998300 ) ) ;
#913 = EDGE_CURVE ( 'NONE', #356, #1450, #1086, .T. ) ;
#914 = ORIENTED_EDGE ( 'NONE', *, *, #486, .T. ) ;
#915 = FACE_BOUND ( 'NONE', #1488, .T. ) ;
#916 =( GEOMETRIC_REPRESENTATION_CONTEXT ( 3 ) GLOBAL_UNCERTAINTY_ASSIGNED_CONTEXT ( ( #578 ) ) GLOBAL_UNIT_ASSIGNED_CONTEXT ( ( #850, #30, #734 ) ) REPRESENTATION_CONTEXT ( 'NONE', 'WORKASPACE' ) );
#917 = DIRECTION ( 'NONE',  ( 1.000000000000000000, -4.956352788505148500E-016, 0.0000000000000000000 ) ) ;
#918 = LINE ( 'NONE', #132, #355 ) ;
#919 = CARTESIAN_POINT ( 'NONE',  ( 252.0000000000000000, 5.000000000000000000, 17.00000000000002100 ) ) ;
#920 = CYLINDRICAL_SURFACE ( 'NONE', #526, 3.500000000000003100 ) ;
#921 = CARTESIAN_POINT ( 'NONE',  ( -74.84097245096171500, 3.746482420711810800E-014, 15.55999999999999900 ) ) ;
#922 = PRODUCT_CONTEXT ( 'NONE', #1136, 'mechanical' ) ;
#923 = ORIENTED_EDGE ( 'NONE', *, *, #664, .F. ) ;
#924 = PRESENTATION_LAYER_ASSIGNMENT (  '', '', ( #1403 ) ) ;
#925 = VECTOR ( 'NONE', #1095, 1000.000000000000000 ) ;
#926 = EDGE_CURVE ( 'NONE', #1480, #112, #118, .T. ) ;
#927 = ORIENTED_EDGE ( 'NONE', *, *, #104, .T. ) ;
#928 = DIRECTION ( 'NONE',  ( -1.000000000000000000, 5.053215498074302900E-016, -1.849272887339157900E-016 ) ) ;
#929 = EDGE_CURVE ( 'NONE', #1454, #267, #67, .T. ) ;
#930 = MECHANICAL_DESIGN_GEOMETRIC_PRESENTATION_REPRESENTATION (  '', ( #703 ), #1076 ) ;
#931 = SURFACE_STYLE_USAGE ( .BOTH. , #123 ) ;
#932 = CIRCLE ( 'NONE', #311, 3.500000000000010200 ) ;
#933 = ORIENTED_EDGE ( 'NONE', *, *, #821, .F. ) ;
#934 = AXIS2_PLACEMENT_3D ( 'NONE', #1477, #1352, #467 ) ;
#935 = VERTEX_POINT ( 'NONE', #317 ) ;
#936 = VECTOR ( 'NONE', #1467, 1000.000000000000000 ) ;
#937 = ORIENTED_EDGE ( 'NONE', *, *, #339, .T. ) ;
#938 = ORIENTED_EDGE ( 'NONE', *, *, #545, .F. ) ;
#939 = DIRECTION ( 'NONE',  ( -0.7071067811865507900, 3.487574265508549300E-016, -0.7071067811865441300 ) ) ;
#940 = MECHANICAL_DESIGN_GEOMETRIC_PRESENTATION_REPRESENTATION (  '', ( #663 ), #1164 ) ;
#941 = EDGE_LOOP ( 'NONE', ( #296, #1314, #5, #365 ) ) ;
#942 = ORIENTED_EDGE ( 'NONE', *, *, #122, .T. ) ;
#943 = DIRECTION ( 'NONE',  ( 1.000000000000000000, -5.137129139784314300E-016, 0.0000000000000000000 ) ) ;
#944 = LINE ( 'NONE', #678, #773 ) ;
#945 = COLOUR_RGB ( '',1.000000000000000000, 0.0000000000000000000, 0.0000000000000000000 ) ;
#946 = UNCERTAINTY_MEASURE_WITH_UNIT (LENGTH_MEASURE( 1.000000000000000100E-005 ), #1434, 'distance_accuracy_value', 'NONE');
#947 = ORIENTED_EDGE ( 'NONE', *, *, #664, .T. ) ;
#948 = STYLED_ITEM ( 'NONE', ( #1316 ), #61 ) ;
#949 = AXIS2_PLACEMENT_3D ( 'NONE', #569, #95, #1124 ) ;
#950 = SURFACE_STYLE_USAGE ( .BOTH. , #1306 ) ;
#951 = STYLED_ITEM ( 'NONE', ( #1416 ), #692 ) ;
#952 = ORIENTED_EDGE ( 'NONE', *, *, #808, .T. ) ;
#953 = ADVANCED_FACE ( 'NONE', ( #1130 ), #1429, .F. ) ;
#954 = DIRECTION ( 'NONE',  ( 0.0000000000000000000, 1.000000000000000000, 0.0000000000000000000 ) ) ;
#955 = CARTESIAN_POINT ( 'NONE',  ( -36.72097245096171000, 10.00000000000001800, 15.55999999999999200 ) ) ;
#956 =( NAMED_UNIT ( * ) PLANE_ANGLE_UNIT ( ) SI_UNIT ( $, .RADIAN. ) );
#957 = VECTOR ( 'NONE', #495, 1000.000000000000100 ) ;
#958 = FILL_AREA_STYLE_COLOUR ( '', #214 ) ;
#959 = EDGE_CURVE ( 'NONE', #1089, #625, #429, .T. ) ;
#960 = VECTOR ( 'NONE', #868, 1000.000000000000000 ) ;
#961 = ORIENTED_EDGE ( 'NONE', *, *, #75, .F. ) ;
#962 = DIRECTION ( 'NONE',  ( 1.000000000000000000, -5.053215498074302900E-016, 1.849272887339157900E-016 ) ) ;
#963 = LINE ( 'NONE', #665, #49 ) ;
#964 = ORIENTED_EDGE ( 'NONE', *, *, #613, .T. ) ;
#965 = ADVANCED_FACE ( 'NONE', ( #706 ), #758, .F. ) ;
#966 = AXIS2_PLACEMENT_3D ( 'NONE', #740, #618, #389 ) ;
#967 =( NAMED_UNIT ( * ) PLANE_ANGLE_UNIT ( ) SI_UNIT ( $, .RADIAN. ) );
#968 = ORIENTED_EDGE ( 'NONE', *, *, #239, .T. ) ;
#969 = CARTESIAN_POINT ( 'NONE',  ( 252.0000000000000000, 5.000000000000000000, 17.00000000000002100 ) ) ;
#970 = CARTESIAN_POINT ( 'NONE',  ( -40.28097245096171300, 10.00000000000002000, -6.938893903907228400E-015 ) ) ;
#971 = SURFACE_SIDE_STYLE ('',( #1251 ) ) ;
#972 = CARTESIAN_POINT ( 'NONE',  ( -77.78097245096171300, 3.721253307623333300E-014, 22.00000000000000000 ) ) ;
#973 = AXIS2_PLACEMENT_3D ( 'NONE', #420, #1460, #789 ) ;
#974 = CIRCLE ( 'NONE', #201, 4.000000000000000000 ) ;
#975 = VERTEX_POINT ( 'NONE', #995 ) ;
#976 = ORIENTED_EDGE ( 'NONE', *, *, #457, .F. ) ;
#977 = DIRECTION ( 'NONE',  ( 1.000000000000000000, -4.956352788505148500E-016, 0.0000000000000000000 ) ) ;
#978 = VECTOR ( 'NONE', #215, 1000.000000000000000 ) ;
#979 = DIRECTION ( 'NONE',  ( 4.932174826065553000E-016, 1.000000000000000000, 0.0000000000000000000 ) ) ;
#980 = PRESENTATION_LAYER_ASSIGNMENT (  '', '', ( #684 ) ) ;
#981 = FACE_OUTER_BOUND ( 'NONE', #715, .T. ) ;
#982 = PRESENTATION_STYLE_ASSIGNMENT (( #1067 ) ) ;
#983 = DIRECTION ( 'NONE',  ( 1.000000000000000000, 0.0000000000000000000, 0.0000000000000000000 ) ) ;
#984 = ORIENTED_EDGE ( 'NONE', *, *, #1496, .T. ) ;
#985 = VERTEX_POINT ( 'NONE', #1332 ) ;
#986 = VERTEX_POINT ( 'NONE', #56 ) ;
#987 = FACE_OUTER_BOUND ( 'NONE', #1349, .T. ) ;
#988 = DIRECTION ( 'NONE',  ( 1.000000000000000000, -5.137129139784314300E-016, 0.0000000000000000000 ) ) ;
#989 =( LENGTH_UNIT ( ) NAMED_UNIT ( * ) SI_UNIT ( .MILLI., .METRE. ) );
#990 = PLANE ( 'NONE',  #436 ) ;
#991 = DIRECTION ( 'NONE',  ( 1.000000000000000000, -4.956352788505158300E-016, 0.0000000000000000000 ) ) ;
#992 = STYLED_ITEM ( 'NONE', ( #1463 ), #1042 ) ;
#993 = EDGE_CURVE ( 'NONE', #1270, #431, #85, .T. ) ;
#994 = ORIENTED_EDGE ( 'NONE', *, *, #1459, .T. ) ;
#995 = CARTESIAN_POINT ( 'NONE',  ( 195.5000000000000000, 0.0000000000000000000, 12.50000000000000000 ) ) ;
#996 = FILL_AREA_STYLE_COLOUR ( '', #170 ) ;
#997 = CARTESIAN_POINT ( 'NONE',  ( -71.34097245096171500, 5.000000000000033800, 15.55999999999999900 ) ) ;
#998 = AXIS2_PLACEMENT_3D ( 'NONE', #1262, #117, #169 ) ;
#999 = DIRECTION ( 'NONE',  ( -1.000000000000000000, 5.036293962513305800E-016, 0.0000000000000000000 ) ) ;
#1000 = PLANE ( 'NONE',  #849 ) ;
#1001 = PRESENTATION_LAYER_ASSIGNMENT (  '', '', ( #2 ) ) ;
#1002 = VERTEX_POINT ( 'NONE', #166 ) ;
#1003 = ORIENTED_EDGE ( 'NONE', *, *, #104, .F. ) ;
#1004 = FILL_AREA_STYLE ('',( #1350 ) ) ;
#1005 = CARTESIAN_POINT ( 'NONE',  ( -77.78097245096171300, 3.897514017421469900E-014, 8.999999999999989300 ) ) ;
#1006 = VERTEX_POINT ( 'NONE', #81 ) ;
#1007 = FACE_OUTER_BOUND ( 'NONE', #208, .T. ) ;
#1008 =( NAMED_UNIT ( * ) PLANE_ANGLE_UNIT ( ) SI_UNIT ( $, .RADIAN. ) );
#1009 = CARTESIAN_POINT ( 'NONE',  ( -77.78097245096171300, 3.897514017421469900E-014, -9.000000000000008900 ) ) ;
#1010 = EDGE_LOOP ( 'NONE', ( #504, #879, #540, #660 ) ) ;
#1011 = ORIENTED_EDGE ( 'NONE', *, *, #129, .F. ) ;
#1012 = PLANE ( 'NONE',  #343 ) ;
#1013 =( LENGTH_UNIT ( ) NAMED_UNIT ( * ) SI_UNIT ( .MILLI., .METRE. ) );
#1014 = FILL_AREA_STYLE_COLOUR ( '', #841 ) ;
#1015 = LINE ( 'NONE', #50, #1126 ) ;
#1016 = VECTOR ( 'NONE', #340, 1000.000000000000000 ) ;
#1017 = CARTESIAN_POINT ( 'NONE',  ( -74.84097245096171500, 10.00000000000003700, -15.56000000000000200 ) ) ;
#1018 =( NAMED_UNIT ( * ) PLANE_ANGLE_UNIT ( ) SI_UNIT ( $, .RADIAN. ) );
#1019 = DIRECTION ( 'NONE',  ( -0.7071067811865441300, 3.487574265508516200E-016, 0.7071067811865507900 ) ) ;
#1020 = FILL_AREA_STYLE ('',( #1014 ) ) ;
#1021 = ORIENTED_EDGE ( 'NONE', *, *, #536, .F. ) ;
#1022 = AXIS2_PLACEMENT_3D ( 'NONE', #1318, #381, #621 ) ;
#1023 = VERTEX_POINT ( 'NONE', #1115 ) ;
#1024 = EDGE_CURVE ( 'NONE', #895, #1006, #1283, .T. ) ;
#1025 = DIRECTION ( 'NONE',  ( 0.0000000000000000000, 1.000000000000000000, 0.0000000000000000000 ) ) ;
#1026 = VERTEX_POINT ( 'NONE', #623 ) ;
#1027 = CARTESIAN_POINT ( 'NONE',  ( -77.78097245096171300, 5.000000000000037300, -18.99999999999999600 ) ) ;
#1028 = FILL_AREA_STYLE ('',( #333 ) ) ;
#1029 = VECTOR ( 'NONE', #790, 1000.000000000000000 ) ;
#1030 = DIRECTION ( 'NONE',  ( -1.000000000000000000, 5.053215498074302900E-016, 0.0000000000000000000 ) ) ;
#1031 =( NAMED_UNIT ( * ) SI_UNIT ( $, .STERADIAN. ) SOLID_ANGLE_UNIT ( ) );
#1032 = EDGE_CURVE ( 'NONE', #1480, #1117, #1268, .T. ) ;
#1033 = VERTEX_POINT ( 'NONE', #176 ) ;
#1034 = PRESENTATION_LAYER_ASSIGNMENT (  '', '', ( #1105 ) ) ;
#1035 = SURFACE_SIDE_STYLE ('',( #335 ) ) ;
#1036 = DIRECTION ( 'NONE',  ( -5.137129139784316200E-016, -1.000000000000000000, 0.0000000000000000000 ) ) ;
#1037 = CIRCLE ( 'NONE', #760, 1.650000000000016100 ) ;
#1038 = SURFACE_STYLE_FILL_AREA ( #1028 ) ;
#1039 = DIRECTION ( 'NONE',  ( 0.0000000000000000000, -1.000000000000000000, 0.0000000000000000000 ) ) ;
#1040 = LINE ( 'NONE', #1248, #1238 ) ;
#1041 = DIRECTION ( 'NONE',  ( 0.0000000000000000000, 0.0000000000000000000, 1.000000000000000000 ) ) ;
#1042 = MANIFOLD_SOLID_BREP ( '平板型式', #32 ) ;
#1043 = ORIENTED_EDGE ( 'NONE', *, *, #698, .T. ) ;
#1044 = ORIENTED_EDGE ( 'NONE', *, *, #168, .T. ) ;
#1045 = MECHANICAL_DESIGN_GEOMETRIC_PRESENTATION_REPRESENTATION (  '', ( #992 ), #480 ) ;
#1046 = CIRCLE ( 'NONE', #456, 1.650000000000016100 ) ;
#1047 = ORIENTED_EDGE ( 'NONE', *, *, #771, .T. ) ;
#1048 = VERTEX_POINT ( 'NONE', #1334 ) ;
#1049 = EDGE_LOOP ( 'NONE', ( #933, #728 ) ) ;
#1050 = ORIENTED_EDGE ( 'NONE', *, *, #1282, .T. ) ;
#1051 = MECHANICAL_DESIGN_GEOMETRIC_PRESENTATION_REPRESENTATION (  '', ( #299 ), #192 ) ;
#1052 = SURFACE_STYLE_USAGE ( .BOTH. , #842 ) ;
#1053 = VECTOR ( 'NONE', #326, 1000.000000000000000 ) ;
#1054 = STYLED_ITEM ( 'NONE', ( #1346 ), #162 ) ;
#1055 = ORIENTED_EDGE ( 'NONE', *, *, #1441, .F. ) ;
#1056 = ORIENTED_EDGE ( 'NONE', *, *, #1408, .T. ) ;
#1057 = FACE_BOUND ( 'NONE', #1049, .T. ) ;
#1058 = AXIS2_PLACEMENT_3D ( 'NONE', #1244, #1030, #344 ) ;
#1059 = ORIENTED_EDGE ( 'NONE', *, *, #702, .T. ) ;
#1060 = ADVANCED_FACE ( 'NONE', ( #1077 ), #820, .F. ) ;
#1061 = ORIENTED_EDGE ( 'NONE', *, *, #1119, .F. ) ;
#1062 =( NAMED_UNIT ( * ) SI_UNIT ( $, .STERADIAN. ) SOLID_ANGLE_UNIT ( ) );
#1063 = FILL_AREA_STYLE_COLOUR ( '', #185 ) ;
#1064 = AXIS2_PLACEMENT_3D ( 'NONE', #711, #577, #867 ) ;
#1065 = FACE_BOUND ( 'NONE', #119, .T. ) ;
#1066 = AXIS2_PLACEMENT_3D ( 'NONE', #258, #611, #40 ) ;
#1067 = SURFACE_STYLE_USAGE ( .BOTH. , #844 ) ;
#1068 = FILL_AREA_STYLE ('',( #1063 ) ) ;
#1069 = ORIENTED_EDGE ( 'NONE', *, *, #383, .F. ) ;
#1070 = EDGE_LOOP ( 'NONE', ( #1061, #159 ) ) ;
#1071 = ORIENTED_EDGE ( 'NONE', *, *, #575, .F. ) ;
#1072 = MECHANICAL_DESIGN_GEOMETRIC_PRESENTATION_REPRESENTATION (  '', ( #1054 ), #272 ) ;
#1073 = UNCERTAINTY_MEASURE_WITH_UNIT (LENGTH_MEASURE( 1.000000000000000100E-005 ), #1013, 'distance_accuracy_value', 'NONE');
#1074 = VECTOR ( 'NONE', #1087, 1000.000000000000000 ) ;
#1075 = ADVANCED_FACE ( 'NONE', ( #674 ), #610, .F. ) ;
#1076 =( GEOMETRIC_REPRESENTATION_CONTEXT ( 3 ) GLOBAL_UNCERTAINTY_ASSIGNED_CONTEXT ( ( #369 ) ) GLOBAL_UNIT_ASSIGNED_CONTEXT ( ( #1082, #956, #518 ) ) REPRESENTATION_CONTEXT ( 'NONE', 'WORKASPACE' ) );
#1077 = FACE_OUTER_BOUND ( 'NONE', #628, .T. ) ;
#1078 = DIRECTION ( 'NONE',  ( 0.0000000000000000000, 0.0000000000000000000, 1.000000000000000000 ) ) ;
#1079 = ORIENTED_EDGE ( 'NONE', *, *, #1102, .F. ) ;
#1080 = VERTEX_POINT ( 'NONE', #836 ) ;
#1081 = LINE ( 'NONE', #1267, #718 ) ;
#1082 =( LENGTH_UNIT ( ) NAMED_UNIT ( * ) SI_UNIT ( .MILLI., .METRE. ) );
#1083 = CYLINDRICAL_SURFACE ( 'NONE', #1066, 3.500000000000010200 ) ;
#1084 = PLANE ( 'NONE',  #78 ) ;
#1085 = LINE ( 'NONE', #322, #1053 ) ;
#1086 = LINE ( 'NONE', #759, #1323 ) ;
#1087 = DIRECTION ( 'NONE',  ( 0.0000000000000000000, 1.000000000000000000, 0.0000000000000000000 ) ) ;
#1088 = ADVANCED_FACE ( 'NONE', ( #744 ), #1288, .F. ) ;
#1089 = VERTEX_POINT ( 'NONE', #636 ) ;
#1090 = DIRECTION ( 'NONE',  ( 0.0000000000000000000, 1.000000000000000000, 0.0000000000000000000 ) ) ;
#1091 = CARTESIAN_POINT ( 'NONE',  ( 195.5000000000000000, 0.0000000000000000000, -8.500000000000000000 ) ) ;
#1092 = FACE_OUTER_BOUND ( 'NONE', #1146, .T. ) ;
#1093 = FILL_AREA_STYLE_COLOUR ( '', #373 ) ;
#1094 = DIRECTION ( 'NONE',  ( 0.7071067811865493500, -0.0000000000000000000, -0.7071067811865455700 ) ) ;
#1095 = DIRECTION ( 'NONE',  ( -5.137129139784316200E-016, -1.000000000000000000, 0.0000000000000000000 ) ) ;
#1096 = EDGE_CURVE ( 'NONE', #1006, #1033, #309, .T. ) ;
#1097 = CARTESIAN_POINT ( 'NONE',  ( 247.5000000000000000, 0.0000000000000000000, 14.35000000000001600 ) ) ;
#1098 = ORIENTED_EDGE ( 'NONE', *, *, #129, .T. ) ;
#1099 = FILL_AREA_STYLE ('',( #883 ) ) ;
#1100 = VECTOR ( 'NONE', #1335, 1000.000000000000000 ) ;
#1101 = CARTESIAN_POINT ( 'NONE',  ( -68.40040191508569500, 5.000000000000032900, 8.999999999999991100 ) ) ;
#1102 = EDGE_CURVE ( 'NONE', #975, #606, #173, .T. ) ;
#1103 = COLOUR_RGB ( '',1.000000000000000000, 1.000000000000000000, 1.000000000000000000 ) ;
#1104 = ORIENTED_EDGE ( 'NONE', *, *, #993, .F. ) ;
#1105 = STYLED_ITEM ( 'NONE', ( #705 ), #729 ) ;
#1106 = CARTESIAN_POINT ( 'NONE',  ( -77.78097245096171300, 10.00000000000003900, -9.000000000000008900 ) ) ;
#1107 = CYLINDRICAL_SURFACE ( 'NONE', #419, 1.650000000000016100 ) ;
#1108 = CARTESIAN_POINT ( 'NONE',  ( -71.34097245096171500, 3.566682900819359300E-014, 15.55999999999999900 ) ) ;
#1109 = EDGE_LOOP ( 'NONE', ( #1411, #961 ) ) ;
#1110 = AXIS2_PLACEMENT_3D ( 'NONE', #196, #1041, #471 ) ;
#1111 = ORIENTED_EDGE ( 'NONE', *, *, #1024, .F. ) ;
#1112 = ORIENTED_EDGE ( 'NONE', *, *, #1234, .T. ) ;
#1113 =( NAMED_UNIT ( * ) PLANE_ANGLE_UNIT ( ) SI_UNIT ( $, .RADIAN. ) );
#1114 = CARTESIAN_POINT ( 'NONE',  ( -55.78097245096172700, 5.000000000000025800, -6.938893903907228400E-015 ) ) ;
#1115 = CARTESIAN_POINT ( 'NONE',  ( 200.5000000000000000, 5.000000000000000000, 4.500000000000000900 ) ) ;
#1116 = PRODUCT_DEFINITION_SHAPE ( 'NONE', 'NONE',  #602 ) ;
#1117 = VERTEX_POINT ( 'NONE', #874 ) ;
#1118 = AXIS2_PLACEMENT_3D ( 'NONE', #1114, #1324, #423 ) ;
#1119 = EDGE_CURVE ( 'NONE', #267, #645, #568, .T. ) ;
#1120 = ORIENTED_EDGE ( 'NONE', *, *, #44, .F. ) ;
#1121 = SURFACE_STYLE_USAGE ( .BOTH. , #318 ) ;
#1122 =( NAMED_UNIT ( * ) SI_UNIT ( $, .STERADIAN. ) SOLID_ANGLE_UNIT ( ) );
#1123 = ORIENTED_EDGE ( 'NONE', *, *, #959, .F. ) ;
#1124 = DIRECTION ( 'NONE',  ( -1.000000000000000000, 4.956352788505158300E-016, 0.0000000000000000000 ) ) ;
#1125 =( NAMED_UNIT ( * ) PLANE_ANGLE_UNIT ( ) SI_UNIT ( $, .RADIAN. ) );
#1126 = VECTOR ( 'NONE', #164, 1000.000000000000000 ) ;
#1127 = SURFACE_SIDE_STYLE ('',( #1038 ) ) ;
#1128 = CARTESIAN_POINT ( 'NONE',  ( -68.40040191508569500, 5.000000000000032900, -9.000000000000007100 ) ) ;
#1129 = AXIS2_PLACEMENT_3D ( 'NONE', #151, #515, #630 ) ;
#1130 = FACE_OUTER_BOUND ( 'NONE', #279, .T. ) ;
#1131 = ORIENTED_EDGE ( 'NONE', *, *, #571, .F. ) ;
#1132 = CARTESIAN_POINT ( 'NONE',  ( 252.0000000000000000, 0.0000000000000000000, 22.00000000000000000 ) ) ;
#1133 = FACE_BOUND ( 'NONE', #1325, .T. ) ;
#1134 = CARTESIAN_POINT ( 'NONE',  ( 200.5000000000000000, -5.000000000000000000, 12.50000000000000000 ) ) ;
#1135 = EDGE_CURVE ( 'NONE', #1117, #1182, #1224, .T. ) ;
#1136 = APPLICATION_CONTEXT ( 'automotive_design' ) ;
#1137 = CARTESIAN_POINT ( 'NONE',  ( 200.5000000000000000, 0.0000000000000000000, 12.50000000000000000 ) ) ;
#1138 = AXIS2_PLACEMENT_3D ( 'NONE', #1205, #79, #893 ) ;
#1139 = ORIENTED_EDGE ( 'NONE', *, *, #1468, .T. ) ;
#1140 = SURFACE_STYLE_USAGE ( .BOTH. , #685 ) ;
#1141 = LINE ( 'NONE', #970, #590 ) ;
#1142 = DIRECTION ( 'NONE',  ( 0.0000000000000000000, 0.0000000000000000000, 1.000000000000000000 ) ) ;
#1143 = DIRECTION ( 'NONE',  ( 0.0000000000000000000, 1.000000000000000000, 0.0000000000000000000 ) ) ;
#1144 = ORIENTED_EDGE ( 'NONE', *, *, #959, .T. ) ;
#1145 = FACE_OUTER_BOUND ( 'NONE', #829, .T. ) ;
#1146 = EDGE_LOOP ( 'NONE', ( #154, #1229, #564, #927 ) ) ;
#1147 = PRESENTATION_LAYER_ASSIGNMENT (  '', '', ( #299 ) ) ;
#1148 = ORIENTED_EDGE ( 'NONE', *, *, #257, .T. ) ;
#1149 = EDGE_CURVE ( 'NONE', #345, #1480, #1177, .T. ) ;
#1150 = SURFACE_STYLE_FILL_AREA ( #1296 ) ;
#1151 = STYLED_ITEM ( 'NONE', ( #491 ), #256 ) ;
#1152 = EDGE_LOOP ( 'NONE', ( #327, #430 ) ) ;
#1153 = DIRECTION ( 'NONE',  ( 1.000000000000000000, -4.932174826065553000E-016, 1.849272887339157900E-016 ) ) ;
#1154 = AXIS2_PLACEMENT_3D ( 'NONE', #838, #1186, #1303 ) ;
#1155 = FACE_OUTER_BOUND ( 'NONE', #677, .T. ) ;
#1156 = FILL_AREA_STYLE_COLOUR ( '', #1394 ) ;
#1157 = CIRCLE ( 'NONE', #25, 4.000000000000000000 ) ;
#1158 = CARTESIAN_POINT ( 'NONE',  ( -67.84097245096171500, 5.000000000000032000, -15.56000000000000200 ) ) ;
#1159 = ORIENTED_EDGE ( 'NONE', *, *, #575, .T. ) ;
#1160 = VECTOR ( 'NONE', #649, 1000.000000000000000 ) ;
#1161 = FACE_OUTER_BOUND ( 'NONE', #635, .T. ) ;
#1162 = ORIENTED_EDGE ( 'NONE', *, *, #97, .T. ) ;
#1163 = VERTEX_POINT ( 'NONE', #111 ) ;
#1164 =( GEOMETRIC_REPRESENTATION_CONTEXT ( 3 ) GLOBAL_UNCERTAINTY_ASSIGNED_CONTEXT ( ( #1237 ) ) GLOBAL_UNIT_ASSIGNED_CONTEXT ( ( #316, #432, #408 ) ) REPRESENTATION_CONTEXT ( 'NONE', 'WORKASPACE' ) );
#1165 = EDGE_CURVE ( 'NONE', #1363, #1089, #890, .T. ) ;
#1166 =( NAMED_UNIT ( * ) PLANE_ANGLE_UNIT ( ) SI_UNIT ( $, .RADIAN. ) );
#1167 = ADVANCED_FACE ( 'NONE', ( #987 ), #73, .F. ) ;
#1168 = FACE_OUTER_BOUND ( 'NONE', #1010, .T. ) ;
#1169 = SURFACE_SIDE_STYLE ('',( #1310 ) ) ;
#1170 = SURFACE_STYLE_FILL_AREA ( #1004 ) ;
#1171 = VECTOR ( 'NONE', #1336, 1000.000000000000100 ) ;
#1172 = AXIS2_PLACEMENT_3D ( 'NONE', #701, #704, #8 ) ;
#1173 = ORIENTED_EDGE ( 'NONE', *, *, #588, .F. ) ;
#1174 = ADVANCED_FACE ( 'NONE', ( #1161 ), #847, .F. ) ;
#1175 = AXIS2_PLACEMENT_3D ( 'NONE', #216, #1265, #928 ) ;
#1176 = DIRECTION ( 'NONE',  ( -0.7071067811865509000, 3.573162945485313900E-016, -0.7071067811865442400 ) ) ;
#1177 = LINE ( 'NONE', #1106, #925 ) ;
#1178 = SURFACE_STYLE_FILL_AREA ( #882 ) ;
#1179 = CARTESIAN_POINT ( 'NONE',  ( 252.0000000000000000, 5.000000000000000000, -16.99999999999996800 ) ) ;
#1180 =( LENGTH_UNIT ( ) NAMED_UNIT ( * ) SI_UNIT ( .MILLI., .METRE. ) );
#1181 = DIRECTION ( 'NONE',  ( 0.0000000000000000000, 1.000000000000000000, 0.0000000000000000000 ) ) ;
#1182 = VERTEX_POINT ( 'NONE', #261 ) ;
#1183 = EDGE_LOOP ( 'NONE', ( #658, #1162, #232, #1120 ) ) ;
#1184 = ADVANCED_FACE ( 'NONE', ( #1415 ), #745, .T. ) ;
#1185 = FACE_BOUND ( 'NONE', #889, .T. ) ;
#1186 = DIRECTION ( 'NONE',  ( 0.0000000000000000000, 1.000000000000000000, 0.0000000000000000000 ) ) ;
#1187 = CARTESIAN_POINT ( 'NONE',  ( -74.78097245096171300, 5.000000000000035500, 22.00000000000000000 ) ) ;
#1188 = FILL_AREA_STYLE_COLOUR ( '', #1307 ) ;
#1189 = MECHANICAL_DESIGN_GEOMETRIC_PRESENTATION_REPRESENTATION (  '', ( #725 ), #35 ) ;
#1190 = UNCERTAINTY_MEASURE_WITH_UNIT (LENGTH_MEASURE( 1.000000000000000100E-005 ), #1239, 'distance_accuracy_value', 'NONE');
#1191 = EDGE_CURVE ( 'NONE', #691, #127, #764, .T. ) ;
#1192 = SURFACE_STYLE_FILL_AREA ( #249 ) ;
#1193 = ADVANCED_FACE ( 'NONE', ( #484 ), #498, .F. ) ;
#1194 = PRESENTATION_STYLE_ASSIGNMENT (( #1455 ) ) ;
#1195 = CARTESIAN_POINT ( 'NONE',  ( -71.34097245096171500, 3.566682900819359300E-014, -15.56000000000000200 ) ) ;
#1196 = ORIENTED_EDGE ( 'NONE', *, *, #913, .F. ) ;
#1197 = FILL_AREA_STYLE ('',( #742 ) ) ;
#1198 = DIRECTION ( 'NONE',  ( 0.0000000000000000000, 0.0000000000000000000, 1.000000000000000000 ) ) ;
#1199 = FACE_OUTER_BOUND ( 'NONE', #303, .T. ) ;
#1200 = PRESENTATION_LAYER_ASSIGNMENT (  '', '', ( #663 ) ) ;
#1201 = CARTESIAN_POINT ( 'NONE',  ( -43.72097245096172500, 10.00000000000002100, -15.56000000000000200 ) ) ;
#1202 = ADVANCED_FACE ( 'NONE', ( #546 ), #280, .F. ) ;
#1203 = DIRECTION ( 'NONE',  ( -1.000000000000000000, 4.956352788505158300E-016, 0.0000000000000000000 ) ) ;
#1204 = ORIENTED_EDGE ( 'NONE', *, *, #881, .T. ) ;
#1205 = CARTESIAN_POINT ( 'NONE',  ( 200.5000000000000000, 0.0000000000000000000, 8.500000000000000000 ) ) ;
#1206 = CARTESIAN_POINT ( 'NONE',  ( -74.84097245096171500, 5.000000000000035500, -15.56000000000000200 ) ) ;
#1207 = CIRCLE ( 'NONE', #1259, 3.500000000000003100 ) ;
#1208 = DIRECTION ( 'NONE',  ( 1.000000000000000000, -5.137129139784314300E-016, 0.0000000000000000000 ) ) ;
#1209 = PRESENTATION_LAYER_ASSIGNMENT (  '', '', ( #1151 ) ) ;
#1210 = SURFACE_STYLE_USAGE ( .BOTH. , #1315 ) ;
#1211 = DIRECTION ( 'NONE',  ( -0.7071067811865456900, -0.0000000000000000000, -0.7071067811865494600 ) ) ;
#1212 = AXIS2_PLACEMENT_3D ( 'NONE', #689, #200, #792 ) ;
#1213 = UNCERTAINTY_MEASURE_WITH_UNIT (LENGTH_MEASURE( 1.000000000000000100E-005 ), #399, 'distance_accuracy_value', 'NONE');
#1214 = ORIENTED_EDGE ( 'NONE', *, *, #89, .F. ) ;
#1215 = DIRECTION ( 'NONE',  ( 0.7071067811865493500, -0.0000000000000000000, 0.7071067811865455700 ) ) ;
#1216 = VECTOR ( 'NONE', #212, 1000.000000000000000 ) ;
#1217 = SURFACE_SIDE_STYLE ('',( #1178 ) ) ;
#1218 = CYLINDRICAL_SURFACE ( 'NONE', #150, 4.000000000000000000 ) ;
#1219 = CARTESIAN_POINT ( 'NONE',  ( 200.5000000000000000, 0.0000000000000000000, -4.500000000000000900 ) ) ;
#1220 = ORIENTED_EDGE ( 'NONE', *, *, #44, .T. ) ;
#1221 = DIRECTION ( 'NONE',  ( -5.137129139784316200E-016, -1.000000000000000000, 0.0000000000000000000 ) ) ;
#1222 = ORIENTED_EDGE ( 'NONE', *, *, #18, .T. ) ;
#1223 = PLANE ( 'NONE',  #770 ) ;
#1224 = CIRCLE ( 'NONE', #1064, 15.50000000000001400 ) ;
#1225 = PRESENTATION_STYLE_ASSIGNMENT (( #1210 ) ) ;
#1226 = EDGE_CURVE ( 'NONE', #687, #748, #1046, .T. ) ;
#1227 = ORIENTED_EDGE ( 'NONE', *, *, #224, .F. ) ;
#1228 = CARTESIAN_POINT ( 'NONE',  ( -40.22097245096171700, 5.000000000000019500, -15.56000000000000200 ) ) ;
#1229 = ORIENTED_EDGE ( 'NONE', *, *, #598, .T. ) ;
#1230 = VERTEX_POINT ( 'NONE', #157 ) ;
#1231 = DIRECTION ( 'NONE',  ( 1.000000000000000000, -5.137129139784314300E-016, 0.0000000000000000000 ) ) ;
#1232 = DIRECTION ( 'NONE',  ( 0.0000000000000000000, 1.000000000000000000, 0.0000000000000000000 ) ) ;
#1233 = DIRECTION ( 'NONE',  ( 0.0000000000000000000, 0.0000000000000000000, 1.000000000000000000 ) ) ;
#1234 = EDGE_CURVE ( 'NONE', #421, #986, #781, .T. ) ;
#1235 = FILL_AREA_STYLE ('',( #225 ) ) ;
#1236 = VECTOR ( 'NONE', #1090, 1000.000000000000000 ) ;
#1237 = UNCERTAINTY_MEASURE_WITH_UNIT (LENGTH_MEASURE( 1.000000000000000100E-005 ), #316, 'distance_accuracy_value', 'NONE');
#1238 = VECTOR ( 'NONE', #222, 1000.000000000000000 ) ;
#1239 =( LENGTH_UNIT ( ) NAMED_UNIT ( * ) SI_UNIT ( .MILLI., .METRE. ) );
#1240 = CARTESIAN_POINT ( 'NONE',  ( 195.5000000000000000, 5.000000000000000000, 8.500000000000000000 ) ) ;
#1241 = DIRECTION ( 'NONE',  ( 0.0000000000000000000, 0.0000000000000000000, -1.000000000000000000 ) ) ;
#1242 = DIRECTION ( 'NONE',  ( -5.137129139784316200E-016, -1.000000000000000000, 0.0000000000000000000 ) ) ;
#1243 =( LENGTH_UNIT ( ) NAMED_UNIT ( * ) SI_UNIT ( .MILLI., .METRE. ) );
#1244 = CARTESIAN_POINT ( 'NONE',  ( -77.78097245096171300, 3.721253307623333300E-014, 22.00000000000000000 ) ) ;
#1245 = ORIENTED_EDGE ( 'NONE', *, *, #1226, .T. ) ;
#1246 = CARTESIAN_POINT ( 'NONE',  ( 200.5000000000000000, 5.000000000000000000, 8.500000000000000000 ) ) ;
#1247 = EDGE_LOOP ( 'NONE', ( #1430, #968, #313, #374 ) ) ;
#1248 = CARTESIAN_POINT ( 'NONE',  ( -74.78097245096174100, 5.000000000000035500, -22.00000000000000000 ) ) ;
#1249 = FILL_AREA_STYLE ('',( #450 ) ) ;
#1250 = PRESENTATION_STYLE_ASSIGNMENT (( #609 ) ) ;
#1251 = SURFACE_STYLE_FILL_AREA ( #1068 ) ;
#1252 = CARTESIAN_POINT ( 'NONE',  ( -77.78097245096171300, 3.721253307623333300E-014, 19.00000000000002500 ) ) ;
#1253 = PRESENTATION_STYLE_ASSIGNMENT (( #931 ) ) ;
#1254 = AXIS2_PLACEMENT_3D ( 'NONE', #1456, #1221, #943 ) ;
#1255 = EDGE_CURVE ( 'NONE', #1379, #645, #865, .T. ) ;
#1256 = FACE_OUTER_BOUND ( 'NONE', #497, .T. ) ;
#1257 = ORIENTED_EDGE ( 'NONE', *, *, #1191, .T. ) ;
#1258 = CARTESIAN_POINT ( 'NONE',  ( -43.72097245096173200, 10.00000000000002100, 15.55999999999999200 ) ) ;
#1259 = AXIS2_PLACEMENT_3D ( 'NONE', #997, #579, #699 ) ;
#1260 = UNCERTAINTY_MEASURE_WITH_UNIT (LENGTH_MEASURE( 1.000000000000000100E-005 ), #393, 'distance_accuracy_value', 'NONE');
#1261 =( GEOMETRIC_REPRESENTATION_CONTEXT ( 3 ) GLOBAL_UNCERTAINTY_ASSIGNED_CONTEXT ( ( #782 ) ) GLOBAL_UNIT_ASSIGNED_CONTEXT ( ( #1487, #1008, #799 ) ) REPRESENTATION_CONTEXT ( 'NONE', 'WORKASPACE' ) );
#1262 = CARTESIAN_POINT ( 'NONE',  ( 247.5000000000000000, -5.000000000000000000, -12.69999999999999900 ) ) ;
#1263 = FILL_AREA_STYLE ('',( #675 ) ) ;
#1264 = EDGE_LOOP ( 'NONE', ( #470, #1071 ) ) ;
#1265 = DIRECTION ( 'NONE',  ( 1.849272887339157900E-016, -9.499953636963067200E-032, -1.000000000000000000 ) ) ;
#1266 = ORIENTED_EDGE ( 'NONE', *, *, #698, .F. ) ;
#1267 = CARTESIAN_POINT ( 'NONE',  ( 195.5000000000000000, 5.000000000000000000, 4.500000000000000900 ) ) ;
#1268 = LINE ( 'NONE', #538, #360 ) ;
#1269 = PRESENTATION_LAYER_ASSIGNMENT (  '', '', ( #992 ) ) ;
#1270 = VERTEX_POINT ( 'NONE', #1101 ) ;
#1271 = EDGE_CURVE ( 'NONE', #986, #523, #1435, .T. ) ;
#1272 = CIRCLE ( 'NONE', #1277, 3.500000000000010200 ) ;
#1273 = MECHANICAL_DESIGN_GEOMETRIC_PRESENTATION_REPRESENTATION (  '', ( #574 ), #866 ) ;
#1274 = VERTEX_POINT ( 'NONE', #64 ) ;
#1275 = DIRECTION ( 'NONE',  ( 1.000000000000000000, -5.595882180570340200E-016, 0.0000000000000000000 ) ) ;
#1276 = ORIENTED_EDGE ( 'NONE', *, *, #1226, .F. ) ;
#1277 = AXIS2_PLACEMENT_3D ( 'NONE', #1228, #644, #1351 ) ;
#1278 =( LENGTH_UNIT ( ) NAMED_UNIT ( * ) SI_UNIT ( .MILLI., .METRE. ) );
#1279 = LINE ( 'NONE', #1017, #681 ) ;
#1280 = VECTOR ( 'NONE', #1232, 1000.000000000000000 ) ;
#1281 = ORIENTED_EDGE ( 'NONE', *, *, #545, .T. ) ;
#1282 = EDGE_CURVE ( 'NONE', #523, #935, #391, .T. ) ;
#1283 = LINE ( 'NONE', #557, #605 ) ;
#1284 = ADVANCED_FACE ( 'NONE', ( #1373 ), #74, .T. ) ;
#1285 = AXIS2_PLACEMENT_3D ( 'NONE', #1348, #979, #294 ) ;
#1286 = CARTESIAN_POINT ( 'NONE',  ( 247.5000000000000000, 5.000000000000000000, 12.69999999999999900 ) ) ;
#1287 = ORIENTED_EDGE ( 'NONE', *, *, #1102, .T. ) ;
#1288 = CYLINDRICAL_SURFACE ( 'NONE', #329, 3.500000000000010200 ) ;
#1289 = EDGE_LOOP ( 'NONE', ( #244, #179, #862, #1148 ) ) ;
#1290 = ORIENTED_EDGE ( 'NONE', *, *, #926, .F. ) ;
#1291 = CARTESIAN_POINT ( 'NONE',  ( -71.34097245096171500, 10.00000000000003600, 15.55999999999999900 ) ) ;
#1292 = AXIS2_PLACEMENT_3D ( 'NONE', #1472, #786, #999 ) ;
#1293 = EDGE_CURVE ( 'NONE', #600, #1033, #14, .T. ) ;
#1294 = SURFACE_STYLE_USAGE ( .BOTH. , #1169 ) ;
#1295 = ADVANCED_FACE ( 'NONE', ( #1199 ), #1223, .T. ) ;
#1296 = FILL_AREA_STYLE ('',( #958 ) ) ;
#1297 = FACE_OUTER_BOUND ( 'NONE', #1382, .T. ) ;
#1298 = EDGE_CURVE ( 'NONE', #1002, #594, #483, .T. ) ;
#1299 = ORIENTED_EDGE ( 'NONE', *, *, #1298, .T. ) ;
#1300 = CARTESIAN_POINT ( 'NONE',  ( -67.84097245096171500, 3.386883380926907800E-014, -15.56000000000000200 ) ) ;
#1301 = ORIENTED_EDGE ( 'NONE', *, *, #607, .T. ) ;
#1302 = PRODUCT_DEFINITION_CONTEXT ( 'detailed design', #1497, 'design' ) ;
#1303 = DIRECTION ( 'NONE',  ( 0.0000000000000000000, 0.0000000000000000000, 1.000000000000000000 ) ) ;
#1304 = ORIENTED_EDGE ( 'NONE', *, *, #926, .T. ) ;
#1305 =( GEOMETRIC_REPRESENTATION_CONTEXT ( 3 ) GLOBAL_UNCERTAINTY_ASSIGNED_CONTEXT ( ( #1213 ) ) GLOBAL_UNIT_ASSIGNED_CONTEXT ( ( #399, #39, #269 ) ) REPRESENTATION_CONTEXT ( 'NONE', 'WORKASPACE' ) );
#1306 = SURFACE_SIDE_STYLE ('',( #1458 ) ) ;
#1307 = COLOUR_RGB ( '',1.000000000000000000, 0.0000000000000000000, 0.0000000000000000000 ) ;
#1308 = DIRECTION ( 'NONE',  ( -1.000000000000000000, 0.0000000000000000000, 0.0000000000000000000 ) ) ;
#1309 = ADVANCED_FACE ( 'NONE', ( #363, #908, #1057, #211, #1007, #1133, #88, #566, #671 ), #307, .T. ) ;
#1310 = SURFACE_STYLE_FILL_AREA ( #415 ) ;
#1311 = FACE_BOUND ( 'NONE', #1326, .T. ) ;
#1312 = ORIENTED_EDGE ( 'NONE', *, *, #929, .F. ) ;
#1313 = DIRECTION ( 'NONE',  ( 1.000000000000000000, -5.137129139784334000E-016, 0.0000000000000000000 ) ) ;
#1314 = ORIENTED_EDGE ( 'NONE', *, *, #175, .T. ) ;
#1315 = SURFACE_SIDE_STYLE ('',( #51 ) ) ;
#1316 = PRESENTATION_STYLE_ASSIGNMENT (( #445 ) ) ;
#1317 = DIRECTION ( 'NONE',  ( 0.0000000000000000000, 0.0000000000000000000, 1.000000000000000000 ) ) ;
#1318 = CARTESIAN_POINT ( 'NONE',  ( 195.5000000000000000, -5.000000000000000000, -8.500000000000000000 ) ) ;
#1319 = VECTOR ( 'NONE', #312, 1000.000000000000000 ) ;
#1320 = CIRCLE ( 'NONE', #622, 3.500000000000010200 ) ;
#1321 = CARTESIAN_POINT ( 'NONE',  ( 200.5000000000000000, 0.0000000000000000000, -12.50000000000000000 ) ) ;
#1322 = UNCERTAINTY_MEASURE_WITH_UNIT (LENGTH_MEASURE( 1.000000000000000100E-005 ), #155, 'distance_accuracy_value', 'NONE');
#1323 = VECTOR ( 'NONE', #891, 1000.000000000000000 ) ;
#1324 = DIRECTION ( 'NONE',  ( 4.932174826065553000E-016, 1.000000000000000000, 0.0000000000000000000 ) ) ;
#1325 = EDGE_LOOP ( 'NONE', ( #106, #189 ) ) ;
#1326 = EDGE_LOOP ( 'NONE', ( #1220, #1388, #559, #1389 ) ) ;
#1327 = DIRECTION ( 'NONE',  ( 0.0000000000000000000, -1.000000000000000000, 0.0000000000000000000 ) ) ;
#1328 = STYLED_ITEM ( 'NONE', ( #597 ), #1088 ) ;
#1329 = EDGE_CURVE ( 'NONE', #431, #580, #1400, .T. ) ;
#1330 =( NAMED_UNIT ( * ) PLANE_ANGLE_UNIT ( ) SI_UNIT ( $, .RADIAN. ) );
#1331 = CARTESIAN_POINT ( 'NONE',  ( 195.5000000000000000, 5.000000000000000000, -12.50000000000000000 ) ) ;
#1332 = CARTESIAN_POINT ( 'NONE',  ( 200.5000000000000000, 0.0000000000000000000, 4.500000000000000900 ) ) ;
#1333 = ORIENTED_EDGE ( 'NONE', *, *, #613, .F. ) ;
#1334 = CARTESIAN_POINT ( 'NONE',  ( 200.5000000000000000, 5.000000000000000000, 12.50000000000000000 ) ) ;
#1335 = DIRECTION ( 'NONE',  ( -1.000000000000000000, 4.932174826065553000E-016, -1.849272887339157900E-016 ) ) ;
#1336 = DIRECTION ( 'NONE',  ( 0.7071067811865441300, -3.487574265508516200E-016, -0.7071067811865507900 ) ) ;
#1337 = CARTESIAN_POINT ( 'NONE',  ( 247.0000000000000000, 9.999999999999998200, 22.00000000000000000 ) ) ;
#1338 = DIRECTION ( 'NONE',  ( -5.137129139784316200E-016, -1.000000000000000000, 0.0000000000000000000 ) ) ;
#1339 = ORIENTED_EDGE ( 'NONE', *, *, #840, .F. ) ;
#1340 = PRESENTATION_LAYER_ASSIGNMENT (  '', '', ( #1054 ) ) ;
#1341 = DIRECTION ( 'NONE',  ( 1.000000000000000000, -5.137129139784316200E-016, 1.849272887339157900E-016 ) ) ;
#1342 = DIRECTION ( 'NONE',  ( -0.7071067811865493500, -0.0000000000000000000, 0.7071067811865455700 ) ) ;
#1343 = VECTOR ( 'NONE', #1143, 1000.000000000000000 ) ;
#1344 = DIRECTION ( 'NONE',  ( 0.0000000000000000000, 1.000000000000000000, 0.0000000000000000000 ) ) ;
#1345 = DIRECTION ( 'NONE',  ( 0.0000000000000000000, 0.0000000000000000000, 1.000000000000000000 ) ) ;
#1346 = PRESENTATION_STYLE_ASSIGNMENT (( #1121 ) ) ;
#1347 = LINE ( 'NONE', #1132, #1398 ) ;
#1348 = CARTESIAN_POINT ( 'NONE',  ( -40.22097245096172500, 5.000000000000019500, 15.55999999999999200 ) ) ;
#1349 = EDGE_LOOP ( 'NONE', ( #1204, #142, #1257, #1431 ) ) ;
#1350 = FILL_AREA_STYLE_COLOUR ( '', #297 ) ;
#1351 = DIRECTION ( 'NONE',  ( -1.000000000000000000, 4.956352788505148500E-016, 0.0000000000000000000 ) ) ;
#1352 = DIRECTION ( 'NONE',  ( -5.137129139784316200E-016, -1.000000000000000000, 0.0000000000000000000 ) ) ;
#1353 = CARTESIAN_POINT ( 'NONE',  ( -74.78097245096174100, 3.573288062841367300E-014, -22.00000000000000000 ) ) ;
#1354 = DIRECTION ( 'NONE',  ( -1.000000000000000000, 0.0000000000000000000, 0.0000000000000000000 ) ) ;
#1355 = CARTESIAN_POINT ( 'NONE',  ( 247.5000000000000000, 0.0000000000000000000, -14.35000000000001600 ) ) ;
#1356 = AXIS2_PLACEMENT_3D ( 'NONE', #99, #676, #1485 ) ;
#1357 = EDGE_CURVE ( 'NONE', #1379, #1454, #1272, .T. ) ;
#1358 = CARTESIAN_POINT ( 'NONE',  ( 195.5000000000000000, -5.000000000000000000, 12.50000000000000000 ) ) ;
#1359 = EDGE_LOOP ( 'NONE', ( #1214, #1159, #767, #806 ) ) ;
#1360 = DIRECTION ( 'NONE',  ( 0.0000000000000000000, 1.000000000000000000, 0.0000000000000000000 ) ) ;
#1361 = DIRECTION ( 'NONE',  ( -5.137129139784316200E-016, -1.000000000000000000, 0.0000000000000000000 ) ) ;
#1362 = ORIENTED_EDGE ( 'NONE', *, *, #1387, .T. ) ;
#1363 = VERTEX_POINT ( 'NONE', #553 ) ;
#1364 = DIRECTION ( 'NONE',  ( 0.0000000000000000000, 0.0000000000000000000, -1.000000000000000000 ) ) ;
#1365 = SURFACE_STYLE_FILL_AREA ( #33 ) ;
#1366 = ORIENTED_EDGE ( 'NONE', *, *, #771, .F. ) ;
#1367 = AXIS2_PLACEMENT_3D ( 'NONE', #1195, #492, #1313 ) ;
#1368 = VECTOR ( 'NONE', #1215, 1000.000000000000100 ) ;
#1369 = SURFACE_STYLE_FILL_AREA ( #1020 ) ;
#1370 = CARTESIAN_POINT ( 'NONE',  ( 200.5000000000000000, 5.000000000000000000, -8.500000000000000000 ) ) ;
#1371 = ORIENTED_EDGE ( 'NONE', *, *, #588, .T. ) ;
#1372 = VERTEX_POINT ( 'NONE', #1097 ) ;
#1373 = FACE_OUTER_BOUND ( 'NONE', #76, .T. ) ;
#1374 = EDGE_CURVE ( 'NONE', #1006, #835, #712, .T. ) ;
#1375 = PLANE ( 'NONE',  #1457 ) ;
#1376 = PRESENTATION_STYLE_ASSIGNMENT (( #1417 ) ) ;
#1377 = MECHANICAL_DESIGN_GEOMETRIC_PRESENTATION_REPRESENTATION (  '', ( #124 ), #1305 ) ;
#1378 = DIRECTION ( 'NONE',  ( 1.000000000000000000, 0.0000000000000000000, 0.0000000000000000000 ) ) ;
#1379 = VERTEX_POINT ( 'NONE', #59 ) ;
#1380 = AXIS2_PLACEMENT_3D ( 'NONE', #1461, #805, #454 ) ;
#1381 = EDGE_CURVE ( 'NONE', #1372, #493, #963, .T. ) ;
#1382 = EDGE_LOOP ( 'NONE', ( #1281, #707, #469, #349 ) ) ;
#1383 = ORIENTED_EDGE ( 'NONE', *, *, #308, .F. ) ;
#1384 = CARTESIAN_POINT ( 'NONE',  ( -36.72097245096171000, 1.788208792626029100E-014, -15.56000000000000200 ) ) ;
#1385 = VECTOR ( 'NONE', #220, 1000.000000000000000 ) ;
#1386 = DIRECTION ( 'NONE',  ( 0.0000000000000000000, 1.000000000000000000, 0.0000000000000000000 ) ) ;
#1387 = EDGE_CURVE ( 'NONE', #751, #1450, #596, .T. ) ;
#1388 = ORIENTED_EDGE ( 'NONE', *, *, #308, .T. ) ;
#1389 = ORIENTED_EDGE ( 'NONE', *, *, #801, .T. ) ;
#1390 = AXIS2_PLACEMENT_3D ( 'NONE', #595, #822, #121 ) ;
#1391 = PLANE ( 'NONE',  #366 ) ;
#1392 = ORIENTED_EDGE ( 'NONE', *, *, #643, .F. ) ;
#1393 = SURFACE_STYLE_USAGE ( .BOTH. , #1035 ) ;
#1394 = COLOUR_RGB ( '',1.000000000000000000, 0.0000000000000000000, 0.0000000000000000000 ) ;
#1395 = EDGE_LOOP ( 'NONE', ( #58, #845, #1333, #1173 ) ) ;
#1396 = LINE ( 'NONE', #565, #978 ) ;
#1397 = VERTEX_POINT ( 'NONE', #880 ) ;
#1398 = VECTOR ( 'NONE', #1364, 1000.000000000000000 ) ;
#1399 = CIRCLE ( 'NONE', #549, 15.50000000000001400 ) ;
#1400 = CIRCLE ( 'NONE', #1118, 15.50000000000001400 ) ;
#1401 = EDGE_LOOP ( 'NONE', ( #1276, #1043, #1047, #16 ) ) ;
#1402 = DIRECTION ( 'NONE',  ( 0.0000000000000000000, 1.000000000000000000, 0.0000000000000000000 ) ) ;
#1403 = STYLED_ITEM ( 'NONE', ( #109 ), #1174 ) ;
#1404 = EDGE_CURVE ( 'NONE', #1026, #625, #1481, .T. ) ;
#1405 = FACE_BOUND ( 'NONE', #231, .T. ) ;
#1406 = ORIENTED_EDGE ( 'NONE', *, *, #457, .T. ) ;
#1407 = LINE ( 'NONE', #219, #1016 ) ;
#1408 = EDGE_CURVE ( 'NONE', #580, #1117, #246, .T. ) ;
#1409 = CARTESIAN_POINT ( 'NONE',  ( 195.5000000000000000, 5.000000000000000000, -4.500000000000000900 ) ) ;
#1410 = LINE ( 'NONE', #477, #11 ) ;
#1411 = ORIENTED_EDGE ( 'NONE', *, *, #1234, .F. ) ;
#1412 = UNCERTAINTY_MEASURE_WITH_UNIT (LENGTH_MEASURE( 1.000000000000000100E-005 ), #290, 'distance_accuracy_value', 'NONE');
#1413 = ORIENTED_EDGE ( 'NONE', *, *, #1293, .F. ) ;
#1414 = ADVANCED_FACE ( 'NONE', ( #1092 ), #762, .F. ) ;
#1415 = FACE_OUTER_BOUND ( 'NONE', #48, .T. ) ;
#1416 = PRESENTATION_STYLE_ASSIGNMENT (( #433 ) ) ;
#1417 = SURFACE_STYLE_USAGE ( .BOTH. , #34 ) ;
#1418 = DIRECTION ( 'NONE',  ( 0.0000000000000000000, 0.0000000000000000000, 1.000000000000000000 ) ) ;
#1419 = ORIENTED_EDGE ( 'NONE', *, *, #682, .F. ) ;
#1420 = ORIENTED_EDGE ( 'NONE', *, *, #330, .F. ) ;
#1421 = FACE_OUTER_BOUND ( 'NONE', #452, .T. ) ;
#1422 = EDGE_CURVE ( 'NONE', #292, #1397, #324, .T. ) ;
#1423 = CIRCLE ( 'NONE', #1154, 1.650000000000016100 ) ;
#1424 = CARTESIAN_POINT ( 'NONE',  ( -40.28097245096171300, 5.000000000000018700, -6.938893903907228400E-015 ) ) ;
#1425 =( LENGTH_UNIT ( ) NAMED_UNIT ( * ) SI_UNIT ( .MILLI., .METRE. ) );
#1426 = LINE ( 'NONE', #783, #207 ) ;
#1427 = ADVANCED_FACE ( 'NONE', ( #263 ), #1375, .F. ) ;
#1428 = DIRECTION ( 'NONE',  ( -5.137129139784316200E-016, -1.000000000000000000, 0.0000000000000000000 ) ) ;
#1429 = CYLINDRICAL_SURFACE ( 'NONE', #800, 4.000000000000000000 ) ;
#1430 = ORIENTED_EDGE ( 'NONE', *, *, #1496, .F. ) ;
#1431 = ORIENTED_EDGE ( 'NONE', *, *, #198, .F. ) ;
#1432 = AXIS2_PLACEMENT_3D ( 'NONE', #1091, #544, #661 ) ;
#1433 = EDGE_CURVE ( 'NONE', #1454, #1379, #194, .T. ) ;
#1434 =( LENGTH_UNIT ( ) NAMED_UNIT ( * ) SI_UNIT ( .MILLI., .METRE. ) );
#1435 = LINE ( 'NONE', #735, #323 ) ;
#1436 = CARTESIAN_POINT ( 'NONE',  ( 246.9999999999999400, 0.0000000000000000000, -22.00000000000000000 ) ) ;
#1437 = DIRECTION ( 'NONE',  ( -5.137129139784316200E-016, -1.000000000000000000, 0.0000000000000000000 ) ) ;
#1438 = CARTESIAN_POINT ( 'NONE',  ( -36.72097245096170300, 10.00000000000001800, -15.56000000000000200 ) ) ;
#1439 = DIRECTION ( 'NONE',  ( 0.0000000000000000000, 1.000000000000000000, 0.0000000000000000000 ) ) ;
#1440 = CARTESIAN_POINT ( 'NONE',  ( -77.78097245096171300, 3.721253307623333300E-014, 22.00000000000000000 ) ) ;
#1441 = EDGE_CURVE ( 'NONE', #1048, #1023, #418, .T. ) ;
#1442 = EDGE_LOOP ( 'NONE', ( #1131, #1366 ) ) ;
#1443 = SURFACE_STYLE_FILL_AREA ( #347 ) ;
#1444 = DIRECTION ( 'NONE',  ( 4.932174826065553000E-016, 1.000000000000000000, 0.0000000000000000000 ) ) ;
#1445 = PRESENTATION_LAYER_ASSIGNMENT (  '', '', ( #731 ) ) ;
#1446 =( NAMED_UNIT ( * ) SI_UNIT ( $, .STERADIAN. ) SOLID_ANGLE_UNIT ( ) );
#1447 = DIRECTION ( 'NONE',  ( 4.932174826065553000E-016, 1.000000000000000000, 0.0000000000000000000 ) ) ;
#1448 = AXIS2_PLACEMENT_3D ( 'NONE', #84, #213, #899 ) ;
#1449 = FILL_AREA_STYLE_COLOUR ( '', #909 ) ;
#1450 = VERTEX_POINT ( 'NONE', #1005 ) ;
#1451 = LINE ( 'NONE', #291, #102 ) ;
#1452 = FACE_OUTER_BOUND ( 'NONE', #1401, .T. ) ;
#1453 = DIRECTION ( 'NONE',  ( 0.0000000000000000000, 1.000000000000000000, 0.0000000000000000000 ) ) ;
#1454 = VERTEX_POINT ( 'NONE', #90 ) ;
#1455 = SURFACE_STYLE_USAGE ( .BOTH. , #528 ) ;
#1456 = CARTESIAN_POINT ( 'NONE',  ( -40.22097245096171700, 1.968008312518480600E-014, -15.56000000000000200 ) ) ;
#1457 = AXIS2_PLACEMENT_3D ( 'NONE', #1358, #567, #325 ) ;
#1458 = SURFACE_STYLE_FILL_AREA ( #41 ) ;
#1459 = EDGE_CURVE ( 'NONE', #435, #600, #15, .T. ) ;
#1460 = DIRECTION ( 'NONE',  ( 0.0000000000000000000, 1.000000000000000000, 0.0000000000000000000 ) ) ;
#1461 = CARTESIAN_POINT ( 'NONE',  ( -1.780972450961718000, 10.00000000000000000, -22.00000000000000000 ) ) ;
#1462 = CIRCLE ( 'NONE', #1448, 1.650000000000016100 ) ;
#1463 = PRESENTATION_STYLE_ASSIGNMENT (( #651 ) ) ;
#1464 = ORIENTED_EDGE ( 'NONE', *, *, #1282, .F. ) ;
#1465 = DIRECTION ( 'NONE',  ( 0.0000000000000000000, -1.000000000000000000, 0.0000000000000000000 ) ) ;
#1466 = EDGE_LOOP ( 'NONE', ( #886, #1406, #1290, #7 ) ) ;
#1467 = DIRECTION ( 'NONE',  ( -5.137129139784316200E-016, -1.000000000000000000, 0.0000000000000000000 ) ) ;
#1468 = EDGE_CURVE ( 'NONE', #594, #1002, #91, .T. ) ;
#1469 = FACE_BOUND ( 'NONE', #1070, .T. ) ;
#1470 = UNCERTAINTY_MEASURE_WITH_UNIT (LENGTH_MEASURE( 1.000000000000000100E-005 ), #1425, 'distance_accuracy_value', 'NONE');
#1471 = CARTESIAN_POINT ( 'NONE',  ( 195.5000000000000000, 5.000000000000000000, 4.500000000000000900 ) ) ;
#1472 = CARTESIAN_POINT ( 'NONE',  ( -55.78097245096172700, 5.000000000000025800, -6.938893903907228400E-015 ) ) ;
#1473 = MECHANICAL_DESIGN_GEOMETRIC_PRESENTATION_REPRESENTATION (  '', ( #684 ), #107 ) ;
#1474 = DIRECTION ( 'NONE',  ( 0.0000000000000000000, 1.000000000000000000, 0.0000000000000000000 ) ) ;
#1475 = VECTOR ( 'NONE', #392, 1000.000000000000000 ) ;
#1476 = PRODUCT ( 'Q235-5.0-BAN8-N10', 'Q235-5.0-BAN8-N10', '', ( #922 ) ) ;
#1477 = CARTESIAN_POINT ( 'NONE',  ( -55.78097245096172700, 10.00000000000002800, -6.938893903907228400E-015 ) ) ;
#1478 = CIRCLE ( 'NONE', #45, 3.500000000000003100 ) ;
#1479 = CIRCLE ( 'NONE', #386, 3.500000000000003100 ) ;
#1480 = VERTEX_POINT ( 'NONE', #1009 ) ;
#1481 = LINE ( 'NONE', #1440, #1160 ) ;
#1482 = CARTESIAN_POINT ( 'NONE',  ( -77.78097245096171300, 3.721253307623333300E-014, 19.00000000000002500 ) ) ;
#1483 = SURFACE_STYLE_FILL_AREA ( #547 ) ;
#1484 = PRODUCT_DEFINITION_FORMATION_WITH_SPECIFIED_SOURCE ( '任何', '', #1476, .NOT_KNOWN. ) ;
#1485 = DIRECTION ( 'NONE',  ( 1.000000000000000000, -5.137129139784314300E-016, 0.0000000000000000000 ) ) ;
#1486 = ORIENTED_EDGE ( 'NONE', *, *, #1096, .F. ) ;
#1487 =( LENGTH_UNIT ( ) NAMED_UNIT ( * ) SI_UNIT ( .MILLI., .METRE. ) );
#1488 = EDGE_LOOP ( 'NONE', ( #487, #1464 ) ) ;
#1489 = APPLICATION_PROTOCOL_DEFINITION ( 'draft international standard', 'automotive_design', 1998, #1136 ) ;
#1490 = UNCERTAINTY_MEASURE_WITH_UNIT (LENGTH_MEASURE( 1.000000000000000100E-005 ), #255, 'distance_accuracy_value', 'NONE');
#1491 = MECHANICAL_DESIGN_GEOMETRIC_PRESENTATION_REPRESENTATION (  '', ( #362 ), #403 ) ;
#1492 = EDGE_CURVE ( 'NONE', #835, #110, #158, .T. ) ;
#1493 = FILL_AREA_STYLE_COLOUR ( '', #128 ) ;
#1494 = FACE_OUTER_BOUND ( 'NONE', #172, .T. ) ;
#1495 = VERTEX_POINT ( 'NONE', #1027 ) ;
#1496 = EDGE_CURVE ( 'NONE', #1080, #1372, #1462, .T. ) ;
#1497 = APPLICATION_CONTEXT ( 'automotive_design' ) ;
ENDSEC;
END-ISO-10303-21;
