ISO-10303-21;
HEADER;
FILE_DESCRIPTION (( 'STEP AP214' ),
    '1' );
FILE_NAME ('Q235-5.0-BAN11-N2.STEP',
    '2026-07-03T06:17:21',
    ( '' ),
    ( '' ),
    'SwSTEP 2.0',
    'SolidWorks 2016',
    '' );
FILE_SCHEMA (( 'AUTOMOTIVE_DESIGN' ));
ENDSEC;

DATA;
#1 = ORIENTED_EDGE ( 'NONE', *, *, #1442, .F. ) ;
#2 = CIRCLE ( 'NONE', #343, 4.000000000000000000 ) ;
#3 = DIRECTION ( 'NONE',  ( -1.000000000000000000, 0.0000000000000000000, 0.0000000000000000000 ) ) ;
#4 = EDGE_CURVE ( 'NONE', #1619, #408, #1356, .T. ) ;
#5 = DIRECTION ( 'NONE',  ( 0.0000000000000000000, 0.0000000000000000000, 1.000000000000000000 ) ) ;
#6 = CARTESIAN_POINT ( 'NONE',  ( 187.5000000000000000, -5.000000000000000000, -14.35000000000001600 ) ) ;
#7 = PRESENTATION_LAYER_ASSIGNMENT (  '', '', ( #1528 ) ) ;
#8 = ORIENTED_EDGE ( 'NONE', *, *, #859, .F. ) ;
#9 = FACE_OUTER_BOUND ( 'NONE', #107, .T. ) ;
#10 = ORIENTED_EDGE ( 'NONE', *, *, #528, .T. ) ;
#11 = LINE ( 'NONE', #559, #822 ) ;
#12 = DIRECTION ( 'NONE',  ( 0.7071067811865474600, -0.0000000000000000000, -0.7071067811865474600 ) ) ;
#13 = ADVANCED_FACE ( 'NONE', ( #1314 ), #396, .F. ) ;
#14 = AXIS2_PLACEMENT_3D ( 'NONE', #61, #979, #1108 ) ;
#15 = ORIENTED_EDGE ( 'NONE', *, *, #1343, .T. ) ;
#16 = ADVANCED_FACE ( 'NONE', ( #9 ), #134, .T. ) ;
#17 = CARTESIAN_POINT ( 'NONE',  ( 135.5000000000000000, 5.000000000000000000, -4.500000000000000900 ) ) ;
#18 = CIRCLE ( 'NONE', #1186, 1.650000000000016100 ) ;
#19 = ORIENTED_EDGE ( 'NONE', *, *, #607, .T. ) ;
#20 = FACE_OUTER_BOUND ( 'NONE', #270, .T. ) ;
#21 = EDGE_CURVE ( 'NONE', #661, #309, #620, .T. ) ;
#22 = CYLINDRICAL_SURFACE ( 'NONE', #888, 15.50000000000000000 ) ;
#23 = FILL_AREA_STYLE_COLOUR ( '', #1580 ) ;
#24 = ORIENTED_EDGE ( 'NONE', *, *, #1298, .T. ) ;
#25 = EDGE_LOOP ( 'NONE', ( #1484, #675 ) ) ;
#26 = ADVANCED_FACE ( 'NONE', ( #592 ), #1449, .F. ) ;
#27 = FACE_OUTER_BOUND ( 'NONE', #1068, .T. ) ;
#28 = DIRECTION ( 'NONE',  ( 0.0000000000000000000, 1.000000000000000000, 0.0000000000000000000 ) ) ;
#29 = STYLED_ITEM ( 'NONE', ( #1267 ), #973 ) ;
#30 = CARTESIAN_POINT ( 'NONE',  ( -59.92097245096172700, 5.000000000000030200, 14.14000000000000400 ) ) ;
#31 = DIRECTION ( 'NONE',  ( -1.000000000000000000, 5.137129139784316200E-016, 0.0000000000000000000 ) ) ;
#32 = AXIS2_PLACEMENT_3D ( 'NONE', #1293, #465, #197 ) ;
#33 = ADVANCED_FACE ( 'NONE', ( #27 ), #1052, .T. ) ;
#34 = EDGE_CURVE ( 'NONE', #937, #1647, #298, .T. ) ;
#35 = DIRECTION ( 'NONE',  ( 0.0000000000000000000, 0.0000000000000000000, 1.000000000000000000 ) ) ;
#36 = AXIS2_PLACEMENT_3D ( 'NONE', #590, #882, #1650 ) ;
#37 = ORIENTED_EDGE ( 'NONE', *, *, #1654, .F. ) ;
#38 = DIRECTION ( 'NONE',  ( -5.137129139784316200E-016, -1.000000000000000000, 0.0000000000000000000 ) ) ;
#39 = VECTOR ( 'NONE', #982, 1000.000000000000100 ) ;
#40 = FILL_AREA_STYLE ('',( #1599 ) ) ;
#41 = FACE_OUTER_BOUND ( 'NONE', #429, .T. ) ;
#42 = DIRECTION ( 'NONE',  ( 0.0000000000000000000, 1.000000000000000000, 0.0000000000000000000 ) ) ;
#43 = AXIS2_PLACEMENT_3D ( 'NONE', #1263, #1407, #1255 ) ;
#44 =( NAMED_UNIT ( * ) SI_UNIT ( $, .STERADIAN. ) SOLID_ANGLE_UNIT ( ) );
#45 = ORIENTED_EDGE ( 'NONE', *, *, #1445, .T. ) ;
#46 = FACE_BOUND ( 'NONE', #1456, .T. ) ;
#47 = CARTESIAN_POINT ( 'NONE',  ( 21.49999999999997900, -5.000000000000000000, -11.04999999999999700 ) ) ;
#48 = DIRECTION ( 'NONE',  ( 0.0000000000000000000, 1.000000000000000000, 0.0000000000000000000 ) ) ;
#49 = ORIENTED_EDGE ( 'NONE', *, *, #259, .T. ) ;
#50 = DIRECTION ( 'NONE',  ( 5.137129139784316200E-016, 1.000000000000000000, 0.0000000000000000000 ) ) ;
#51 = DIRECTION ( 'NONE',  ( 0.0000000000000000000, 1.000000000000000000, 0.0000000000000000000 ) ) ;
#52 =( NAMED_UNIT ( * ) SI_UNIT ( $, .STERADIAN. ) SOLID_ANGLE_UNIT ( ) );
#53 = ORIENTED_EDGE ( 'NONE', *, *, #638, .F. ) ;
#54 = EDGE_CURVE ( 'NONE', #918, #1647, #992, .T. ) ;
#55 = DIRECTION ( 'NONE',  ( 5.137129139784316200E-016, 1.000000000000000000, 0.0000000000000000000 ) ) ;
#56 = CYLINDRICAL_SURFACE ( 'NONE', #1469, 1.650000000000002100 ) ;
#57 = ORIENTED_EDGE ( 'NONE', *, *, #162, .T. ) ;
#58 = LINE ( 'NONE', #1008, #1310 ) ;
#59 = MECHANICAL_DESIGN_GEOMETRIC_PRESENTATION_REPRESENTATION (  '', ( #1684 ), #994 ) ;
#60 = ORIENTED_EDGE ( 'NONE', *, *, #356, .T. ) ;
#61 = CARTESIAN_POINT ( 'NONE',  ( -63.42097245096173500, 3.159822272948442100E-014, -14.14000000000000100 ) ) ;
#62 = EDGE_LOOP ( 'NONE', ( #1132, #285 ) ) ;
#63 = MECHANICAL_DESIGN_GEOMETRIC_PRESENTATION_REPRESENTATION (  '', ( #101 ), #858 ) ;
#64 = CARTESIAN_POINT ( 'NONE',  ( 135.5000000000000000, -5.000000000000000000, 4.500000000000000900 ) ) ;
#65 = ORIENTED_EDGE ( 'NONE', *, *, #119, .F. ) ;
#66 = EDGE_CURVE ( 'NONE', #756, #918, #933, .T. ) ;
#67 = PRESENTATION_LAYER_ASSIGNMENT (  '', '', ( #1591 ) ) ;
#68 =( LENGTH_UNIT ( ) NAMED_UNIT ( * ) SI_UNIT ( .MILLI., .METRE. ) );
#69 = CARTESIAN_POINT ( 'NONE',  ( 187.5000000000000000, 5.000000000000000000, 12.69999999999999900 ) ) ;
#70 = ORIENTED_EDGE ( 'NONE', *, *, #816, .F. ) ;
#71 = PRESENTATION_LAYER_ASSIGNMENT (  '', '', ( #1368 ) ) ;
#72 = DIRECTION ( 'NONE',  ( 5.137129139784316200E-016, 1.000000000000000000, 0.0000000000000000000 ) ) ;
#73 = PLANE ( 'NONE',  #1644 ) ;
#74 = EDGE_CURVE ( 'NONE', #535, #394, #553, .T. ) ;
#75 = UNCERTAINTY_MEASURE_WITH_UNIT (LENGTH_MEASURE( 1.000000000000000100E-005 ), #1458, 'distance_accuracy_value', 'NONE');
#76 = CARTESIAN_POINT ( 'NONE',  ( -1.780972450961718000, 10.00000000000000000, -20.00000000000000000 ) ) ;
#77 = VECTOR ( 'NONE', #543, 1000.000000000000100 ) ;
#78 = AXIS2_PLACEMENT_3D ( 'NONE', #196, #723, #462 ) ;
#79 = DIRECTION ( 'NONE',  ( 0.0000000000000000000, 0.0000000000000000000, 1.000000000000000000 ) ) ;
#80 = SURFACE_STYLE_FILL_AREA ( #908 ) ;
#81 = EDGE_CURVE ( 'NONE', #1218, #1691, #743, .T. ) ;
#82 =( LENGTH_UNIT ( ) NAMED_UNIT ( * ) SI_UNIT ( .MILLI., .METRE. ) );
#83 = ORIENTED_EDGE ( 'NONE', *, *, #1682, .T. ) ;
#84 = SURFACE_SIDE_STYLE ('',( #786 ) ) ;
#85 = SURFACE_STYLE_FILL_AREA ( #728 ) ;
#86 = ORIENTED_EDGE ( 'NONE', *, *, #555, .F. ) ;
#87 = DIRECTION ( 'NONE',  ( 0.0000000000000000000, 1.000000000000000000, 0.0000000000000000000 ) ) ;
#88 = ORIENTED_EDGE ( 'NONE', *, *, #1515, .F. ) ;
#89 = CARTESIAN_POINT ( 'NONE',  ( 187.5000000000000000, 0.0000000000000000000, -14.35000000000001600 ) ) ;
#90 = EDGE_CURVE ( 'NONE', #957, #1261, #949, .T. ) ;
#91 = AXIS2_PLACEMENT_3D ( 'NONE', #1153, #1671, #459 ) ;
#92 = SURFACE_STYLE_USAGE ( .BOTH. , #357 ) ;
#93 = COLOUR_RGB ( '',1.000000000000000000, 0.0000000000000000000, 0.0000000000000000000 ) ;
#94 = CARTESIAN_POINT ( 'NONE',  ( 135.5000000000000000, 0.0000000000000000000, -12.50000000000000000 ) ) ;
#95 = CARTESIAN_POINT ( 'NONE',  ( 187.0000000000000300, 9.999999999999996400, -20.00000000000000000 ) ) ;
#96 = CARTESIAN_POINT ( 'NONE',  ( 187.5000000000000000, 5.000000000000000000, -14.35000000000001600 ) ) ;
#97 = EDGE_LOOP ( 'NONE', ( #1159, #1250, #1313, #1324 ) ) ;
#98 = DIRECTION ( 'NONE',  ( 0.7071067811865435800, -0.0000000000000000000, 0.7071067811865513500 ) ) ;
#99 = DIRECTION ( 'NONE',  ( 1.000000000000000000, 0.0000000000000000000, 0.0000000000000000000 ) ) ;
#100 = ORIENTED_EDGE ( 'NONE', *, *, #81, .T. ) ;
#101 = STYLED_ITEM ( 'NONE', ( #1396 ), #1345 ) ;
#102 = CARTESIAN_POINT ( 'NONE',  ( -69.28097245096172700, 5.000000000000034600, 20.00000000000000000 ) ) ;
#103 = CIRCLE ( 'NONE', #264, 4.000000000000000000 ) ;
#104 = ORIENTED_EDGE ( 'NONE', *, *, #730, .F. ) ;
#105 = DIRECTION ( 'NONE',  ( 0.0000000000000000000, 0.0000000000000000000, 1.000000000000000000 ) ) ;
#106 = DIRECTION ( 'NONE',  ( 1.000000000000000000, -5.137129139784317200E-016, 0.0000000000000000000 ) ) ;
#107 = EDGE_LOOP ( 'NONE', ( #623, #744, #1600, #956 ) ) ;
#108 = VECTOR ( 'NONE', #1417, 1000.000000000000000 ) ;
#109 = SURFACE_STYLE_USAGE ( .BOTH. , #915 ) ;
#110 = ORIENTED_EDGE ( 'NONE', *, *, #1085, .F. ) ;
#111 = EDGE_CURVE ( 'NONE', #980, #1093, #1404, .T. ) ;
#112 = FILL_AREA_STYLE ('',( #1688 ) ) ;
#113 = CIRCLE ( 'NONE', #650, 4.000000000000000000 ) ;
#114 = PRESENTATION_LAYER_ASSIGNMENT (  '', '', ( #29 ) ) ;
#115 = DIRECTION ( 'NONE',  ( 1.000000000000000000, -5.137129139784317200E-016, 0.0000000000000000000 ) ) ;
#116 =( NAMED_UNIT ( * ) SI_UNIT ( $, .STERADIAN. ) SOLID_ANGLE_UNIT ( ) );
#117 = AXIS2_PLACEMENT_3D ( 'NONE', #1699, #1556, #909 ) ;
#118 = VECTOR ( 'NONE', #711, 1000.000000000000000 ) ;
#119 = EDGE_CURVE ( 'NONE', #202, #713, #280, .T. ) ;
#120 = AXIS2_PLACEMENT_3D ( 'NONE', #1405, #1523, #611 ) ;
#121 = DIRECTION ( 'NONE',  ( -5.053215498074302900E-016, -1.000000000000000000, 0.0000000000000000000 ) ) ;
#122 = CARTESIAN_POINT ( 'NONE',  ( -69.28097245096172700, 5.000000000000034600, -9.000000000000007100 ) ) ;
#123 = ORIENTED_EDGE ( 'NONE', *, *, #81, .F. ) ;
#124 = UNCERTAINTY_MEASURE_WITH_UNIT (LENGTH_MEASURE( 1.000000000000000100E-005 ), #717, 'distance_accuracy_value', 'NONE');
#125 = VECTOR ( 'NONE', #307, 1000.000000000000000 ) ;
#126 = DIRECTION ( 'NONE',  ( -0.7071067811865474600, 3.632498850572505500E-016, 0.7071067811865474600 ) ) ;
#127 = ORIENTED_EDGE ( 'NONE', *, *, #1694, .T. ) ;
#128 = CARTESIAN_POINT ( 'NONE',  ( -35.14097245096172600, 1.707042152217437800E-014, 14.13999999999998800 ) ) ;
#129 = EDGE_LOOP ( 'NONE', ( #1179, #1272, #1060, #1500 ) ) ;
#130 = DIRECTION ( 'NONE',  ( 0.0000000000000000000, -1.000000000000000000, 0.0000000000000000000 ) ) ;
#131 = AXIS2_PLACEMENT_3D ( 'NONE', #477, #72, #602 ) ;
#132 = VECTOR ( 'NONE', #152, 1000.000000000000000 ) ;
#133 = CARTESIAN_POINT ( 'NONE',  ( -69.28097245096172700, 5.000000000000034600, 8.999999999999991100 ) ) ;
#134 = PLANE ( 'NONE',  #1609 ) ;
#135 = EDGE_LOOP ( 'NONE', ( #1328, #563, #669, #1 ) ) ;
#136 = ORIENTED_EDGE ( 'NONE', *, *, #1051, .F. ) ;
#137 = CARTESIAN_POINT ( 'NONE',  ( 140.5000000000000000, 0.0000000000000000000, 8.500000000000000000 ) ) ;
#138 = VECTOR ( 'NONE', #997, 1000.000000000000000 ) ;
#139 = LINE ( 'NONE', #569, #39 ) ;
#140 = VECTOR ( 'NONE', #225, 1000.000000000000000 ) ;
#141 = EDGE_LOOP ( 'NONE', ( #185, #987, #965, #1633 ) ) ;
#142 = VECTOR ( 'NONE', #951, 1000.000000000000000 ) ;
#143 = EDGE_CURVE ( 'NONE', #1230, #957, #894, .T. ) ;
#144 = ORIENTED_EDGE ( 'NONE', *, *, #1434, .F. ) ;
#145 = ADVANCED_FACE ( 'NONE', ( #46, #1382, #1226, #679, #1649, #1567, #1048, #1675, #536, #337, #1208 ), #558, .T. ) ;
#146 = ORIENTED_EDGE ( 'NONE', *, *, #176, .F. ) ;
#147 = FACE_OUTER_BOUND ( 'NONE', #141, .T. ) ;
#148 = VECTOR ( 'NONE', #1317, 1000.000000000000000 ) ;
#149 = AXIS2_PLACEMENT_3D ( 'NONE', #168, #958, #1084 ) ;
#150 = VERTEX_POINT ( 'NONE', #658 ) ;
#151 = LINE ( 'NONE', #448, #409 ) ;
#152 = DIRECTION ( 'NONE',  ( 0.0000000000000000000, 1.000000000000000000, 0.0000000000000000000 ) ) ;
#153 = CARTESIAN_POINT ( 'NONE',  ( 187.5000000000000000, 5.000000000000000000, 14.35000000000001600 ) ) ;
#154 =( GEOMETRIC_REPRESENTATION_CONTEXT ( 3 ) GLOBAL_UNCERTAINTY_ASSIGNED_CONTEXT ( ( #622 ) ) GLOBAL_UNIT_ASSIGNED_CONTEXT ( ( #1703, #903, #116 ) ) REPRESENTATION_CONTEXT ( 'NONE', 'WORKASPACE' ) );
#155 = EDGE_CURVE ( 'NONE', #383, #1425, #1297, .T. ) ;
#156 = CARTESIAN_POINT ( 'NONE',  ( 187.5000000000000000, -5.000000000000000000, 12.69999999999999900 ) ) ;
#157 = CARTESIAN_POINT ( 'NONE',  ( 187.5000000000000000, 0.0000000000000000000, -12.69999999999999900 ) ) ;
#158 = ORIENTED_EDGE ( 'NONE', *, *, #990, .F. ) ;
#159 = VECTOR ( 'NONE', #263, 1000.000000000000000 ) ;
#160 = CIRCLE ( 'NONE', #944, 3.500000000000003100 ) ;
#161 = FILL_AREA_STYLE ('',( #1229 ) ) ;
#162 = EDGE_CURVE ( 'NONE', #325, #1364, #516, .T. ) ;
#163 = CARTESIAN_POINT ( 'NONE',  ( 192.0000000000000000, 5.000000000000000000, -14.99999999999996800 ) ) ;
#164 = VERTEX_POINT ( 'NONE', #779 ) ;
#165 = SURFACE_STYLE_FILL_AREA ( #161 ) ;
#166 = ORIENTED_EDGE ( 'NONE', *, *, #1054, .T. ) ;
#167 = FILL_AREA_STYLE ('',( #1136 ) ) ;
#168 = CARTESIAN_POINT ( 'NONE',  ( -69.28097245096172700, 10.00000000000003600, 8.999999999999991100 ) ) ;
#169 = ORIENTED_EDGE ( 'NONE', *, *, #1318, .F. ) ;
#170 = STYLED_ITEM ( 'NONE', ( #362 ), #810 ) ;
#171 = SURFACE_SIDE_STYLE ('',( #721 ) ) ;
#172 = EDGE_CURVE ( 'NONE', #1342, #1230, #662, .T. ) ;
#173 = PRESENTATION_STYLE_ASSIGNMENT (( #1021 ) ) ;
#174 = CARTESIAN_POINT ( 'NONE',  ( 0.0000000000000000000, 5.000000000000000000, 20.00000000000000000 ) ) ;
#175 =( LENGTH_UNIT ( ) NAMED_UNIT ( * ) SI_UNIT ( .MILLI., .METRE. ) );
#176 = EDGE_CURVE ( 'NONE', #535, #767, #804, .T. ) ;
#177 = DIRECTION ( 'NONE',  ( -5.137129139784316200E-016, -1.000000000000000000, 0.0000000000000000000 ) ) ;
#178 = CARTESIAN_POINT ( 'NONE',  ( -59.92097245096172700, 2.980022753055991300E-014, -14.14000000000000100 ) ) ;
#179 = AXIS2_PLACEMENT_3D ( 'NONE', #174, #1439, #5 ) ;
#180 = EDGE_LOOP ( 'NONE', ( #1133, #570, #86, #1288 ) ) ;
#181 = VERTEX_POINT ( 'NONE', #178 ) ;
#182 = ORIENTED_EDGE ( 'NONE', *, *, #1608, .F. ) ;
#183 = FACE_OUTER_BOUND ( 'NONE', #1520, .T. ) ;
#184 = COLOUR_RGB ( '',1.000000000000000000, 0.0000000000000000000, 0.0000000000000000000 ) ;
#185 = ORIENTED_EDGE ( 'NONE', *, *, #700, .T. ) ;
#186 = VECTOR ( 'NONE', #400, 1000.000000000000000 ) ;
#187 =( GEOMETRIC_REPRESENTATION_CONTEXT ( 3 ) GLOBAL_UNCERTAINTY_ASSIGNED_CONTEXT ( ( #1353 ) ) GLOBAL_UNIT_ASSIGNED_CONTEXT ( ( #82, #608, #1413 ) ) REPRESENTATION_CONTEXT ( 'NONE', 'WORKASPACE' ) );
#188 = CARTESIAN_POINT ( 'NONE',  ( 192.0000000000000000, 5.000000000000000000, -14.99999999999996800 ) ) ;
#189 = ORIENTED_EDGE ( 'NONE', *, *, #1445, .F. ) ;
#190 = CARTESIAN_POINT ( 'NONE',  ( -63.42097245096173500, 10.00000000000003200, 14.14000000000000400 ) ) ;
#191 = VERTEX_POINT ( 'NONE', #1618 ) ;
#192 = DIRECTION ( 'NONE',  ( 1.000000000000000000, -5.137129139784316200E-016, 0.0000000000000000000 ) ) ;
#193 = EDGE_LOOP ( 'NONE', ( #491, #60, #1594, #796 ) ) ;
#194 = LINE ( 'NONE', #941, #1626 ) ;
#195 = DIRECTION ( 'NONE',  ( -5.137129139784316200E-016, -1.000000000000000000, 0.0000000000000000000 ) ) ;
#196 = CARTESIAN_POINT ( 'NONE',  ( 135.5000000000000000, -5.000000000000000000, 8.500000000000000000 ) ) ;
#197 = DIRECTION ( 'NONE',  ( 1.000000000000000000, -5.137129139784315200E-016, 0.0000000000000000000 ) ) ;
#198 = FILL_AREA_STYLE_COLOUR ( '', #1494 ) ;
#199 = EDGE_CURVE ( 'NONE', #763, #1355, #850, .T. ) ;
#200 = VERTEX_POINT ( 'NONE', #648 ) ;
#201 = CARTESIAN_POINT ( 'NONE',  ( -61.90040191508569500, 10.00000000000003000, 8.999999999999991100 ) ) ;
#202 = VERTEX_POINT ( 'NONE', #708 ) ;
#203 = FACE_OUTER_BOUND ( 'NONE', #1530, .T. ) ;
#204 = DIRECTION ( 'NONE',  ( 1.000000000000000000, -5.137129139784317200E-016, 0.0000000000000000000 ) ) ;
#205 = FILL_AREA_STYLE_COLOUR ( '', #1376 ) ;
#206 = VECTOR ( 'NONE', #1000, 1000.000000000000000 ) ;
#207 = PRESENTATION_STYLE_ASSIGNMENT (( #238 ) ) ;
#208 = CARTESIAN_POINT ( 'NONE',  ( -38.64097245096171900, 10.00000000000002000, -14.13999999999999900 ) ) ;
#209 = DIRECTION ( 'NONE',  ( -0.7071067811865513500, 0.0000000000000000000, 0.7071067811865436900 ) ) ;
#210 = FILL_AREA_STYLE ('',( #205 ) ) ;
#211 = VECTOR ( 'NONE', #1308, 1000.000000000000000 ) ;
#212 = EDGE_CURVE ( 'NONE', #881, #1258, #1637, .T. ) ;
#213 =( GEOMETRIC_REPRESENTATION_CONTEXT ( 3 ) GLOBAL_UNCERTAINTY_ASSIGNED_CONTEXT ( ( #1117 ) ) GLOBAL_UNIT_ASSIGNED_CONTEXT ( ( #898, #249, #769 ) ) REPRESENTATION_CONTEXT ( 'NONE', 'WORKASPACE' ) );
#214 = ORIENTED_EDGE ( 'NONE', *, *, #432, .F. ) ;
#215 = FILL_AREA_STYLE_COLOUR ( '', #926 ) ;
#216 = DIRECTION ( 'NONE',  ( -5.137129139784316200E-016, -1.000000000000000000, 0.0000000000000000000 ) ) ;
#217 = MECHANICAL_DESIGN_GEOMETRIC_PRESENTATION_REPRESENTATION (  '', ( #445 ), #833 ) ;
#218 = CARTESIAN_POINT ( 'NONE',  ( 135.5000000000000000, 5.000000000000000000, -12.50000000000000000 ) ) ;
#219 = ORIENTED_EDGE ( 'NONE', *, *, #647, .T. ) ;
#220 = CARTESIAN_POINT ( 'NONE',  ( -59.92097245096172700, 5.000000000000030200, -14.14000000000000100 ) ) ;
#221 = FILL_AREA_STYLE ('',( #628 ) ) ;
#222 = ORIENTED_EDGE ( 'NONE', *, *, #1247, .F. ) ;
#223 = ORIENTED_EDGE ( 'NONE', *, *, #914, .F. ) ;
#224 = UNCERTAINTY_MEASURE_WITH_UNIT (LENGTH_MEASURE( 1.000000000000000100E-005 ), #1281, 'distance_accuracy_value', 'NONE');
#225 = DIRECTION ( 'NONE',  ( -5.137129139784316200E-016, -1.000000000000000000, 0.0000000000000000000 ) ) ;
#226 = CIRCLE ( 'NONE', #710, 1.650000000000016100 ) ;
#227 = FILL_AREA_STYLE_COLOUR ( '', #321 ) ;
#228 = DIRECTION ( 'NONE',  ( 0.0000000000000000000, 0.0000000000000000000, 1.000000000000000000 ) ) ;
#229 = ORIENTED_EDGE ( 'NONE', *, *, #419, .F. ) ;
#230 = FILL_AREA_STYLE_COLOUR ( '', #547 ) ;
#231 = EDGE_LOOP ( 'NONE', ( #917, #1448, #15, #1190, #1026, #1491, #1224, #1620, #349, #1480, #88, #1419, #1366 ) ) ;
#232 = FACE_OUTER_BOUND ( 'NONE', #615, .T. ) ;
#233 = EDGE_LOOP ( 'NONE', ( #315, #797, #1066, #978 ) ) ;
#234 = AXIS2_PLACEMENT_3D ( 'NONE', #1074, #296, #300 ) ;
#235 = ORIENTED_EDGE ( 'NONE', *, *, #363, .F. ) ;
#236 = FACE_OUTER_BOUND ( 'NONE', #1676, .T. ) ;
#237 = DIRECTION ( 'NONE',  ( 0.0000000000000000000, 0.0000000000000000000, -1.000000000000000000 ) ) ;
#238 = SURFACE_STYLE_USAGE ( .BOTH. , #1570 ) ;
#239 = FILL_AREA_STYLE_COLOUR ( '', #761 ) ;
#240 = PRESENTATION_LAYER_ASSIGNMENT (  '', '', ( #765 ) ) ;
#241 = CARTESIAN_POINT ( 'NONE',  ( 187.0000000000000000, 9.999999999999998200, 20.00000000000000000 ) ) ;
#242 =( NAMED_UNIT ( * ) PLANE_ANGLE_UNIT ( ) SI_UNIT ( $, .RADIAN. ) );
#243 = ORIENTED_EDGE ( 'NONE', *, *, #730, .T. ) ;
#244 = DIRECTION ( 'NONE',  ( 0.0000000000000000000, 0.0000000000000000000, -1.000000000000000000 ) ) ;
#245 = APPLICATION_CONTEXT ( 'automotive_design' ) ;
#246 = MECHANICAL_DESIGN_GEOMETRIC_PRESENTATION_REPRESENTATION (  '', ( #1385 ), #748 ) ;
#247 = ORIENTED_EDGE ( 'NONE', *, *, #912, .F. ) ;
#248 = EDGE_CURVE ( 'NONE', #1592, #1251, #1400, .T. ) ;
#249 =( NAMED_UNIT ( * ) PLANE_ANGLE_UNIT ( ) SI_UNIT ( $, .RADIAN. ) );
#250 = PRESENTATION_LAYER_ASSIGNMENT (  '', '', ( #967 ) ) ;
#251 = ORIENTED_EDGE ( 'NONE', *, *, #1337, .T. ) ;
#252 = VECTOR ( 'NONE', #237, 1000.000000000000000 ) ;
#253 = VECTOR ( 'NONE', #595, 1000.000000000000100 ) ;
#254 = CARTESIAN_POINT ( 'NONE',  ( -69.28097245096172700, 3.460858040539803000E-014, -14.99999999999996800 ) ) ;
#255 = VECTOR ( 'NONE', #314, 1000.000000000000000 ) ;
#256 = VECTOR ( 'NONE', #1571, 1000.000000000000000 ) ;
#257 = CARTESIAN_POINT ( 'NONE',  ( -69.28097245096172700, 3.460858040539803000E-014, 20.00000000000000000 ) ) ;
#258 = ORIENTED_EDGE ( 'NONE', *, *, #21, .F. ) ;
#259 = EDGE_CURVE ( 'NONE', #1093, #699, #817, .T. ) ;
#260 = CARTESIAN_POINT ( 'NONE',  ( -63.42097245096173500, 3.159822272948442100E-014, 14.14000000000000400 ) ) ;
#261 = CARTESIAN_POINT ( 'NONE',  ( 21.49999999999997900, -5.000000000000000000, 14.35000000000000100 ) ) ;
#262 = CYLINDRICAL_SURFACE ( 'NONE', #275, 3.500000000000003100 ) ;
#263 = DIRECTION ( 'NONE',  ( 1.000000000000000000, -5.137129139784316200E-016, 0.0000000000000000000 ) ) ;
#264 = AXIS2_PLACEMENT_3D ( 'NONE', #1273, #625, #1539 ) ;
#265 = DIRECTION ( 'NONE',  ( -5.137129139784316200E-016, -1.000000000000000000, 0.0000000000000000000 ) ) ;
#266 = ORIENTED_EDGE ( 'NONE', *, *, #1584, .T. ) ;
#267 = EDGE_CURVE ( 'NONE', #1555, #699, #551, .T. ) ;
#268 = CARTESIAN_POINT ( 'NONE',  ( -63.42097245096173500, 5.000000000000032000, 14.14000000000000400 ) ) ;
#269 = ORIENTED_EDGE ( 'NONE', *, *, #1283, .T. ) ;
#270 = EDGE_LOOP ( 'NONE', ( #852, #1049, #333, #758 ) ) ;
#271 = VECTOR ( 'NONE', #335, 1000.000000000000000 ) ;
#272 = LINE ( 'NONE', #1623, #1149 ) ;
#273 = EDGE_CURVE ( 'NONE', #1462, #718, #469, .T. ) ;
#274 = VECTOR ( 'NONE', #1015, 1000.000000000000000 ) ;
#275 = AXIS2_PLACEMENT_3D ( 'NONE', #503, #1424, #1552 ) ;
#276 = DIRECTION ( 'NONE',  ( 0.0000000000000000000, 0.0000000000000000000, 1.000000000000000000 ) ) ;
#277 = ORIENTED_EDGE ( 'NONE', *, *, #1495, .F. ) ;
#278 = EDGE_LOOP ( 'NONE', ( #223, #1305, #1039, #403 ) ) ;
#279 = CYLINDRICAL_SURFACE ( 'NONE', #1030, 3.500000000000003100 ) ;
#280 = CIRCLE ( 'NONE', #364, 4.000000000000000000 ) ;
#281 = ORIENTED_EDGE ( 'NONE', *, *, #1553, .F. ) ;
#282 =( GEOMETRIC_REPRESENTATION_CONTEXT ( 3 ) GLOBAL_UNCERTAINTY_ASSIGNED_CONTEXT ( ( #653 ) ) GLOBAL_UNIT_ASSIGNED_CONTEXT ( ( #1233, #1245, #1492 ) ) REPRESENTATION_CONTEXT ( 'NONE', 'WORKASPACE' ) );
#283 = ADVANCED_FACE ( 'NONE', ( #1596 ), #1018, .F. ) ;
#284 = VECTOR ( 'NONE', #993, 1000.000000000000000 ) ;
#285 = ORIENTED_EDGE ( 'NONE', *, *, #1638, .T. ) ;
#286 = ORIENTED_EDGE ( 'NONE', *, *, #34, .F. ) ;
#287 = ADVANCED_FACE ( 'NONE', ( #1670 ), #424, .F. ) ;
#288 = CARTESIAN_POINT ( 'NONE',  ( -59.92097245096172700, 10.00000000000003000, -14.14000000000000100 ) ) ;
#289 = ORIENTED_EDGE ( 'NONE', *, *, #1337, .F. ) ;
#290 = PRESENTATION_STYLE_ASSIGNMENT (( #598 ) ) ;
#291 = EDGE_CURVE ( 'NONE', #386, #597, #962, .T. ) ;
#292 = CIRCLE ( 'NONE', #131, 3.500000000000003100 ) ;
#293 =( NAMED_UNIT ( * ) PLANE_ANGLE_UNIT ( ) SI_UNIT ( $, .RADIAN. ) );
#294 = CYLINDRICAL_SURFACE ( 'NONE', #795, 3.500000000000003100 ) ;
#295 = ORIENTED_EDGE ( 'NONE', *, *, #1119, .F. ) ;
#296 = DIRECTION ( 'NONE',  ( 0.0000000000000000000, 1.000000000000000000, 0.0000000000000000000 ) ) ;
#297 = ADVANCED_FACE ( 'NONE', ( #929 ), #22, .F. ) ;
#298 = LINE ( 'NONE', #519, #211 ) ;
#299 = CARTESIAN_POINT ( 'NONE',  ( 140.5000000000000000, -5.000000000000000000, -12.50000000000000000 ) ) ;
#300 = DIRECTION ( 'NONE',  ( 0.0000000000000000000, 0.0000000000000000000, 1.000000000000000000 ) ) ;
#301 =( LENGTH_UNIT ( ) NAMED_UNIT ( * ) SI_UNIT ( .MILLI., .METRE. ) );
#302 = EDGE_CURVE ( 'NONE', #1199, #371, #1373, .T. ) ;
#303 = CARTESIAN_POINT ( 'NONE',  ( 135.5000000000000000, 0.0000000000000000000, 12.50000000000000000 ) ) ;
#304 = ADVANCED_FACE ( 'NONE', ( #41 ), #294, .F. ) ;
#305 = DIRECTION ( 'NONE',  ( 0.0000000000000000000, 1.000000000000000000, 0.0000000000000000000 ) ) ;
#306 = CARTESIAN_POINT ( 'NONE',  ( 192.0000000000000000, 0.0000000000000000000, 14.99999999999999600 ) ) ;
#307 = DIRECTION ( 'NONE',  ( 1.000000000000000000, -5.137129139784316200E-016, 0.0000000000000000000 ) ) ;
#308 = ORIENTED_EDGE ( 'NONE', *, *, #1073, .F. ) ;
#309 = VERTEX_POINT ( 'NONE', #1306 ) ;
#310 = COLOUR_RGB ( '',1.000000000000000000, 0.0000000000000000000, 0.0000000000000000000 ) ;
#311 = AXIS2_PLACEMENT_3D ( 'NONE', #1102, #51, #1228 ) ;
#312 = FACE_BOUND ( 'NONE', #1047, .T. ) ;
#313 = DIRECTION ( 'NONE',  ( 0.0000000000000000000, 1.000000000000000000, 0.0000000000000000000 ) ) ;
#314 = DIRECTION ( 'NONE',  ( 0.0000000000000000000, 1.000000000000000000, 0.0000000000000000000 ) ) ;
#315 = ORIENTED_EDGE ( 'NONE', *, *, #356, .F. ) ;
#316 = EDGE_LOOP ( 'NONE', ( #1087, #1511, #1575, #1606 ) ) ;
#317 = DIRECTION ( 'NONE',  ( 0.0000000000000000000, 0.0000000000000000000, 1.000000000000000000 ) ) ;
#318 = SURFACE_SIDE_STYLE ('',( #454 ) ) ;
#319 = VERTEX_POINT ( 'NONE', #1043 ) ;
#320 = LINE ( 'NONE', #673, #574 ) ;
#321 = COLOUR_RGB ( '',1.000000000000000000, 0.0000000000000000000, 0.0000000000000000000 ) ;
#322 = ORIENTED_EDGE ( 'NONE', *, *, #291, .F. ) ;
#323 = PRESENTATION_LAYER_ASSIGNMENT (  '', '', ( #969 ) ) ;
#324 = CARTESIAN_POINT ( 'NONE',  ( -63.42097245096173500, 3.159822272948442100E-014, 14.14000000000000400 ) ) ;
#325 = VERTEX_POINT ( 'NONE', #1312 ) ;
#326 = FACE_OUTER_BOUND ( 'NONE', #848, .T. ) ;
#327 = CIRCLE ( 'NONE', #1588, 3.500000000000003100 ) ;
#328 = EDGE_LOOP ( 'NONE', ( #1077, #404 ) ) ;
#329 = FILL_AREA_STYLE_COLOUR ( '', #310 ) ;
#330 = STYLED_ITEM ( 'NONE', ( #1416 ), #1205 ) ;
#331 = DIRECTION ( 'NONE',  ( 0.0000000000000000000, -0.0000000000000000000, 1.000000000000000000 ) ) ;
#332 = EDGE_CURVE ( 'NONE', #1152, #1364, #986, .T. ) ;
#333 = ORIENTED_EDGE ( 'NONE', *, *, #346, .T. ) ;
#334 = AXIS2_PLACEMENT_3D ( 'NONE', #900, #610, #276 ) ;
#335 = DIRECTION ( 'NONE',  ( 0.0000000000000000000, 1.000000000000000000, 0.0000000000000000000 ) ) ;
#336 = FACE_OUTER_BOUND ( 'NONE', #278, .T. ) ;
#337 = FACE_BOUND ( 'NONE', #25, .T. ) ;
#338 = CARTESIAN_POINT ( 'NONE',  ( -64.28097245096168400, 5.000000000000032000, -20.00000000000000000 ) ) ;
#339 = PRODUCT_DEFINITION_CONTEXT ( 'detailed design', #505, 'design' ) ;
#340 = PLANE ( 'NONE',  #660 ) ;
#341 = LINE ( 'NONE', #102, #791 ) ;
#342 = SURFACE_SIDE_STYLE ('',( #1680 ) ) ;
#343 = AXIS2_PLACEMENT_3D ( 'NONE', #1346, #28, #829 ) ;
#344 = CARTESIAN_POINT ( 'NONE',  ( -69.28097245096172700, 5.000000000000034600, -20.00000000000000000 ) ) ;
#345 = SURFACE_SIDE_STYLE ('',( #641 ) ) ;
#346 = EDGE_CURVE ( 'NONE', #1284, #1342, #639, .T. ) ;
#347 = EDGE_LOOP ( 'NONE', ( #1532, #1421, #440, #802 ) ) ;
#348 = FILL_AREA_STYLE ('',( #215 ) ) ;
#349 = ORIENTED_EDGE ( 'NONE', *, *, #507, .F. ) ;
#350 = DIRECTION ( 'NONE',  ( -5.137129139784316200E-016, -1.000000000000000000, 0.0000000000000000000 ) ) ;
#351 = SURFACE_STYLE_FILL_AREA ( #1231 ) ;
#352 = STYLED_ITEM ( 'NONE', ( #521 ), #606 ) ;
#353 = DIRECTION ( 'NONE',  ( 0.0000000000000000000, 0.0000000000000000000, -1.000000000000000000 ) ) ;
#354 = SURFACE_SIDE_STYLE ('',( #85 ) ) ;
#355 = FACE_OUTER_BOUND ( 'NONE', #930, .T. ) ;
#356 = EDGE_CURVE ( 'NONE', #1581, #1040, #533, .T. ) ;
#357 = SURFACE_SIDE_STYLE ('',( #1512 ) ) ;
#358 = DIRECTION ( 'NONE',  ( 0.0000000000000000000, 0.0000000000000000000, 1.000000000000000000 ) ) ;
#359 = CARTESIAN_POINT ( 'NONE',  ( -69.28097245096172700, 3.460858040539803000E-014, 20.00000000000000000 ) ) ;
#360 = ORIENTED_EDGE ( 'NONE', *, *, #773, .T. ) ;
#361 =( LENGTH_UNIT ( ) NAMED_UNIT ( * ) SI_UNIT ( .MILLI., .METRE. ) );
#362 = PRESENTATION_STYLE_ASSIGNMENT (( #438 ) ) ;
#363 = EDGE_CURVE ( 'NONE', #999, #200, #1188, .T. ) ;
#364 = AXIS2_PLACEMENT_3D ( 'NONE', #137, #305, #1486 ) ;
#365 = ORIENTED_EDGE ( 'NONE', *, *, #1085, .T. ) ;
#366 = CIRCLE ( 'NONE', #426, 1.650000000000016100 ) ;
#367 =( LENGTH_UNIT ( ) NAMED_UNIT ( * ) SI_UNIT ( .MILLI., .METRE. ) );
#368 = CARTESIAN_POINT ( 'NONE',  ( -35.14097245096172600, 1.707042152217437800E-014, -14.13999999999999900 ) ) ;
#369 = CARTESIAN_POINT ( 'NONE',  ( 0.0000000000000000000, 0.0000000000000000000, 0.0000000000000000000 ) ) ;
#370 = SURFACE_SIDE_STYLE ('',( #1700 ) ) ;
#371 = VERTEX_POINT ( 'NONE', #874 ) ;
#372 = DIRECTION ( 'NONE',  ( 1.000000000000000000, -4.956352788505158300E-016, 0.0000000000000000000 ) ) ;
#373 = ORIENTED_EDGE ( 'NONE', *, *, #1597, .T. ) ;
#374 = COLOUR_RGB ( '',1.000000000000000000, 0.0000000000000000000, 0.0000000000000000000 ) ;
#375 =( NAMED_UNIT ( * ) SI_UNIT ( $, .STERADIAN. ) SOLID_ANGLE_UNIT ( ) );
#376 = UNCERTAINTY_MEASURE_WITH_UNIT (LENGTH_MEASURE( 1.000000000000000100E-005 ), #1487, 'distance_accuracy_value', 'NONE');
#377 = DIRECTION ( 'NONE',  ( -1.000000000000000000, 5.137129139784316200E-016, 0.0000000000000000000 ) ) ;
#378 = COLOUR_RGB ( '',1.000000000000000000, 0.0000000000000000000, 0.0000000000000000000 ) ;
#379 = FILL_AREA_STYLE ('',( #391 ) ) ;
#380 = ORIENTED_EDGE ( 'NONE', *, *, #695, .T. ) ;
#381 = VECTOR ( 'NONE', #452, 1000.000000000000000 ) ;
#382 = EDGE_CURVE ( 'NONE', #713, #940, #1222, .T. ) ;
#383 = VERTEX_POINT ( 'NONE', #1243 ) ;
#384 = PRESENTATION_LAYER_ASSIGNMENT (  '', '', ( #1438 ) ) ;
#385 = CARTESIAN_POINT ( 'NONE',  ( 192.0000000000000000, 0.0000000000000000000, 20.00000000000000000 ) ) ;
#386 = VERTEX_POINT ( 'NONE', #218 ) ;
#387 = EDGE_CURVE ( 'NONE', #1251, #1555, #1191, .T. ) ;
#388 = DIRECTION ( 'NONE',  ( -5.137129139784316200E-016, -1.000000000000000000, 0.0000000000000000000 ) ) ;
#389 = PRESENTATION_LAYER_ASSIGNMENT (  '', '', ( #437 ) ) ;
#390 = CIRCLE ( 'NONE', #1116, 3.500000000000003100 ) ;
#391 = FILL_AREA_STYLE_COLOUR ( '', #655 ) ;
#392 = FILL_AREA_STYLE_COLOUR ( '', #995 ) ;
#393 = DIRECTION ( 'NONE',  ( -1.000000000000000000, 4.956352788505158300E-016, 0.0000000000000000000 ) ) ;
#394 = VERTEX_POINT ( 'NONE', #94 ) ;
#395 = CYLINDRICAL_SURFACE ( 'NONE', #939, 3.500000000000003100 ) ;
#396 = CYLINDRICAL_SURFACE ( 'NONE', #334, 1.650000000000002100 ) ;
#397 = AXIS2_PLACEMENT_3D ( 'NONE', #95, #209, #1398 ) ;
#398 = VERTEX_POINT ( 'NONE', #732 ) ;
#399 = CARTESIAN_POINT ( 'NONE',  ( -33.78097245096172000, 10.00000000000001600, -7.041719095097280500E-015 ) ) ;
#400 = DIRECTION ( 'NONE',  ( 0.0000000000000000000, 1.000000000000000000, 0.0000000000000000000 ) ) ;
#401 = DIRECTION ( 'NONE',  ( -1.000000000000000000, 5.053215498074302900E-016, 0.0000000000000000000 ) ) ;
#402 = ADVANCED_FACE ( 'NONE', ( #1332 ), #1122, .F. ) ;
#403 = ORIENTED_EDGE ( 'NONE', *, *, #1350, .T. ) ;
#404 = ORIENTED_EDGE ( 'NONE', *, *, #1470, .F. ) ;
#405 = PRESENTATION_LAYER_ASSIGNMENT (  '', '', ( #170 ) ) ;
#406 = DIRECTION ( 'NONE',  ( 0.0000000000000000000, 1.000000000000000000, 0.0000000000000000000 ) ) ;
#407 = ORIENTED_EDGE ( 'NONE', *, *, #961, .F. ) ;
#408 = VERTEX_POINT ( 'NONE', #483 ) ;
#409 = VECTOR ( 'NONE', #571, 1000.000000000000000 ) ;
#410 = MECHANICAL_DESIGN_GEOMETRIC_PRESENTATION_REPRESENTATION (  '', ( #1269 ), #1453 ) ;
#411 = EDGE_CURVE ( 'NONE', #601, #398, #845, .T. ) ;
#412 = AXIS2_PLACEMENT_3D ( 'NONE', #1090, #50, #963 ) ;
#413 = UNCERTAINTY_MEASURE_WITH_UNIT (LENGTH_MEASURE( 1.000000000000000100E-005 ), #68, 'distance_accuracy_value', 'NONE');
#414 = DIRECTION ( 'NONE',  ( 0.0000000000000000000, 0.0000000000000000000, 1.000000000000000000 ) ) ;
#415 = CARTESIAN_POINT ( 'NONE',  ( -38.64097245096172600, 1.886841672109889000E-014, -14.13999999999999900 ) ) ;
#416 = ORIENTED_EDGE ( 'NONE', *, *, #464, .T. ) ;
#417 = CARTESIAN_POINT ( 'NONE',  ( -31.64097245096172300, 1.527242632324986300E-014, -14.13999999999999900 ) ) ;
#418 = PRODUCT_DEFINITION ( '未知', '', #759, #339 ) ;
#419 = EDGE_CURVE ( 'NONE', #881, #164, #1545, .T. ) ;
#420 = SURFACE_STYLE_FILL_AREA ( #348 ) ;
#421 = ADVANCED_FACE ( 'NONE', ( #1629 ), #1012, .T. ) ;
#422 = SURFACE_STYLE_USAGE ( .BOTH. , #667 ) ;
#423 = LINE ( 'NONE', #288, #142 ) ;
#424 = CYLINDRICAL_SURFACE ( 'NONE', #1038, 4.000000000000000000 ) ;
#425 = DIRECTION ( 'NONE',  ( 0.0000000000000000000, 0.0000000000000000000, 1.000000000000000000 ) ) ;
#426 = AXIS2_PLACEMENT_3D ( 'NONE', #1624, #313, #425 ) ;
#427 = EDGE_LOOP ( 'NONE', ( #277, #546, #1103, #1406 ) ) ;
#428 = SURFACE_STYLE_FILL_AREA ( #603 ) ;
#429 = EDGE_LOOP ( 'NONE', ( #373, #561, #1274, #1443 ) ) ;
#430 =( LENGTH_UNIT ( ) NAMED_UNIT ( * ) SI_UNIT ( .MILLI., .METRE. ) );
#431 = ORIENTED_EDGE ( 'NONE', *, *, #907, .F. ) ;
#432 = EDGE_CURVE ( 'NONE', #1169, #1569, #972, .T. ) ;
#433 = CARTESIAN_POINT ( 'NONE',  ( -61.90040191508568100, 5.000000000000031100, -9.000000000000007100 ) ) ;
#434 = PLANE ( 'NONE',  #149 ) ;
#435 = LINE ( 'NONE', #241, #703 ) ;
#436 = EDGE_CURVE ( 'NONE', #150, #881, #627, .T. ) ;
#437 = STYLED_ITEM ( 'NONE', ( #1320 ), #443 ) ;
#438 = SURFACE_STYLE_USAGE ( .BOTH. , #1340 ) ;
#439 = ORIENTED_EDGE ( 'NONE', *, *, #1507, .T. ) ;
#440 = ORIENTED_EDGE ( 'NONE', *, *, #700, .F. ) ;
#441 = CARTESIAN_POINT ( 'NONE',  ( -31.64097245096171600, 10.00000000000001600, 14.13999999999998800 ) ) ;
#442 = LINE ( 'NONE', #1236, #1042 ) ;
#443 = ADVANCED_FACE ( 'NONE', ( #1279 ), #1603, .F. ) ;
#444 = LINE ( 'NONE', #306, #77 ) ;
#445 = STYLED_ITEM ( 'NONE', ( #1201 ), #1587 ) ;
#446 = ORIENTED_EDGE ( 'NONE', *, *, #1495, .T. ) ;
#447 = DIRECTION ( 'NONE',  ( -1.000000000000000000, 0.0000000000000000000, 0.0000000000000000000 ) ) ;
#448 = CARTESIAN_POINT ( 'NONE',  ( 187.5000000000000000, -5.000000000000000000, 11.04999999999998300 ) ) ;
#449 = SURFACE_STYLE_USAGE ( .BOTH. , #1241 ) ;
#450 = ORIENTED_EDGE ( 'NONE', *, *, #1180, .F. ) ;
#451 = LINE ( 'NONE', #338, #1444 ) ;
#452 = DIRECTION ( 'NONE',  ( 0.0000000000000000000, 1.000000000000000000, 0.0000000000000000000 ) ) ;
#453 = EDGE_LOOP ( 'NONE', ( #518, #618, #57, #1300 ) ) ;
#454 = SURFACE_STYLE_FILL_AREA ( #575 ) ;
#455 =( NAMED_UNIT ( * ) PLANE_ANGLE_UNIT ( ) SI_UNIT ( $, .RADIAN. ) );
#456 = CARTESIAN_POINT ( 'NONE',  ( -35.14097245096171900, 10.00000000000001800, -14.13999999999999900 ) ) ;
#457 = EDGE_CURVE ( 'NONE', #597, #1271, #1115, .T. ) ;
#458 =( NAMED_UNIT ( * ) SI_UNIT ( $, .STERADIAN. ) SOLID_ANGLE_UNIT ( ) );
#459 = DIRECTION ( 'NONE',  ( 1.000000000000000000, -4.956352788505158300E-016, 0.0000000000000000000 ) ) ;
#460 =( GEOMETRIC_REPRESENTATION_CONTEXT ( 3 ) GLOBAL_UNCERTAINTY_ASSIGNED_CONTEXT ( ( #691 ) ) GLOBAL_UNIT_ASSIGNED_CONTEXT ( ( #301, #830, #44 ) ) REPRESENTATION_CONTEXT ( 'NONE', 'WORKASPACE' ) );
#461 = DIRECTION ( 'NONE',  ( 1.000000000000000000, -4.956352788505158300E-016, 0.0000000000000000000 ) ) ;
#462 = DIRECTION ( 'NONE',  ( 0.0000000000000000000, 0.0000000000000000000, 1.000000000000000000 ) ) ;
#463 = PRESENTATION_STYLE_ASSIGNMENT (( #449 ) ) ;
#464 = EDGE_CURVE ( 'NONE', #1141, #593, #113, .T. ) ;
#465 = DIRECTION ( 'NONE',  ( -5.137129139784316200E-016, -1.000000000000000000, 0.0000000000000000000 ) ) ;
#466 = DIRECTION ( 'NONE',  ( 5.053215498074302900E-016, 1.000000000000000000, 0.0000000000000000000 ) ) ;
#467 = DIRECTION ( 'NONE',  ( 0.0000000000000000000, -1.000000000000000000, 0.0000000000000000000 ) ) ;
#468 = CARTESIAN_POINT ( 'NONE',  ( 3.219027549038280300, 9.999999999999996400, 20.00000000000000000 ) ) ;
#469 = LINE ( 'NONE', #385, #1206 ) ;
#470 = EDGE_CURVE ( 'NONE', #601, #666, #1182, .T. ) ;
#471 = AXIS2_PLACEMENT_3D ( 'NONE', #902, #1161, #1285 ) ;
#472 = EDGE_LOOP ( 'NONE', ( #243, #562, #709, #1013 ) ) ;
#473 = LINE ( 'NONE', #952, #125 ) ;
#474 = COLOUR_RGB ( '',1.000000000000000000, 0.0000000000000000000, 0.0000000000000000000 ) ;
#475 = DIRECTION ( 'NONE',  ( 0.0000000000000000000, 1.000000000000000000, 0.0000000000000000000 ) ) ;
#476 = ORIENTED_EDGE ( 'NONE', *, *, #1350, .F. ) ;
#477 = CARTESIAN_POINT ( 'NONE',  ( -35.14097245096172600, 5.000000000000017800, -14.13999999999999900 ) ) ;
#478 = SURFACE_SIDE_STYLE ('',( #428 ) ) ;
#479 = PLANE ( 'NONE',  #1622 ) ;
#480 = SURFACE_STYLE_USAGE ( .BOTH. , #1402 ) ;
#481 = CYLINDRICAL_SURFACE ( 'NONE', #577, 1.650000000000002100 ) ;
#482 = AXIS2_PLACEMENT_3D ( 'NONE', #64, #353, #1519 ) ;
#483 = CARTESIAN_POINT ( 'NONE',  ( 187.5000000000000000, 5.000000000000000000, 11.04999999999998300 ) ) ;
#484 = SURFACE_STYLE_USAGE ( .BOTH. , #1408 ) ;
#485 = ORIENTED_EDGE ( 'NONE', *, *, #961, .T. ) ;
#486 = DIRECTION ( 'NONE',  ( 0.0000000000000000000, 0.0000000000000000000, 1.000000000000000000 ) ) ;
#487 = EDGE_LOOP ( 'NONE', ( #1374, #1002, #83, #572 ) ) ;
#488 = DIRECTION ( 'NONE',  ( -1.000000000000000000, 4.956352788505158300E-016, 0.0000000000000000000 ) ) ;
#489 = CIRCLE ( 'NONE', #14, 3.500000000000003100 ) ;
#490 = CIRCLE ( 'NONE', #693, 3.500000000000003100 ) ;
#491 = ORIENTED_EDGE ( 'NONE', *, *, #1638, .F. ) ;
#492 = DIRECTION ( 'NONE',  ( 0.0000000000000000000, 1.000000000000000000, 0.0000000000000000000 ) ) ;
#493 = DIRECTION ( 'NONE',  ( 0.0000000000000000000, 1.000000000000000000, 0.0000000000000000000 ) ) ;
#494 = ORIENTED_EDGE ( 'NONE', *, *, #946, .T. ) ;
#495 = SURFACE_SIDE_STYLE ('',( #420 ) ) ;
#496 = ORIENTED_EDGE ( 'NONE', *, *, #419, .T. ) ;
#497 = LINE ( 'NONE', #1516, #566 ) ;
#498 = VECTOR ( 'NONE', #42, 1000.000000000000000 ) ;
#499 = EDGE_LOOP ( 'NONE', ( #1334, #251, #1460, #869 ) ) ;
#500 = VECTOR ( 'NONE', #698, 1000.000000000000000 ) ;
#501 = DIRECTION ( 'NONE',  ( 0.0000000000000000000, 1.000000000000000000, 0.0000000000000000000 ) ) ;
#502 =( GEOMETRIC_REPRESENTATION_CONTEXT ( 3 ) GLOBAL_UNCERTAINTY_ASSIGNED_CONTEXT ( ( #1323 ) ) GLOBAL_UNIT_ASSIGNED_CONTEXT ( ( #877, #1106, #1253 ) ) REPRESENTATION_CONTEXT ( 'NONE', 'WORKASPACE' ) );
#503 = CARTESIAN_POINT ( 'NONE',  ( -63.42097245096173500, 10.00000000000003200, 14.14000000000000400 ) ) ;
#504 = DIRECTION ( 'NONE',  ( 5.137129139784316200E-016, 1.000000000000000000, 0.0000000000000000000 ) ) ;
#505 = APPLICATION_CONTEXT ( 'automotive_design' ) ;
#506 = PRESENTATION_LAYER_ASSIGNMENT (  '', '', ( #101 ) ) ;
#507 = EDGE_CURVE ( 'NONE', #1251, #1093, #341, .T. ) ;
#508 = AXIS2_PLACEMENT_3D ( 'NONE', #76, #1658, #466 ) ;
#509 = DIRECTION ( 'NONE',  ( -1.000000000000000000, 5.137129139784316200E-016, 0.0000000000000000000 ) ) ;
#510 = EDGE_LOOP ( 'NONE', ( #1660, #837, #1543, #1240 ) ) ;
#511 = FILL_AREA_STYLE_COLOUR ( '', #1031 ) ;
#512 = DIRECTION ( 'NONE',  ( 5.137129139784316200E-016, 1.000000000000000000, 0.0000000000000000000 ) ) ;
#513 = SURFACE_STYLE_FILL_AREA ( #112 ) ;
#514 = SURFACE_SIDE_STYLE ('',( #1081 ) ) ;
#515 = COLOUR_RGB ( '',1.000000000000000000, 1.000000000000000000, 1.000000000000000000 ) ;
#516 = LINE ( 'NONE', #441, #1336 ) ;
#517 = DIRECTION ( 'NONE',  ( -5.137129139784316200E-016, -1.000000000000000000, 0.0000000000000000000 ) ) ;
#518 = ORIENTED_EDGE ( 'NONE', *, *, #1167, .F. ) ;
#519 = CARTESIAN_POINT ( 'NONE',  ( 21.49999999999997900, -5.000000000000000000, 11.04999999999999700 ) ) ;
#520 = AXIS2_PLACEMENT_3D ( 'NONE', #801, #1477, #954 ) ;
#521 = PRESENTATION_STYLE_ASSIGNMENT (( #422 ) ) ;
#522 = DIRECTION ( 'NONE',  ( 1.000000000000000000, -5.137129139784317200E-016, 0.0000000000000000000 ) ) ;
#523 = EDGE_CURVE ( 'NONE', #1342, #1129, #1386, .T. ) ;
#524 = CARTESIAN_POINT ( 'NONE',  ( -69.28097245096172700, 3.460858040539803000E-014, 14.99999999999999600 ) ) ;
#525 = ORIENTED_EDGE ( 'NONE', *, *, #332, .F. ) ;
#526 = ORIENTED_EDGE ( 'NONE', *, *, #1298, .F. ) ;
#527 = EDGE_LOOP ( 'NONE', ( #53, #144, #308, #931 ) ) ;
#528 = EDGE_CURVE ( 'NONE', #164, #383, #435, .T. ) ;
#529 = AXIS2_PLACEMENT_3D ( 'NONE', #1702, #401, #1175 ) ;
#530 = CARTESIAN_POINT ( 'NONE',  ( 21.49999999999997900, 5.000000000000000000, 12.69999999999999900 ) ) ;
#531 = FACE_OUTER_BOUND ( 'NONE', #347, .T. ) ;
#532 = ADVANCED_FACE ( 'NONE', ( #831 ), #262, .F. ) ;
#533 = LINE ( 'NONE', #6, #186 ) ;
#534 = EDGE_LOOP ( 'NONE', ( #891, #934, #668, #604 ) ) ;
#535 = VERTEX_POINT ( 'NONE', #921 ) ;
#536 = FACE_BOUND ( 'NONE', #328, .T. ) ;
#537 = AXIS2_PLACEMENT_3D ( 'NONE', #1645, #195, #716 ) ;
#538 = EDGE_LOOP ( 'NONE', ( #1686, #1541, #496, #10 ) ) ;
#539 = LINE ( 'NONE', #568, #1504 ) ;
#540 = ADVANCED_FACE ( 'NONE', ( #1572 ), #481, .F. ) ;
#541 = CARTESIAN_POINT ( 'NONE',  ( -38.64097245096172600, 5.000000000000019500, -14.13999999999999900 ) ) ;
#542 = ORIENTED_EDGE ( 'NONE', *, *, #544, .T. ) ;
#543 = DIRECTION ( 'NONE',  ( -0.7071067811865474600, -0.0000000000000000000, 0.7071067811865474600 ) ) ;
#544 = EDGE_CURVE ( 'NONE', #1425, #1462, #1095, .T. ) ;
#545 = DIRECTION ( 'NONE',  ( 0.7071067811865474600, -3.632498850572505500E-016, -0.7071067811865474600 ) ) ;
#546 = ORIENTED_EDGE ( 'NONE', *, *, #34, .T. ) ;
#547 = COLOUR_RGB ( '',1.000000000000000000, 0.0000000000000000000, 0.0000000000000000000 ) ;
#548 = VECTOR ( 'NONE', #740, 1000.000000000000000 ) ;
#549 = DIRECTION ( 'NONE',  ( 1.000000000000000000, 0.0000000000000000000, 0.0000000000000000000 ) ) ;
#550 = AXIS2_PLACEMENT_3D ( 'NONE', #368, #1681, #106 ) ;
#551 = LINE ( 'NONE', #1168, #866 ) ;
#552 = SURFACE_STYLE_USAGE ( .BOTH. , #1070 ) ;
#553 = LINE ( 'NONE', #781, #1089 ) ;
#554 = ORIENTED_EDGE ( 'NONE', *, *, #808, .T. ) ;
#555 = EDGE_CURVE ( 'NONE', #1454, #597, #873, .T. ) ;
#556 =( GEOMETRIC_REPRESENTATION_CONTEXT ( 3 ) GLOBAL_UNCERTAINTY_ASSIGNED_CONTEXT ( ( #1029 ) ) GLOBAL_UNIT_ASSIGNED_CONTEXT ( ( #367, #725, #1270 ) ) REPRESENTATION_CONTEXT ( 'NONE', 'WORKASPACE' ) );
#557 = VECTOR ( 'NONE', #1546, 1000.000000000000000 ) ;
#558 = PLANE ( 'NONE',  #179 ) ;
#559 = CARTESIAN_POINT ( 'NONE',  ( 135.5000000000000000, 5.000000000000000000, 12.50000000000000000 ) ) ;
#560 = DIRECTION ( 'NONE',  ( 0.0000000000000000000, 1.000000000000000000, 0.0000000000000000000 ) ) ;
#561 = ORIENTED_EDGE ( 'NONE', *, *, #1461, .T. ) ;
#562 = ORIENTED_EDGE ( 'NONE', *, *, #1167, .T. ) ;
#563 = ORIENTED_EDGE ( 'NONE', *, *, #436, .F. ) ;
#564 = AXIS2_PLACEMENT_3D ( 'NONE', #1525, #1123, #811 ) ;
#565 = DIRECTION ( 'NONE',  ( -5.137129139784316200E-016, -1.000000000000000000, 0.0000000000000000000 ) ) ;
#566 = VECTOR ( 'NONE', #192, 1000.000000000000000 ) ;
#567 = CYLINDRICAL_SURFACE ( 'NONE', #1351, 4.000000000000000000 ) ;
#568 = CARTESIAN_POINT ( 'NONE',  ( 140.5000000000000000, -5.000000000000000000, 12.50000000000000000 ) ) ;
#569 = CARTESIAN_POINT ( 'NONE',  ( -66.78097245096172700, 5.000000000000033800, 17.49999999999999600 ) ) ;
#570 = ORIENTED_EDGE ( 'NONE', *, *, #291, .T. ) ;
#571 = DIRECTION ( 'NONE',  ( 0.0000000000000000000, 1.000000000000000000, 0.0000000000000000000 ) ) ;
#572 = ORIENTED_EDGE ( 'NONE', *, *, #1256, .T. ) ;
#573 = EDGE_LOOP ( 'NONE', ( #281, #1022 ) ) ;
#574 = VECTOR ( 'NONE', #545, 1000.000000000000100 ) ;
#575 = FILL_AREA_STYLE ('',( #686 ) ) ;
#576 = DIRECTION ( 'NONE',  ( 0.0000000000000000000, 1.000000000000000000, 0.0000000000000000000 ) ) ;
#577 = AXIS2_PLACEMENT_3D ( 'NONE', #1333, #406, #35 ) ;
#578 = SURFACE_STYLE_USAGE ( .BOTH. , #345 ) ;
#579 = EDGE_LOOP ( 'NONE', ( #322, #1455, #37, #630 ) ) ;
#580 = CARTESIAN_POINT ( 'NONE',  ( 135.5000000000000000, -5.000000000000000000, 12.50000000000000000 ) ) ;
#581 = ORIENTED_EDGE ( 'NONE', *, *, #555, .T. ) ;
#582 = ORIENTED_EDGE ( 'NONE', *, *, #1389, .T. ) ;
#583 = AXIS2_PLACEMENT_3D ( 'NONE', #1134, #492, #486 ) ;
#584 = FACE_OUTER_BOUND ( 'NONE', #1380, .T. ) ;
#585 =( NAMED_UNIT ( * ) PLANE_ANGLE_UNIT ( ) SI_UNIT ( $, .RADIAN. ) );
#586 = LINE ( 'NONE', #1659, #253 ) ;
#587 = EDGE_CURVE ( 'NONE', #1355, #1040, #1450, .T. ) ;
#588 = AXIS2_PLACEMENT_3D ( 'NONE', #268, #512, #393 ) ;
#589 = SURFACE_SIDE_STYLE ('',( #351 ) ) ;
#590 = CARTESIAN_POINT ( 'NONE',  ( -63.42097245096173500, 5.000000000000032000, -14.14000000000000100 ) ) ;
#591 = DIRECTION ( 'NONE',  ( 1.000000000000000000, -5.137129139784317200E-016, 0.0000000000000000000 ) ) ;
#592 = FACE_OUTER_BOUND ( 'NONE', #824, .T. ) ;
#593 = VERTEX_POINT ( 'NONE', #303 ) ;
#594 = CARTESIAN_POINT ( 'NONE',  ( 140.5000000000000000, 5.000000000000000000, -4.500000000000000900 ) ) ;
#595 = DIRECTION ( 'NONE',  ( -0.7071067811865435800, -0.0000000000000000000, -0.7071067811865513500 ) ) ;
#596 = FILL_AREA_STYLE_COLOUR ( '', #515 ) ;
#597 = VERTEX_POINT ( 'NONE', #17 ) ;
#598 = SURFACE_STYLE_USAGE ( .BOTH. , #1551 ) ;
#599 = FILL_AREA_STYLE_COLOUR ( '', #474 ) ;
#600 = MECHANICAL_DESIGN_GEOMETRIC_PRESENTATION_REPRESENTATION (  '', ( #726 ), #502 ) ;
#601 = VERTEX_POINT ( 'NONE', #541 ) ;
#602 = DIRECTION ( 'NONE',  ( -1.000000000000000000, 4.956352788505158300E-016, 0.0000000000000000000 ) ) ;
#603 = FILL_AREA_STYLE ('',( #596 ) ) ;
#604 = ORIENTED_EDGE ( 'NONE', *, *, #1564, .F. ) ;
#605 = ORIENTED_EDGE ( 'NONE', *, *, #66, .T. ) ;
#606 = ADVANCED_FACE ( 'NONE', ( #1007 ), #1463, .F. ) ;
#607 = EDGE_CURVE ( 'NONE', #699, #191, #320, .T. ) ;
#608 =( NAMED_UNIT ( * ) PLANE_ANGLE_UNIT ( ) SI_UNIT ( $, .RADIAN. ) );
#609 = VECTOR ( 'NONE', #1118, 1000.000000000000000 ) ;
#610 = DIRECTION ( 'NONE',  ( 0.0000000000000000000, 1.000000000000000000, 0.0000000000000000000 ) ) ;
#611 = DIRECTION ( 'NONE',  ( 0.0000000000000000000, 0.0000000000000000000, -1.000000000000000000 ) ) ;
#612 = UNCERTAINTY_MEASURE_WITH_UNIT (LENGTH_MEASURE( 1.000000000000000100E-005 ), #1440, 'distance_accuracy_value', 'NONE');
#613 = CARTESIAN_POINT ( 'NONE',  ( 0.0000000000000000000, 0.0000000000000000000, 12.50000000000000000 ) ) ;
#614 = EDGE_CURVE ( 'NONE', #394, #386, #194, .T. ) ;
#615 = EDGE_LOOP ( 'NONE', ( #640, #1503, #127, #688 ) ) ;
#616 = MECHANICAL_DESIGN_GEOMETRIC_PRESENTATION_REPRESENTATION (  '', ( #1235 ), #1428 ) ;
#617 = DIRECTION ( 'NONE',  ( 0.0000000000000000000, 0.0000000000000000000, 1.000000000000000000 ) ) ;
#618 = ORIENTED_EDGE ( 'NONE', *, *, #1247, .T. ) ;
#619 = PRESENTATION_STYLE_ASSIGNMENT (( #1379 ) ) ;
#620 = CIRCLE ( 'NONE', #588, 3.500000000000003100 ) ;
#621 = CARTESIAN_POINT ( 'NONE',  ( 140.5000000000000000, -5.000000000000000000, 4.500000000000000900 ) ) ;
#622 = UNCERTAINTY_MEASURE_WITH_UNIT (LENGTH_MEASURE( 1.000000000000000100E-005 ), #1703, 'distance_accuracy_value', 'NONE');
#623 = ORIENTED_EDGE ( 'NONE', *, *, #607, .F. ) ;
#624 = CIRCLE ( 'NONE', #890, 3.500000000000003100 ) ;
#625 = DIRECTION ( 'NONE',  ( 0.0000000000000000000, 1.000000000000000000, 0.0000000000000000000 ) ) ;
#626 =( LENGTH_UNIT ( ) NAMED_UNIT ( * ) SI_UNIT ( .MILLI., .METRE. ) );
#627 = LINE ( 'NONE', #739, #284 ) ;
#628 = FILL_AREA_STYLE_COLOUR ( '', #184 ) ;
#629 = CARTESIAN_POINT ( 'NONE',  ( -49.28097245096172000, 10.00000000000002500, -7.041719095097280500E-015 ) ) ;
#630 = ORIENTED_EDGE ( 'NONE', *, *, #457, .F. ) ;
#631 = CARTESIAN_POINT ( 'NONE',  ( 187.5000000000000000, -5.000000000000000000, -12.69999999999999900 ) ) ;
#632 = ORIENTED_EDGE ( 'NONE', *, *, #736, .F. ) ;
#633 = DIRECTION ( 'NONE',  ( -5.137129139784316200E-016, -1.000000000000000000, 0.0000000000000000000 ) ) ;
#634 = ORIENTED_EDGE ( 'NONE', *, *, #1701, .T. ) ;
#635 = PRESENTATION_STYLE_ASSIGNMENT (( #92 ) ) ;
#636 = CARTESIAN_POINT ( 'NONE',  ( -35.14097245096171900, 10.00000000000001800, 14.13999999999998800 ) ) ;
#637 =( NAMED_UNIT ( * ) SI_UNIT ( $, .STERADIAN. ) SOLID_ANGLE_UNIT ( ) );
#638 = EDGE_CURVE ( 'NONE', #319, #753, #1014, .T. ) ;
#639 = LINE ( 'NONE', #1181, #1540 ) ;
#640 = ORIENTED_EDGE ( 'NONE', *, *, #172, .T. ) ;
#641 = SURFACE_STYLE_FILL_AREA ( #210 ) ;
#642 = DIRECTION ( 'NONE',  ( 0.0000000000000000000, 0.0000000000000000000, 1.000000000000000000 ) ) ;
#643 = CARTESIAN_POINT ( 'NONE',  ( -66.92097245096174200, 3.339621792840893600E-014, 14.14000000000000400 ) ) ;
#644 = MECHANICAL_DESIGN_GEOMETRIC_PRESENTATION_REPRESENTATION (  '', ( #1438 ), #1290 ) ;
#645 = DIRECTION ( 'NONE',  ( 0.0000000000000000000, 1.000000000000000000, 0.0000000000000000000 ) ) ;
#646 = PLANE ( 'NONE',  #1061 ) ;
#647 = EDGE_CURVE ( 'NONE', #718, #1403, #1548, .T. ) ;
#648 = CARTESIAN_POINT ( 'NONE',  ( 21.49999999999997900, 0.0000000000000000000, -14.35000000000000100 ) ) ;
#649 = DIRECTION ( 'NONE',  ( 0.0000000000000000000, 1.000000000000000000, 0.0000000000000000000 ) ) ;
#650 = AXIS2_PLACEMENT_3D ( 'NONE', #752, #475, #1664 ) ;
#651 = ORIENTED_EDGE ( 'NONE', *, *, #273, .F. ) ;
#652 = DIRECTION ( 'NONE',  ( 0.0000000000000000000, 1.000000000000000000, 0.0000000000000000000 ) ) ;
#653 = UNCERTAINTY_MEASURE_WITH_UNIT (LENGTH_MEASURE( 1.000000000000000100E-005 ), #1233, 'distance_accuracy_value', 'NONE');
#654 = EDGE_LOOP ( 'NONE', ( #289, #235, #1662, #1589 ) ) ;
#655 = COLOUR_RGB ( '',1.000000000000000000, 0.0000000000000000000, 0.0000000000000000000 ) ;
#656 = VECTOR ( 'NONE', #872, 1000.000000000000000 ) ;
#657 = FACE_OUTER_BOUND ( 'NONE', #453, .T. ) ;
#658 = CARTESIAN_POINT ( 'NONE',  ( -64.28097245096171300, 5.000000000000032000, 20.00000000000000000 ) ) ;
#659 = DIRECTION ( 'NONE',  ( -0.7071067811865475700, -0.0000000000000000000, -0.7071067811865475700 ) ) ;
#660 = AXIS2_PLACEMENT_3D ( 'NONE', #580, #1114, #1508 ) ;
#661 = VERTEX_POINT ( 'NONE', #30 ) ;
#662 = LINE ( 'NONE', #133, #148 ) ;
#663 = ORIENTED_EDGE ( 'NONE', *, *, #155, .F. ) ;
#664 = PRESENTATION_STYLE_ASSIGNMENT (( #1357 ) ) ;
#665 = SURFACE_STYLE_FILL_AREA ( #1685 ) ;
#666 = VERTEX_POINT ( 'NONE', #415 ) ;
#667 = SURFACE_SIDE_STYLE ('',( #1072 ) ) ;
#668 = ORIENTED_EDGE ( 'NONE', *, *, #1180, .T. ) ;
#669 = ORIENTED_EDGE ( 'NONE', *, *, #1411, .F. ) ;
#670 = FACE_BOUND ( 'NONE', #1058, .T. ) ;
#671 = AXIS2_PLACEMENT_3D ( 'NONE', #826, #815, #1471 ) ;
#672 = CIRCLE ( 'NONE', #1244, 1.650000000000016100 ) ;
#673 = CARTESIAN_POINT ( 'NONE',  ( -64.28097245096168400, 3.143164193310826100E-014, -20.00000000000000000 ) ) ;
#674 = SURFACE_STYLE_FILL_AREA ( #1025 ) ;
#675 = ORIENTED_EDGE ( 'NONE', *, *, #1194, .F. ) ;
#676 = DIRECTION ( 'NONE',  ( 0.0000000000000000000, 1.000000000000000000, 0.0000000000000000000 ) ) ;
#677 = CYLINDRICAL_SURFACE ( 'NONE', #1414, 3.500000000000003100 ) ;
#678 = AXIS2_PLACEMENT_3D ( 'NONE', #1041, #1430, #1432 ) ;
#679 = FACE_BOUND ( 'NONE', #573, .T. ) ;
#680 = EDGE_CURVE ( 'NONE', #1261, #828, #1069, .T. ) ;
#681 = DIRECTION ( 'NONE',  ( 0.0000000000000000000, 1.000000000000000000, 0.0000000000000000000 ) ) ;
#682 = MECHANICAL_DESIGN_GEOMETRIC_PRESENTATION_REPRESENTATION (  '', ( #1065 ), #213 ) ;
#683 = DIRECTION ( 'NONE',  ( 0.0000000000000000000, 0.0000000000000000000, 1.000000000000000000 ) ) ;
#684 = VECTOR ( 'NONE', #1517, 1000.000000000000000 ) ;
#685 = ADVANCED_FACE ( 'NONE', ( #236 ), #853, .F. ) ;
#686 = FILL_AREA_STYLE_COLOUR ( '', #1160 ) ;
#687 = VERTEX_POINT ( 'NONE', #701 ) ;
#688 = ORIENTED_EDGE ( 'NONE', *, *, #523, .F. ) ;
#689 = DIRECTION ( 'NONE',  ( 0.0000000000000000000, 1.000000000000000000, 0.0000000000000000000 ) ) ;
#690 = PRODUCT_DEFINITION_SHAPE ( 'NONE', 'NONE',  #418 ) ;
#691 = UNCERTAINTY_MEASURE_WITH_UNIT (LENGTH_MEASURE( 1.000000000000000100E-005 ), #301, 'distance_accuracy_value', 'NONE');
#692 = DIRECTION ( 'NONE',  ( 0.0000000000000000000, 0.0000000000000000000, 1.000000000000000000 ) ) ;
#693 = AXIS2_PLACEMENT_3D ( 'NONE', #1604, #177, #522 ) ;
#694 = CARTESIAN_POINT ( 'NONE',  ( 140.5000000000000000, 0.0000000000000000000, 4.500000000000000900 ) ) ;
#695 = EDGE_CURVE ( 'NONE', #202, #1101, #539, .T. ) ;
#696 = ORIENTED_EDGE ( 'NONE', *, *, #1073, .T. ) ;
#697 = PLANE ( 'NONE',  #897 ) ;
#698 = DIRECTION ( 'NONE',  ( 1.000000000000000000, 0.0000000000000000000, 0.0000000000000000000 ) ) ;
#699 = VERTEX_POINT ( 'NONE', #1219 ) ;
#700 = EDGE_CURVE ( 'NONE', #1141, #319, #991, .T. ) ;
#701 = CARTESIAN_POINT ( 'NONE',  ( -61.90040191508568100, 3.081708600858979500E-014, -9.000000000000007100 ) ) ;
#702 = MECHANICAL_DESIGN_GEOMETRIC_PRESENTATION_REPRESENTATION (  '', ( #437 ), #556 ) ;
#703 = VECTOR ( 'NONE', #493, 1000.000000000000000 ) ;
#704 = PRESENTATION_LAYER_ASSIGNMENT (  '', '', ( #352 ) ) ;
#705 = CARTESIAN_POINT ( 'NONE',  ( 187.5000000000000000, 5.000000000000000000, -12.69999999999999900 ) ) ;
#706 = FILL_AREA_STYLE ('',( #329 ) ) ;
#707 = DIRECTION ( 'NONE',  ( -5.137129139784316200E-016, -1.000000000000000000, 0.0000000000000000000 ) ) ;
#708 = CARTESIAN_POINT ( 'NONE',  ( 140.5000000000000000, 0.0000000000000000000, 12.50000000000000000 ) ) ;
#709 = ORIENTED_EDGE ( 'NONE', *, *, #332, .T. ) ;
#710 = AXIS2_PLACEMENT_3D ( 'NONE', #705, #1097, #317 ) ;
#711 = DIRECTION ( 'NONE',  ( -1.000000000000000000, 0.0000000000000000000, 0.0000000000000000000 ) ) ;
#712 = LINE ( 'NONE', #719, #271 ) ;
#713 = VERTEX_POINT ( 'NONE', #694 ) ;
#714 = LINE ( 'NONE', #1395, #1420 ) ;
#715 = CARTESIAN_POINT ( 'NONE',  ( -35.14097245096172600, 5.000000000000017800, 14.13999999999998800 ) ) ;
#716 = DIRECTION ( 'NONE',  ( 1.000000000000000000, -5.595882180570345200E-016, 0.0000000000000000000 ) ) ;
#717 =( LENGTH_UNIT ( ) NAMED_UNIT ( * ) SI_UNIT ( .MILLI., .METRE. ) );
#718 = VERTEX_POINT ( 'NONE', #1617 ) ;
#719 = CARTESIAN_POINT ( 'NONE',  ( 21.49999999999997900, -5.000000000000000000, -14.35000000000000100 ) ) ;
#720 = ORIENTED_EDGE ( 'NONE', *, *, #773, .F. ) ;
#721 = SURFACE_STYLE_FILL_AREA ( #40 ) ;
#722 = DIRECTION ( 'NONE',  ( -5.137129139784316200E-016, -1.000000000000000000, 0.0000000000000000000 ) ) ;
#723 = DIRECTION ( 'NONE',  ( 0.0000000000000000000, 1.000000000000000000, 0.0000000000000000000 ) ) ;
#724 = EDGE_CURVE ( 'NONE', #999, #1155, #806, .T. ) ;
#725 =( NAMED_UNIT ( * ) PLANE_ANGLE_UNIT ( ) SI_UNIT ( $, .RADIAN. ) );
#726 = STYLED_ITEM ( 'NONE', ( #619 ), #925 ) ;
#727 = DIRECTION ( 'NONE',  ( -5.137129139784316200E-016, -1.000000000000000000, 0.0000000000000000000 ) ) ;
#728 = FILL_AREA_STYLE ('',( #983 ) ) ;
#729 = EDGE_LOOP ( 'NONE', ( #123, #360, #494, #431 ) ) ;
#730 = EDGE_CURVE ( 'NONE', #325, #1538, #624, .T. ) ;
#731 = CARTESIAN_POINT ( 'NONE',  ( 21.49999999999997900, -5.000000000000000000, 12.69999999999999900 ) ) ;
#732 = CARTESIAN_POINT ( 'NONE',  ( -31.64097245096172300, 5.000000000000016000, -14.13999999999999900 ) ) ;
#733 = CARTESIAN_POINT ( 'NONE',  ( 21.49999999999997900, 0.0000000000000000000, 12.69999999999999900 ) ) ;
#734 =( NAMED_UNIT ( * ) PLANE_ANGLE_UNIT ( ) SI_UNIT ( $, .RADIAN. ) );
#735 = VECTOR ( 'NONE', #722, 1000.000000000000000 ) ;
#736 = EDGE_CURVE ( 'NONE', #1454, #1689, #1110, .T. ) ;
#737 = MECHANICAL_DESIGN_GEOMETRIC_PRESENTATION_REPRESENTATION (  '', ( #967 ), #1257 ) ;
#738 = CARTESIAN_POINT ( 'NONE',  ( -69.28097245096172700, 5.000000000000034600, -14.99999999999996800 ) ) ;
#739 = CARTESIAN_POINT ( 'NONE',  ( -64.28097245096171300, 10.00000000000003200, 20.00000000000000000 ) ) ;
#740 = DIRECTION ( 'NONE',  ( -5.137129139784316200E-016, -1.000000000000000000, 0.0000000000000000000 ) ) ;
#741 = ORIENTED_EDGE ( 'NONE', *, *, #794, .T. ) ;
#742 = CARTESIAN_POINT ( 'NONE',  ( -66.92097245096174200, 10.00000000000003400, 14.14000000000000400 ) ) ;
#743 = CIRCLE ( 'NONE', #775, 1.650000000000016100 ) ;
#744 = ORIENTED_EDGE ( 'NONE', *, *, #259, .F. ) ;
#745 =( NAMED_UNIT ( * ) PLANE_ANGLE_UNIT ( ) SI_UNIT ( $, .RADIAN. ) );
#746 = APPLICATION_PROTOCOL_DEFINITION ( 'draft international standard', 'automotive_design', 1998, #245 ) ;
#747 = DIRECTION ( 'NONE',  ( 0.0000000000000000000, 0.0000000000000000000, 1.000000000000000000 ) ) ;
#748 =( GEOMETRIC_REPRESENTATION_CONTEXT ( 3 ) GLOBAL_UNCERTAINTY_ASSIGNED_CONTEXT ( ( #1078 ) ) GLOBAL_UNIT_ASSIGNED_CONTEXT ( ( #1509, #846, #1648 ) ) REPRESENTATION_CONTEXT ( 'NONE', 'WORKASPACE' ) );
#749 = DIRECTION ( 'NONE',  ( 0.0000000000000000000, 0.0000000000000000000, 1.000000000000000000 ) ) ;
#750 = DIRECTION ( 'NONE',  ( 1.000000000000000000, -4.956352788505158300E-016, 0.0000000000000000000 ) ) ;
#751 = DIRECTION ( 'NONE',  ( -1.000000000000000000, 0.0000000000000000000, 0.0000000000000000000 ) ) ;
#752 = CARTESIAN_POINT ( 'NONE',  ( 135.5000000000000000, 0.0000000000000000000, 8.500000000000000000 ) ) ;
#753 = VERTEX_POINT ( 'NONE', #1363 ) ;
#754 =( NAMED_UNIT ( * ) SI_UNIT ( $, .STERADIAN. ) SOLID_ANGLE_UNIT ( ) );
#755 = CARTESIAN_POINT ( 'NONE',  ( 135.5000000000000000, 0.0000000000000000000, 4.500000000000000900 ) ) ;
#756 = VERTEX_POINT ( 'NONE', #1493 ) ;
#757 = CIRCLE ( 'NONE', #583, 4.000000000000000000 ) ;
#758 = ORIENTED_EDGE ( 'NONE', *, *, #523, .T. ) ;
#759 = PRODUCT_DEFINITION_FORMATION_WITH_SPECIFIED_SOURCE ( '任何', '', #820, .NOT_KNOWN. ) ;
#760 = DIRECTION ( 'NONE',  ( 0.0000000000000000000, 0.0000000000000000000, -1.000000000000000000 ) ) ;
#761 = COLOUR_RGB ( '',1.000000000000000000, 1.000000000000000000, 1.000000000000000000 ) ;
#762 =( NAMED_UNIT ( * ) PLANE_ANGLE_UNIT ( ) SI_UNIT ( $, .RADIAN. ) );
#763 = VERTEX_POINT ( 'NONE', #1098 ) ;
#764 = CIRCLE ( 'NONE', #1057, 3.500000000000003100 ) ;
#765 = STYLED_ITEM ( 'NONE', ( #664 ), #685 ) ;
#766 = FILL_AREA_STYLE ('',( #1415 ) ) ;
#767 = VERTEX_POINT ( 'NONE', #1631 ) ;
#768 = PRESENTATION_STYLE_ASSIGNMENT (( #835 ) ) ;
#769 =( NAMED_UNIT ( * ) SI_UNIT ( $, .STERADIAN. ) SOLID_ANGLE_UNIT ( ) );
#770 = CARTESIAN_POINT ( 'NONE',  ( -61.90040191508569500, 5.000000000000031100, 8.999999999999991100 ) ) ;
#771 = UNCERTAINTY_MEASURE_WITH_UNIT (LENGTH_MEASURE( 1.000000000000000100E-005 ), #1549, 'distance_accuracy_value', 'NONE');
#772 = VECTOR ( 'NONE', #350, 1000.000000000000000 ) ;
#773 = EDGE_CURVE ( 'NONE', #1218, #408, #151, .T. ) ;
#774 = DIRECTION ( 'NONE',  ( 0.0000000000000000000, 1.000000000000000000, 0.0000000000000000000 ) ) ;
#775 = AXIS2_PLACEMENT_3D ( 'NONE', #1451, #1053, #1574 ) ;
#776 = EDGE_LOOP ( 'NONE', ( #741, #100 ) ) ;
#777 = SURFACE_STYLE_USAGE ( .BOTH. , #1431 ) ;
#778 = CYLINDRICAL_SURFACE ( 'NONE', #1011, 1.650000000000002100 ) ;
#779 = CARTESIAN_POINT ( 'NONE',  ( 187.0000000000000000, 0.0000000000000000000, 20.00000000000000000 ) ) ;
#780 = CYLINDRICAL_SURFACE ( 'NONE', #537, 15.50000000000000000 ) ;
#781 = CARTESIAN_POINT ( 'NONE',  ( 0.0000000000000000000, 0.0000000000000000000, -12.50000000000000000 ) ) ;
#782 = DIRECTION ( 'NONE',  ( -5.053215498074302900E-016, -1.000000000000000000, 0.0000000000000000000 ) ) ;
#783 = DIRECTION ( 'NONE',  ( 0.0000000000000000000, 0.0000000000000000000, 1.000000000000000000 ) ) ;
#784 = ORIENTED_EDGE ( 'NONE', *, *, #680, .T. ) ;
#785 = LINE ( 'NONE', #977, #381 ) ;
#786 = SURFACE_STYLE_FILL_AREA ( #1669 ) ;
#787 = ORIENTED_EDGE ( 'NONE', *, *, #267, .T. ) ;
#788 = AXIS2_PLACEMENT_3D ( 'NONE', #69, #1388, #1514 ) ;
#789 = CARTESIAN_POINT ( 'NONE',  ( 21.49999999999997900, 0.0000000000000000000, -12.69999999999999900 ) ) ;
#790 = DIRECTION ( 'NONE',  ( 0.0000000000000000000, 0.0000000000000000000, -1.000000000000000000 ) ) ;
#791 = VECTOR ( 'NONE', #760, 1000.000000000000000 ) ;
#792 = UNCERTAINTY_MEASURE_WITH_UNIT (LENGTH_MEASURE( 1.000000000000000100E-005 ), #626, 'distance_accuracy_value', 'NONE');
#793 = ADVANCED_FACE ( 'NONE', ( #336 ), #279, .F. ) ;
#794 = EDGE_CURVE ( 'NONE', #1691, #1218, #366, .T. ) ;
#795 = AXIS2_PLACEMENT_3D ( 'NONE', #1301, #517, #372 ) ;
#796 = ORIENTED_EDGE ( 'NONE', *, *, #199, .F. ) ;
#797 = ORIENTED_EDGE ( 'NONE', *, *, #1590, .F. ) ;
#798 = MECHANICAL_DESIGN_GEOMETRIC_PRESENTATION_REPRESENTATION (  '', ( #765 ), #1377 ) ;
#799 = CYLINDRICAL_SURFACE ( 'NONE', #927, 3.500000000000003100 ) ;
#800 = EDGE_LOOP ( 'NONE', ( #1625, #70 ) ) ;
#801 = CARTESIAN_POINT ( 'NONE',  ( 187.5000000000000000, -5.000000000000000000, 12.69999999999999900 ) ) ;
#802 = ORIENTED_EDGE ( 'NONE', *, *, #1389, .F. ) ;
#803 = FACE_OUTER_BOUND ( 'NONE', #129, .T. ) ;
#804 = LINE ( 'NONE', #299, #498 ) ;
#805 = ORIENTED_EDGE ( 'NONE', *, *, #1527, .F. ) ;
#806 = LINE ( 'NONE', #47, #1249 ) ;
#807 = DIRECTION ( 'NONE',  ( 0.0000000000000000000, 0.0000000000000000000, 1.000000000000000000 ) ) ;
#808 = EDGE_CURVE ( 'NONE', #753, #1101, #11, .T. ) ;
#809 = DIRECTION ( 'NONE',  ( 0.0000000000000000000, 0.0000000000000000000, 1.000000000000000000 ) ) ;
#810 = ADVANCED_FACE ( 'NONE', ( #1050 ), #395, .F. ) ;
#811 = DIRECTION ( 'NONE',  ( 0.0000000000000000000, 0.0000000000000000000, 1.000000000000000000 ) ) ;
#812 = EDGE_LOOP ( 'NONE', ( #1436, #1217, #1185, #166 ) ) ;
#813 = FACE_BOUND ( 'NONE', #895, .T. ) ;
#814 = AXIS2_PLACEMENT_3D ( 'NONE', #1268, #1020, #105 ) ;
#815 = DIRECTION ( 'NONE',  ( -5.137129139784316200E-016, -1.000000000000000000, 0.0000000000000000000 ) ) ;
#816 = EDGE_CURVE ( 'NONE', #1521, #181, #764, .T. ) ;
#817 = LINE ( 'NONE', #254, #1127 ) ;
#818 = CARTESIAN_POINT ( 'NONE',  ( 187.5000000000000000, 0.0000000000000000000, -12.69999999999999900 ) ) ;
#819 = DIRECTION ( 'NONE',  ( 5.137129139784316200E-016, 1.000000000000000000, 0.0000000000000000000 ) ) ;
#820 = PRODUCT ( 'Q235-5.0-BAN11-N2', 'Q235-5.0-BAN11-N2', '', ( #1678 ) ) ;
#821 = ORIENTED_EDGE ( 'NONE', *, *, #4, .F. ) ;
#822 = VECTOR ( 'NONE', #1605, 1000.000000000000000 ) ;
#823 = ADVANCED_FACE ( 'NONE', ( #232 ), #434, .F. ) ;
#824 = EDGE_LOOP ( 'NONE', ( #663, #1210, #182, #1673 ) ) ;
#825 = EDGE_CURVE ( 'NONE', #309, #661, #1426, .T. ) ;
#826 = CARTESIAN_POINT ( 'NONE',  ( -49.28097245096172700, 2.433432212582939800E-014, -7.041719095097280500E-015 ) ) ;
#827 = AXIS2_PLACEMENT_3D ( 'NONE', #530, #652, #783 ) ;
#828 = VERTEX_POINT ( 'NONE', #1354 ) ;
#829 = DIRECTION ( 'NONE',  ( 0.0000000000000000000, 0.0000000000000000000, 1.000000000000000000 ) ) ;
#830 =( NAMED_UNIT ( * ) PLANE_ANGLE_UNIT ( ) SI_UNIT ( $, .RADIAN. ) );
#831 = FACE_OUTER_BOUND ( 'NONE', #97, .T. ) ;
#832 =( NAMED_UNIT ( * ) SI_UNIT ( $, .STERADIAN. ) SOLID_ANGLE_UNIT ( ) );
#833 =( GEOMETRIC_REPRESENTATION_CONTEXT ( 3 ) GLOBAL_UNCERTAINTY_ASSIGNED_CONTEXT ( ( #376 ) ) GLOBAL_UNIT_ASSIGNED_CONTEXT ( ( #1487, #1482, #1215 ) ) REPRESENTATION_CONTEXT ( 'NONE', 'WORKASPACE' ) );
#834 = CARTESIAN_POINT ( 'NONE',  ( -63.42097245096173500, 5.000000000000032000, -14.14000000000000100 ) ) ;
#835 = SURFACE_STYLE_USAGE ( .BOTH. , #318 ) ;
#836 = ORIENTED_EDGE ( 'NONE', *, *, #1036, .F. ) ;
#837 = ORIENTED_EDGE ( 'NONE', *, *, #1515, .T. ) ;
#838 = DIRECTION ( 'NONE',  ( 0.0000000000000000000, 0.0000000000000000000, 1.000000000000000000 ) ) ;
#839 = DIRECTION ( 'NONE',  ( 0.0000000000000000000, 1.000000000000000000, 0.0000000000000000000 ) ) ;
#840 = CIRCLE ( 'NONE', #32, 15.50000000000000000 ) ;
#841 = PRESENTATION_STYLE_ASSIGNMENT (( #1239 ) ) ;
#842 = CIRCLE ( 'NONE', #550, 3.500000000000003100 ) ;
#843 = CLOSED_SHELL ( 'NONE', ( #606, #973, #13, #540, #532, #304, #810, #1345, #297, #33, #923, #145, #1100, #1193, #402, #1359, #1627, #823, #950, #1205, #443, #793, #283, #16, #1582, #421, #26, #1329, #1338, #1063, #685, #1611, #1056, #1079, #287, #1322, #1587, #1476, #936 ) ) ;
#844 = PLANE ( 'NONE',  #482 ) ;
#845 = CIRCLE ( 'NONE', #1472, 3.500000000000003100 ) ;
#846 =( NAMED_UNIT ( * ) PLANE_ANGLE_UNIT ( ) SI_UNIT ( $, .RADIAN. ) );
#847 = ORIENTED_EDGE ( 'NONE', *, *, #1608, .T. ) ;
#848 = EDGE_LOOP ( 'NONE', ( #269, #554, #1009, #407 ) ) ;
#849 = CYLINDRICAL_SURFACE ( 'NONE', #78, 4.000000000000000000 ) ;
#850 = LINE ( 'NONE', #1478, #1501 ) ;
#851 = CARTESIAN_POINT ( 'NONE',  ( 135.5000000000000000, 5.000000000000000000, 4.500000000000000900 ) ) ;
#852 = ORIENTED_EDGE ( 'NONE', *, *, #1144, .F. ) ;
#853 = CYLINDRICAL_SURFACE ( 'NONE', #1602, 1.650000000000016100 ) ;
#854 = DIRECTION ( 'NONE',  ( 0.0000000000000000000, 1.000000000000000000, 0.0000000000000000000 ) ) ;
#855 = MECHANICAL_DESIGN_GEOMETRIC_PRESENTATION_REPRESENTATION (  '', ( #969 ), #875 ) ;
#856 = CARTESIAN_POINT ( 'NONE',  ( 135.5000000000000000, 0.0000000000000000000, -4.500000000000000900 ) ) ;
#857 = DIRECTION ( 'NONE',  ( 0.0000000000000000000, 0.0000000000000000000, 1.000000000000000000 ) ) ;
#858 =( GEOMETRIC_REPRESENTATION_CONTEXT ( 3 ) GLOBAL_UNCERTAINTY_ASSIGNED_CONTEXT ( ( #953 ) ) GLOBAL_UNIT_ASSIGNED_CONTEXT ( ( #361, #1653, #964 ) ) REPRESENTATION_CONTEXT ( 'NONE', 'WORKASPACE' ) );
#859 = EDGE_CURVE ( 'NONE', #191, #1189, #473, .T. ) ;
#860 = AXIS2_PLACEMENT_3D ( 'NONE', #1554, #774, #642 ) ;
#861 = ORIENTED_EDGE ( 'NONE', *, *, #1223, .F. ) ;
#862 = DIRECTION ( 'NONE',  ( 0.0000000000000000000, 0.0000000000000000000, 1.000000000000000000 ) ) ;
#863 = FACE_OUTER_BOUND ( 'NONE', #1607, .T. ) ;
#864 = CARTESIAN_POINT ( 'NONE',  ( -69.28097245096172700, 10.00000000000003600, 8.999999999999991100 ) ) ;
#865 =( NAMED_UNIT ( * ) SI_UNIT ( $, .STERADIAN. ) SOLID_ANGLE_UNIT ( ) );
#866 = VECTOR ( 'NONE', #1695, 1000.000000000000000 ) ;
#867 = PRESENTATION_STYLE_ASSIGNMENT (( #1535 ) ) ;
#868 = DIRECTION ( 'NONE',  ( 1.000000000000000000, -5.137129139784316200E-016, 0.0000000000000000000 ) ) ;
#869 = ORIENTED_EDGE ( 'NONE', *, *, #724, .F. ) ;
#870 = CARTESIAN_POINT ( 'NONE',  ( -61.90040191508568100, 10.00000000000003000, -9.000000000000007100 ) ) ;
#871 = DIRECTION ( 'NONE',  ( 5.053215498074302900E-016, 1.000000000000000000, 0.0000000000000000000 ) ) ;
#872 = DIRECTION ( 'NONE',  ( -1.000000000000000000, 0.0000000000000000000, 0.0000000000000000000 ) ) ;
#873 = LINE ( 'NONE', #935, #132 ) ;
#874 = CARTESIAN_POINT ( 'NONE',  ( -59.92097245096172700, 2.980022753055991300E-014, 14.14000000000000400 ) ) ;
#875 =( GEOMETRIC_REPRESENTATION_CONTEXT ( 3 ) GLOBAL_UNCERTAINTY_ASSIGNED_CONTEXT ( ( #1634 ) ) GLOBAL_UNIT_ASSIGNED_CONTEXT ( ( #1499, #1092, #52 ) ) REPRESENTATION_CONTEXT ( 'NONE', 'WORKASPACE' ) );
#876 = CARTESIAN_POINT ( 'NONE',  ( -66.92097245096174200, 3.339621792840893600E-014, -14.14000000000000100 ) ) ;
#877 =( LENGTH_UNIT ( ) NAMED_UNIT ( * ) SI_UNIT ( .MILLI., .METRE. ) );
#878 = ORIENTED_EDGE ( 'NONE', *, *, #885, .T. ) ;
#879 = CARTESIAN_POINT ( 'NONE',  ( 140.5000000000000000, 5.000000000000000000, 12.50000000000000000 ) ) ;
#880 = ORIENTED_EDGE ( 'NONE', *, *, #946, .F. ) ;
#881 = VERTEX_POINT ( 'NONE', #1347 ) ;
#882 = DIRECTION ( 'NONE',  ( 5.137129139784316200E-016, 1.000000000000000000, 0.0000000000000000000 ) ) ;
#883 = COLOUR_RGB ( '',1.000000000000000000, 0.0000000000000000000, 0.0000000000000000000 ) ;
#884 = LINE ( 'NONE', #1378, #735 ) ;
#885 = EDGE_CURVE ( 'NONE', #191, #980, #451, .T. ) ;
#886 = CYLINDRICAL_SURFACE ( 'NONE', #1586, 1.650000000000016100 ) ;
#887 = FACE_OUTER_BOUND ( 'NONE', #193, .T. ) ;
#888 = AXIS2_PLACEMENT_3D ( 'NONE', #629, #633, #1435 ) ;
#889 = VECTOR ( 'NONE', #87, 1000.000000000000000 ) ;
#890 = AXIS2_PLACEMENT_3D ( 'NONE', #1483, #819, #1475 ) ;
#891 = ORIENTED_EDGE ( 'NONE', *, *, #248, .T. ) ;
#892 = DIRECTION ( 'NONE',  ( 0.0000000000000000000, 1.000000000000000000, 0.0000000000000000000 ) ) ;
#893 = ORIENTED_EDGE ( 'NONE', *, *, #1144, .T. ) ;
#894 = CIRCLE ( 'NONE', #412, 15.50000000000000700 ) ;
#895 = EDGE_LOOP ( 'NONE', ( #136, #525 ) ) ;
#896 = CARTESIAN_POINT ( 'NONE',  ( -38.64097245096172600, 1.886841672109889000E-014, 14.13999999999998800 ) ) ;
#897 = AXIS2_PLACEMENT_3D ( 'NONE', #938, #414, #549 ) ;
#898 =( LENGTH_UNIT ( ) NAMED_UNIT ( * ) SI_UNIT ( .MILLI., .METRE. ) );
#899 = DIRECTION ( 'NONE',  ( 0.0000000000000000000, 1.000000000000000000, 0.0000000000000000000 ) ) ;
#900 = CARTESIAN_POINT ( 'NONE',  ( 21.49999999999997900, -5.000000000000000000, 12.69999999999999900 ) ) ;
#901 = ORIENTED_EDGE ( 'NONE', *, *, #647, .F. ) ;
#902 = CARTESIAN_POINT ( 'NONE',  ( -69.28097245096172700, 3.460858040539803000E-014, 14.99999999999999600 ) ) ;
#903 =( NAMED_UNIT ( * ) PLANE_ANGLE_UNIT ( ) SI_UNIT ( $, .RADIAN. ) );
#904 =( NAMED_UNIT ( * ) PLANE_ANGLE_UNIT ( ) SI_UNIT ( $, .RADIAN. ) );
#905 = ORIENTED_EDGE ( 'NONE', *, *, #680, .F. ) ;
#906 = LINE ( 'NONE', #1005, #140 ) ;
#907 = EDGE_CURVE ( 'NONE', #1691, #1619, #785, .T. ) ;
#908 = FILL_AREA_STYLE ('',( #511 ) ) ;
#909 = DIRECTION ( 'NONE',  ( 0.0000000000000000000, 0.0000000000000000000, 1.000000000000000000 ) ) ;
#910 = PRESENTATION_LAYER_ASSIGNMENT (  '', '', ( #1684 ) ) ;
#911 = ORIENTED_EDGE ( 'NONE', *, *, #302, .F. ) ;
#912 = EDGE_CURVE ( 'NONE', #756, #937, #1131, .T. ) ;
#913 = DIRECTION ( 'NONE',  ( 1.000000000000000000, -4.956352788505158300E-016, 0.0000000000000000000 ) ) ;
#914 = EDGE_CURVE ( 'NONE', #309, #1199, #1544, .T. ) ;
#915 = SURFACE_SIDE_STYLE ('',( #80 ) ) ;
#916 =( GEOMETRIC_REPRESENTATION_CONTEXT ( 3 ) GLOBAL_UNCERTAINTY_ASSIGNED_CONTEXT ( ( #1409 ) ) GLOBAL_UNIT_ASSIGNED_CONTEXT ( ( #1427, #1033, #1292 ) ) REPRESENTATION_CONTEXT ( 'NONE', 'WORKASPACE' ) );
#917 = ORIENTED_EDGE ( 'NONE', *, *, #346, .F. ) ;
#918 = VERTEX_POINT ( 'NONE', #996 ) ;
#919 = EDGE_LOOP ( 'NONE', ( #821, #880 ) ) ;
#920 = CARTESIAN_POINT ( 'NONE',  ( -86.78097245096171300, 5.000000000000043500, 2.500000000000016000 ) ) ;
#921 = CARTESIAN_POINT ( 'NONE',  ( 140.5000000000000000, 0.0000000000000000000, -12.50000000000000000 ) ) ;
#922 = CIRCLE ( 'NONE', #1360, 3.500000000000003100 ) ;
#923 = ADVANCED_FACE ( 'NONE', ( #1207 ), #73, .T. ) ;
#924 = CARTESIAN_POINT ( 'NONE',  ( -64.28097245096168400, 10.00000000000003200, -20.00000000000000000 ) ) ;
#925 = MANIFOLD_SOLID_BREP ( '平板型式', #843 ) ;
#926 = COLOUR_RGB ( '',1.000000000000000000, 0.0000000000000000000, 0.0000000000000000000 ) ;
#927 = AXIS2_PLACEMENT_3D ( 'NONE', #636, #1568, #913 ) ;
#928 = SURFACE_STYLE_FILL_AREA ( #1163 ) ;
#929 = FACE_OUTER_BOUND ( 'NONE', #1639, .T. ) ;
#930 = EDGE_LOOP ( 'NONE', ( #581, #1358, #526, #632 ) ) ;
#931 = ORIENTED_EDGE ( 'NONE', *, *, #808, .F. ) ;
#932 = COLOUR_RGB ( '',1.000000000000000000, 0.0000000000000000000, 0.0000000000000000000 ) ;
#933 = LINE ( 'NONE', #261, #256 ) ;
#934 = ORIENTED_EDGE ( 'NONE', *, *, #387, .T. ) ;
#935 = CARTESIAN_POINT ( 'NONE',  ( 135.5000000000000000, -5.000000000000000000, -4.500000000000000900 ) ) ;
#936 = ADVANCED_FACE ( 'NONE', ( #147 ), #849, .F. ) ;
#937 = VERTEX_POINT ( 'NONE', #1646 ) ;
#938 = CARTESIAN_POINT ( 'NONE',  ( 135.5000000000000000, -5.000000000000000000, -4.500000000000000900 ) ) ;
#939 = AXIS2_PLACEMENT_3D ( 'NONE', #1361, #38, #1216 ) ;
#940 = VERTEX_POINT ( 'NONE', #989 ) ;
#941 = CARTESIAN_POINT ( 'NONE',  ( 135.5000000000000000, -5.000000000000000000, -12.50000000000000000 ) ) ;
#942 = VERTEX_POINT ( 'NONE', #1234 ) ;
#943 = VECTOR ( 'NONE', #244, 1000.000000000000000 ) ;
#944 = AXIS2_PLACEMENT_3D ( 'NONE', #324, #1387, #204 ) ;
#945 = COLOUR_RGB ( '',1.000000000000000000, 0.0000000000000000000, 0.0000000000000000000 ) ;
#946 = EDGE_CURVE ( 'NONE', #408, #1619, #1335, .T. ) ;
#947 = DIRECTION ( 'NONE',  ( 0.0000000000000000000, 1.000000000000000000, 0.0000000000000000000 ) ) ;
#948 = VERTEX_POINT ( 'NONE', #1370 ) ;
#949 = LINE ( 'NONE', #399, #1010 ) ;
#950 = ADVANCED_FACE ( 'NONE', ( #803 ), #677, .F. ) ;
#951 = DIRECTION ( 'NONE',  ( -5.137129139784316200E-016, -1.000000000000000000, 0.0000000000000000000 ) ) ;
#952 = CARTESIAN_POINT ( 'NONE',  ( -69.28097245096172700, 3.460858040539803000E-014, -20.00000000000000000 ) ) ;
#953 = UNCERTAINTY_MEASURE_WITH_UNIT (LENGTH_MEASURE( 1.000000000000000100E-005 ), #361, 'distance_accuracy_value', 'NONE');
#954 = DIRECTION ( 'NONE',  ( 0.0000000000000000000, 0.0000000000000000000, 1.000000000000000000 ) ) ;
#955 = ORIENTED_EDGE ( 'NONE', *, *, #912, .T. ) ;
#956 = ORIENTED_EDGE ( 'NONE', *, *, #885, .F. ) ;
#957 = VERTEX_POINT ( 'NONE', #1264 ) ;
#958 = DIRECTION ( 'NONE',  ( 0.0000000000000000000, -0.0000000000000000000, 1.000000000000000000 ) ) ;
#959 =( GEOMETRIC_REPRESENTATION_CONTEXT ( 3 ) GLOBAL_UNCERTAINTY_ASSIGNED_CONTEXT ( ( #1276 ) ) GLOBAL_UNIT_ASSIGNED_CONTEXT ( ( #430, #293, #1198 ) ) REPRESENTATION_CONTEXT ( 'NONE', 'WORKASPACE' ) );
#960 = LINE ( 'NONE', #1652, #609 ) ;
#961 = EDGE_CURVE ( 'NONE', #593, #202, #1156, .T. ) ;
#962 = CIRCLE ( 'NONE', #860, 4.000000000000000000 ) ;
#963 = DIRECTION ( 'NONE',  ( -1.000000000000000000, 5.036293962513308800E-016, 0.0000000000000000000 ) ) ;
#964 =( NAMED_UNIT ( * ) SI_UNIT ( $, .STERADIAN. ) SOLID_ANGLE_UNIT ( ) );
#965 = ORIENTED_EDGE ( 'NONE', *, *, #1283, .F. ) ;
#966 = EDGE_CURVE ( 'NONE', #661, #371, #1667, .T. ) ;
#967 = STYLED_ITEM ( 'NONE', ( #1657 ), #540 ) ;
#968 = ORIENTED_EDGE ( 'NONE', *, *, #470, .T. ) ;
#969 = STYLED_ITEM ( 'NONE', ( #768 ), #793 ) ;
#970 = CARTESIAN_POINT ( 'NONE',  ( 0.0000000000000000000, 0.0000000000000000000, 4.500000000000000900 ) ) ;
#971 = CARTESIAN_POINT ( 'NONE',  ( -63.42097245096173500, 3.159822272948442100E-014, -14.14000000000000100 ) ) ;
#972 = CIRCLE ( 'NONE', #36, 3.500000000000003100 ) ;
#973 = ADVANCED_FACE ( 'NONE', ( #887 ), #886, .F. ) ;
#974 = UNCERTAINTY_MEASURE_WITH_UNIT (LENGTH_MEASURE( 1.000000000000000100E-005 ), #1094, 'distance_accuracy_value', 'NONE');
#975 = CARTESIAN_POINT ( 'NONE',  ( 135.5000000000000000, -5.000000000000000000, 12.50000000000000000 ) ) ;
#976 = CARTESIAN_POINT ( 'NONE',  ( 187.5000000000000000, 5.000000000000000000, -11.04999999999998300 ) ) ;
#977 = CARTESIAN_POINT ( 'NONE',  ( 187.5000000000000000, -5.000000000000000000, 14.35000000000001600 ) ) ;
#978 = ORIENTED_EDGE ( 'NONE', *, *, #587, .T. ) ;
#979 = DIRECTION ( 'NONE',  ( -5.137129139784316200E-016, -1.000000000000000000, 0.0000000000000000000 ) ) ;
#980 = VERTEX_POINT ( 'NONE', #1687 ) ;
#981 = ORIENTED_EDGE ( 'NONE', *, *, #143, .T. ) ;
#982 = DIRECTION ( 'NONE',  ( 0.7071067811865474600, -3.632498850572505500E-016, 0.7071067811865474600 ) ) ;
#983 = FILL_AREA_STYLE_COLOUR ( '', #932 ) ;
#984 = VECTOR ( 'NONE', #447, 1000.000000000000000 ) ;
#985 = CARTESIAN_POINT ( 'NONE',  ( 21.49999999999997900, -5.000000000000000000, -12.69999999999999900 ) ) ;
#986 = CIRCLE ( 'NONE', #1299, 3.500000000000003100 ) ;
#987 = ORIENTED_EDGE ( 'NONE', *, *, #638, .T. ) ;
#988 = PRESENTATION_STYLE_ASSIGNMENT (( #578 ) ) ;
#989 = CARTESIAN_POINT ( 'NONE',  ( 140.5000000000000000, 5.000000000000000000, 4.500000000000000900 ) ) ;
#990 = EDGE_CURVE ( 'NONE', #1705, #666, #842, .T. ) ;
#991 = LINE ( 'NONE', #1485, #255 ) ;
#992 = CIRCLE ( 'NONE', #827, 1.650000000000002100 ) ;
#993 = DIRECTION ( 'NONE',  ( -5.053215498074302900E-016, -1.000000000000000000, 0.0000000000000000000 ) ) ;
#994 =( GEOMETRIC_REPRESENTATION_CONTEXT ( 3 ) GLOBAL_UNCERTAINTY_ASSIGNED_CONTEXT ( ( #792 ) ) GLOBAL_UNIT_ASSIGNED_CONTEXT ( ( #626, #745, #1690 ) ) REPRESENTATION_CONTEXT ( 'NONE', 'WORKASPACE' ) );
#995 = COLOUR_RGB ( '',1.000000000000000000, 0.0000000000000000000, 0.0000000000000000000 ) ;
#996 = CARTESIAN_POINT ( 'NONE',  ( 21.49999999999997900, 5.000000000000000000, 14.35000000000000100 ) ) ;
#997 = DIRECTION ( 'NONE',  ( -5.137129139784316200E-016, -1.000000000000000000, 0.0000000000000000000 ) ) ;
#998 = SURFACE_STYLE_USAGE ( .BOTH. , #342 ) ;
#999 = VERTEX_POINT ( 'NONE', #1017 ) ;
#1000 = DIRECTION ( 'NONE',  ( 1.000000000000000000, -5.137129139784316200E-016, 0.0000000000000000000 ) ) ;
#1001 = DIRECTION ( 'NONE',  ( -1.000000000000000000, 4.956352788505158300E-016, 0.0000000000000000000 ) ) ;
#1002 = ORIENTED_EDGE ( 'NONE', *, *, #432, .T. ) ;
#1003 = EDGE_CURVE ( 'NONE', #394, #1454, #103, .T. ) ;
#1004 = MECHANICAL_DESIGN_GEOMETRIC_PRESENTATION_REPRESENTATION (  '', ( #1591 ), #1086 ) ;
#1005 = CARTESIAN_POINT ( 'NONE',  ( -31.64097245096171600, 10.00000000000001600, -14.13999999999999900 ) ) ;
#1006 = CARTESIAN_POINT ( 'NONE',  ( -69.28097245096172700, 3.460858040539803000E-014, -9.000000000000007100 ) ) ;
#1007 = FACE_OUTER_BOUND ( 'NONE', #729, .T. ) ;
#1008 = CARTESIAN_POINT ( 'NONE',  ( 187.0000000000000300, 0.0000000000000000000, -20.00000000000000000 ) ) ;
#1009 = ORIENTED_EDGE ( 'NONE', *, *, #695, .F. ) ;
#1010 = VECTOR ( 'NONE', #1311, 1000.000000000000000 ) ;
#1011 = AXIS2_PLACEMENT_3D ( 'NONE', #985, #1641, #857 ) ;
#1012 = PLANE ( 'NONE',  #120 ) ;
#1013 = ORIENTED_EDGE ( 'NONE', *, *, #162, .F. ) ;
#1014 = CIRCLE ( 'NONE', #1046, 4.000000000000000000 ) ;
#1015 = DIRECTION ( 'NONE',  ( -5.137129139784316200E-016, -1.000000000000000000, 0.0000000000000000000 ) ) ;
#1016 = DIRECTION ( 'NONE',  ( 0.0000000000000000000, 0.0000000000000000000, 1.000000000000000000 ) ) ;
#1017 = CARTESIAN_POINT ( 'NONE',  ( 21.49999999999997900, 0.0000000000000000000, -11.04999999999999700 ) ) ;
#1018 = PLANE ( 'NONE',  #471 ) ;
#1019 = ORIENTED_EDGE ( 'NONE', *, *, #859, .T. ) ;
#1020 = DIRECTION ( 'NONE',  ( 0.0000000000000000000, 1.000000000000000000, 0.0000000000000000000 ) ) ;
#1021 = SURFACE_STYLE_USAGE ( .BOTH. , #370 ) ;
#1022 = ORIENTED_EDGE ( 'NONE', *, *, #411, .F. ) ;
#1023 = CIRCLE ( 'NONE', #117, 1.650000000000002100 ) ;
#1024 = SURFACE_STYLE_USAGE ( .BOTH. , #495 ) ;
#1025 = FILL_AREA_STYLE ('',( #1164 ) ) ;
#1026 = ORIENTED_EDGE ( 'NONE', *, *, #1036, .T. ) ;
#1027 = FACE_BOUND ( 'NONE', #62, .T. ) ;
#1028 = CARTESIAN_POINT ( 'NONE',  ( 21.49999999999997900, 5.000000000000000000, -11.04999999999999700 ) ) ;
#1029 = UNCERTAINTY_MEASURE_WITH_UNIT (LENGTH_MEASURE( 1.000000000000000100E-005 ), #367, 'distance_accuracy_value', 'NONE');
#1030 = AXIS2_PLACEMENT_3D ( 'NONE', #190, #565, #1212 ) ;
#1031 = COLOUR_RGB ( '',1.000000000000000000, 0.0000000000000000000, 0.0000000000000000000 ) ;
#1032 = EDGE_LOOP ( 'NONE', ( #1304, #214 ) ) ;
#1033 =( NAMED_UNIT ( * ) PLANE_ANGLE_UNIT ( ) SI_UNIT ( $, .RADIAN. ) );
#1034 = CARTESIAN_POINT ( 'NONE',  ( 187.5000000000000000, 0.0000000000000000000, 11.04999999999998300 ) ) ;
#1035 = MECHANICAL_DESIGN_GEOMETRIC_PRESENTATION_REPRESENTATION (  '', ( #1536 ), #282 ) ;
#1036 = EDGE_CURVE ( 'NONE', #1425, #1403, #1612, .T. ) ;
#1037 = DIRECTION ( 'NONE',  ( 0.0000000000000000000, 0.0000000000000000000, -1.000000000000000000 ) ) ;
#1038 = AXIS2_PLACEMENT_3D ( 'NONE', #1565, #649, #1550 ) ;
#1039 = ORIENTED_EDGE ( 'NONE', *, *, #966, .T. ) ;
#1040 = VERTEX_POINT ( 'NONE', #96 ) ;
#1041 = CARTESIAN_POINT ( 'NONE',  ( 21.49999999999997900, 5.000000000000000000, 12.69999999999999900 ) ) ;
#1042 = VECTOR ( 'NONE', #1372, 1000.000000000000000 ) ;
#1043 = CARTESIAN_POINT ( 'NONE',  ( 135.5000000000000000, 5.000000000000000000, 4.500000000000000900 ) ) ;
#1044 = VECTOR ( 'NONE', #31, 1000.000000000000000 ) ;
#1045 = PRESENTATION_STYLE_ASSIGNMENT (( #777 ) ) ;
#1046 = AXIS2_PLACEMENT_3D ( 'NONE', #1064, #681, #809 ) ;
#1047 = EDGE_LOOP ( 'NONE', ( #158, #189 ) ) ;
#1048 = FACE_BOUND ( 'NONE', #579, .T. ) ;
#1049 = ORIENTED_EDGE ( 'NONE', *, *, #1442, .T. ) ;
#1050 = FACE_OUTER_BOUND ( 'NONE', #472, .T. ) ;
#1051 = EDGE_CURVE ( 'NONE', #1364, #1152, #490, .T. ) ;
#1052 = PLANE ( 'NONE',  #529 ) ;
#1053 = DIRECTION ( 'NONE',  ( 0.0000000000000000000, 1.000000000000000000, 0.0000000000000000000 ) ) ;
#1054 = EDGE_CURVE ( 'NONE', #1689, #535, #1595, .T. ) ;
#1055 = STYLED_ITEM ( 'NONE', ( #290 ), #1063 ) ;
#1056 = ADVANCED_FACE ( 'NONE', ( #203 ), #567, .F. ) ;
#1057 = AXIS2_PLACEMENT_3D ( 'NONE', #971, #1615, #1075 ) ;
#1058 = EDGE_LOOP ( 'NONE', ( #955, #446 ) ) ;
#1059 = LINE ( 'NONE', #201, #138 ) ;
#1060 = ORIENTED_EDGE ( 'NONE', *, *, #1119, .T. ) ;
#1061 = AXIS2_PLACEMENT_3D ( 'NONE', #257, #504, #509 ) ;
#1062 = LINE ( 'NONE', #1139, #943 ) ;
#1063 = ADVANCED_FACE ( 'NONE', ( #1266 ), #1640, .F. ) ;
#1064 = CARTESIAN_POINT ( 'NONE',  ( 135.5000000000000000, 5.000000000000000000, 8.500000000000000000 ) ) ;
#1065 = STYLED_ITEM ( 'NONE', ( #207 ), #287 ) ;
#1066 = ORIENTED_EDGE ( 'NONE', *, *, #199, .T. ) ;
#1067 = DIRECTION ( 'NONE',  ( -0.0000000000000000000, 0.0000000000000000000, -1.000000000000000000 ) ) ;
#1068 = EDGE_LOOP ( 'NONE', ( #1326, #49, #1177, #1109 ) ) ;
#1069 = CIRCLE ( 'NONE', #671, 15.50000000000000000 ) ;
#1070 = SURFACE_SIDE_STYLE ('',( #665 ) ) ;
#1071 =( NAMED_UNIT ( * ) PLANE_ANGLE_UNIT ( ) SI_UNIT ( $, .RADIAN. ) );
#1072 = SURFACE_STYLE_FILL_AREA ( #1209 ) ;
#1073 = EDGE_CURVE ( 'NONE', #1101, #940, #757, .T. ) ;
#1074 = CARTESIAN_POINT ( 'NONE',  ( 21.49999999999997900, 0.0000000000000000000, -12.69999999999999900 ) ) ;
#1075 = DIRECTION ( 'NONE',  ( 1.000000000000000000, -5.137129139784317200E-016, 0.0000000000000000000 ) ) ;
#1076 = PRESENTATION_LAYER_ASSIGNMENT (  '', '', ( #726 ) ) ;
#1077 = ORIENTED_EDGE ( 'NONE', *, *, #587, .F. ) ;
#1078 = UNCERTAINTY_MEASURE_WITH_UNIT (LENGTH_MEASURE( 1.000000000000000100E-005 ), #1509, 'distance_accuracy_value', 'NONE');
#1079 = ADVANCED_FACE ( 'NONE', ( #1537 ), #479, .F. ) ;
#1080 =( NAMED_UNIT ( * ) PLANE_ANGLE_UNIT ( ) SI_UNIT ( $, .RADIAN. ) );
#1081 = SURFACE_STYLE_FILL_AREA ( #379 ) ;
#1082 = CIRCLE ( 'NONE', #311, 1.650000000000002100 ) ;
#1083 = SURFACE_SIDE_STYLE ('',( #1561 ) ) ;
#1084 = DIRECTION ( 'NONE',  ( 5.053215498074302900E-016, 1.000000000000000000, 0.0000000000000000000 ) ) ;
#1085 = EDGE_CURVE ( 'NONE', #1189, #718, #58, .T. ) ;
#1086 =( GEOMETRIC_REPRESENTATION_CONTEXT ( 3 ) GLOBAL_UNCERTAINTY_ASSIGNED_CONTEXT ( ( #1459 ) ) GLOBAL_UNIT_ASSIGNED_CONTEXT ( ( #1278, #1158, #375 ) ) REPRESENTATION_CONTEXT ( 'NONE', 'WORKASPACE' ) );
#1087 = ORIENTED_EDGE ( 'NONE', *, *, #176, .T. ) ;
#1088 = VECTOR ( 'NONE', #216, 1000.000000000000000 ) ;
#1089 = VECTOR ( 'NONE', #3, 1000.000000000000000 ) ;
#1090 = CARTESIAN_POINT ( 'NONE',  ( -49.28097245096172700, 5.000000000000024000, -7.041719095097280500E-015 ) ) ;
#1091 = DIRECTION ( 'NONE',  ( -1.000000000000000000, 4.956352788505158300E-016, 0.0000000000000000000 ) ) ;
#1092 =( NAMED_UNIT ( * ) PLANE_ANGLE_UNIT ( ) SI_UNIT ( $, .RADIAN. ) );
#1093 = VERTEX_POINT ( 'NONE', #738 ) ;
#1094 =( LENGTH_UNIT ( ) NAMED_UNIT ( * ) SI_UNIT ( .MILLI., .METRE. ) );
#1095 = LINE ( 'NONE', #1339, #1524 ) ;
#1096 = AXIS2_PLACEMENT_3D ( 'NONE', #1275, #1529, #1401 ) ;
#1097 = DIRECTION ( 'NONE',  ( 0.0000000000000000000, 1.000000000000000000, 0.0000000000000000000 ) ) ;
#1098 = CARTESIAN_POINT ( 'NONE',  ( 187.5000000000000000, 0.0000000000000000000, -11.04999999999998300 ) ) ;
#1099 = EDGE_LOOP ( 'NONE', ( #286, #247, #605, #1560 ) ) ;
#1100 = ADVANCED_FACE ( 'NONE', ( #20 ), #1661, .T. ) ;
#1101 = VERTEX_POINT ( 'NONE', #879 ) ;
#1102 = CARTESIAN_POINT ( 'NONE',  ( 21.49999999999997900, 5.000000000000000000, -12.69999999999999900 ) ) ;
#1103 = ORIENTED_EDGE ( 'NONE', *, *, #1194, .T. ) ;
#1104 = CIRCLE ( 'NONE', #234, 1.650000000000002100 ) ;
#1105 =( GEOMETRIC_REPRESENTATION_CONTEXT ( 3 ) GLOBAL_UNCERTAINTY_ASSIGNED_CONTEXT ( ( #224 ) ) GLOBAL_UNIT_ASSIGNED_CONTEXT ( ( #1281, #1148, #637 ) ) REPRESENTATION_CONTEXT ( 'NONE', 'WORKASPACE' ) );
#1106 =( NAMED_UNIT ( * ) PLANE_ANGLE_UNIT ( ) SI_UNIT ( $, .RADIAN. ) );
#1107 = ORIENTED_EDGE ( 'NONE', *, *, #794, .F. ) ;
#1108 = DIRECTION ( 'NONE',  ( 1.000000000000000000, -5.137129139784317200E-016, 0.0000000000000000000 ) ) ;
#1109 = ORIENTED_EDGE ( 'NONE', *, *, #387, .F. ) ;
#1110 = LINE ( 'NONE', #1221, #500 ) ;
#1111 = MECHANICAL_DESIGN_GEOMETRIC_PRESENTATION_REPRESENTATION (  '', ( #352 ), #959 ) ;
#1112 = CARTESIAN_POINT ( 'NONE',  ( -31.64097245096172300, 1.527242632324986300E-014, 14.13999999999998800 ) ) ;
#1113 = DIRECTION ( 'NONE',  ( 5.053215498074302900E-016, 1.000000000000000000, 0.0000000000000000000 ) ) ;
#1114 = DIRECTION ( 'NONE',  ( 0.0000000000000000000, 0.0000000000000000000, 1.000000000000000000 ) ) ;
#1115 = LINE ( 'NONE', #1384, #684 ) ;
#1116 = AXIS2_PLACEMENT_3D ( 'NONE', #1635, #1505, #591 ) ;
#1117 = UNCERTAINTY_MEASURE_WITH_UNIT (LENGTH_MEASURE( 1.000000000000000100E-005 ), #898, 'distance_accuracy_value', 'NONE');
#1118 = DIRECTION ( 'NONE',  ( 5.053215498074302900E-016, 1.000000000000000000, 0.0000000000000000000 ) ) ;
#1119 = EDGE_CURVE ( 'NONE', #398, #1705, #906, .T. ) ;
#1120 = AXIS2_PLACEMENT_3D ( 'NONE', #260, #388, #115 ) ;
#1121 =( NAMED_UNIT ( * ) SI_UNIT ( $, .STERADIAN. ) SOLID_ANGLE_UNIT ( ) );
#1122 = PLANE ( 'NONE',  #508 ) ;
#1123 = DIRECTION ( 'NONE',  ( 0.0000000000000000000, 1.000000000000000000, 0.0000000000000000000 ) ) ;
#1124 = DIRECTION ( 'NONE',  ( 5.137129139784316200E-016, 1.000000000000000000, 0.0000000000000000000 ) ) ;
#1125 = CYLINDRICAL_SURFACE ( 'NONE', #1325, 3.500000000000003100 ) ;
#1126 = DIRECTION ( 'NONE',  ( -0.7071067811865474600, 3.632498850572505500E-016, -0.7071067811865474600 ) ) ;
#1127 = VECTOR ( 'NONE', #782, 1000.000000000000000 ) ;
#1128 = DIRECTION ( 'NONE',  ( 5.137129139784316200E-016, 1.000000000000000000, 0.0000000000000000000 ) ) ;
#1129 = VERTEX_POINT ( 'NONE', #1254 ) ;
#1130 = CARTESIAN_POINT ( 'NONE',  ( 21.49999999999997900, 0.0000000000000000000, 12.69999999999999900 ) ) ;
#1131 = CIRCLE ( 'NONE', #1197, 1.650000000000002100 ) ;
#1132 = ORIENTED_EDGE ( 'NONE', *, *, #1590, .T. ) ;
#1133 = ORIENTED_EDGE ( 'NONE', *, *, #614, .T. ) ;
#1134 = CARTESIAN_POINT ( 'NONE',  ( 140.5000000000000000, 5.000000000000000000, 8.500000000000000000 ) ) ;
#1135 = CARTESIAN_POINT ( 'NONE',  ( -69.28097245096172700, 10.00000000000003600, -9.000000000000007100 ) ) ;
#1136 = FILL_AREA_STYLE_COLOUR ( '', #1643 ) ;
#1137 = CARTESIAN_POINT ( 'NONE',  ( 187.5000000000000000, -5.000000000000000000, -12.69999999999999900 ) ) ;
#1138 = EDGE_CURVE ( 'NONE', #767, #386, #1289, .T. ) ;
#1139 = CARTESIAN_POINT ( 'NONE',  ( -69.28097245096172700, 3.460858040539803000E-014, 20.00000000000000000 ) ) ;
#1140 = FILL_AREA_STYLE ('',( #227 ) ) ;
#1141 = VERTEX_POINT ( 'NONE', #755 ) ;
#1142 = CARTESIAN_POINT ( 'NONE',  ( 192.0000000000000000, 5.000000000000000000, 20.00000000000000000 ) ) ;
#1143 = ORIENTED_EDGE ( 'NONE', *, *, #90, .T. ) ;
#1144 = EDGE_CURVE ( 'NONE', #1258, #1129, #1062, .T. ) ;
#1145 = PRESENTATION_LAYER_ASSIGNMENT (  '', '', ( #1065 ) ) ;
#1146 = FACE_BOUND ( 'NONE', #1522, .T. ) ;
#1147 = FILL_AREA_STYLE ('',( #230 ) ) ;
#1148 =( NAMED_UNIT ( * ) PLANE_ANGLE_UNIT ( ) SI_UNIT ( $, .RADIAN. ) );
#1149 = VECTOR ( 'NONE', #467, 1000.000000000000000 ) ;
#1150 = FACE_BOUND ( 'NONE', #776, .T. ) ;
#1151 = AXIS2_PLACEMENT_3D ( 'NONE', #1488, #1124, #1001 ) ;
#1152 = VERTEX_POINT ( 'NONE', #896 ) ;
#1153 = CARTESIAN_POINT ( 'NONE',  ( -63.42097245096173500, 10.00000000000003200, -14.14000000000000100 ) ) ;
#1154 = CARTESIAN_POINT ( 'NONE',  ( 140.5000000000000000, -5.000000000000000000, -8.500000000000000000 ) ) ;
#1155 = VERTEX_POINT ( 'NONE', #1028 ) ;
#1156 = LINE ( 'NONE', #613, #108 ) ;
#1157 = VECTOR ( 'NONE', #1679, 1000.000000000000000 ) ;
#1158 =( NAMED_UNIT ( * ) PLANE_ANGLE_UNIT ( ) SI_UNIT ( $, .RADIAN. ) );
#1159 = ORIENTED_EDGE ( 'NONE', *, *, #21, .T. ) ;
#1160 = COLOUR_RGB ( '',1.000000000000000000, 0.0000000000000000000, 0.0000000000000000000 ) ;
#1161 = DIRECTION ( 'NONE',  ( 0.7071067811865475700, -3.573162945485297100E-016, -0.7071067811865475700 ) ) ;
#1162 = MECHANICAL_DESIGN_GEOMETRIC_PRESENTATION_REPRESENTATION (  '', ( #1528 ), #916 ) ;
#1163 = FILL_AREA_STYLE ('',( #1668 ) ) ;
#1164 = FILL_AREA_STYLE_COLOUR ( '', #378 ) ;
#1165 = CARTESIAN_POINT ( 'NONE',  ( -33.78097245096172700, 1.637177195916371000E-014, -7.041719095097280500E-015 ) ) ;
#1166 = PRODUCT_RELATED_PRODUCT_CATEGORY ( 'part', '', ( #820 ) ) ;
#1167 = EDGE_CURVE ( 'NONE', #1538, #1152, #714, .T. ) ;
#1168 = CARTESIAN_POINT ( 'NONE',  ( -69.28097245096172700, 3.460858040539803000E-014, 20.00000000000000000 ) ) ;
#1169 = VERTEX_POINT ( 'NONE', #1677 ) ;
#1170 = FACE_BOUND ( 'NONE', #800, .T. ) ;
#1171 = FACE_OUTER_BOUND ( 'NONE', #510, .T. ) ;
#1172 = SURFACE_STYLE_FILL_AREA ( #1287 ) ;
#1173 = STYLED_ITEM ( 'NONE', ( #988 ), #950 ) ;
#1174 = VECTOR ( 'NONE', #377, 1000.000000000000000 ) ;
#1175 = DIRECTION ( 'NONE',  ( 0.0000000000000000000, 0.0000000000000000000, 1.000000000000000000 ) ) ;
#1176 = ORIENTED_EDGE ( 'NONE', *, *, #1694, .F. ) ;
#1177 = ORIENTED_EDGE ( 'NONE', *, *, #267, .F. ) ;
#1178 = CARTESIAN_POINT ( 'NONE',  ( 187.0000000000000300, 0.0000000000000000000, -20.00000000000000000 ) ) ;
#1179 = ORIENTED_EDGE ( 'NONE', *, *, #470, .F. ) ;
#1180 = EDGE_CURVE ( 'NONE', #1555, #687, #1367, .T. ) ;
#1181 = CARTESIAN_POINT ( 'NONE',  ( -69.28097245096172700, 5.000000000000034600, 20.00000000000000000 ) ) ;
#1182 = LINE ( 'NONE', #208, #772 ) ;
#1183 = ORIENTED_EDGE ( 'NONE', *, *, #1507, .F. ) ;
#1184 = DIRECTION ( 'NONE',  ( -0.7071067811865475700, 3.573162945485297100E-016, -0.7071067811865475700 ) ) ;
#1185 = ORIENTED_EDGE ( 'NONE', *, *, #736, .T. ) ;
#1186 = AXIS2_PLACEMENT_3D ( 'NONE', #818, #1196, #692 ) ;
#1187 = PRESENTATION_STYLE_ASSIGNMENT (( #1248 ) ) ;
#1188 = CIRCLE ( 'NONE', #1390, 1.650000000000002100 ) ;
#1189 = VERTEX_POINT ( 'NONE', #1178 ) ;
#1190 = ORIENTED_EDGE ( 'NONE', *, *, #155, .T. ) ;
#1191 = LINE ( 'NONE', #1135, #1157 ) ;
#1192 = EDGE_LOOP ( 'NONE', ( #582, #416, #485, #1576 ) ) ;
#1193 = ADVANCED_FACE ( 'NONE', ( #1693, #1170, #813, #312, #584, #1666, #1496, #1150, #1027, #670, #1146 ), #646, .F. ) ;
#1194 = EDGE_CURVE ( 'NONE', #1647, #918, #1473, .T. ) ;
#1195 =( NAMED_UNIT ( * ) SI_UNIT ( $, .STERADIAN. ) SOLID_ANGLE_UNIT ( ) );
#1196 = DIRECTION ( 'NONE',  ( 0.0000000000000000000, 1.000000000000000000, 0.0000000000000000000 ) ) ;
#1197 = AXIS2_PLACEMENT_3D ( 'NONE', #1130, #1246, #79 ) ;
#1198 =( NAMED_UNIT ( * ) SI_UNIT ( $, .STERADIAN. ) SOLID_ANGLE_UNIT ( ) );
#1199 = VERTEX_POINT ( 'NONE', #643 ) ;
#1200 = PRESENTATION_LAYER_ASSIGNMENT (  '', '', ( #1536 ) ) ;
#1201 = PRESENTATION_STYLE_ASSIGNMENT (( #1614 ) ) ;
#1202 = EDGE_CURVE ( 'NONE', #948, #1155, #1023, .T. ) ;
#1203 = DIRECTION ( 'NONE',  ( 0.0000000000000000000, 1.000000000000000000, 0.0000000000000000000 ) ) ;
#1204 = PRESENTATION_LAYER_ASSIGNMENT (  '', '', ( #1235 ) ) ;
#1205 = ADVANCED_FACE ( 'NONE', ( #657 ), #799, .F. ) ;
#1206 = VECTOR ( 'NONE', #1037, 1000.000000000000000 ) ;
#1207 = FACE_OUTER_BOUND ( 'NONE', #538, .T. ) ;
#1208 = FACE_BOUND ( 'NONE', #1303, .T. ) ;
#1209 = FILL_AREA_STYLE ('',( #23 ) ) ;
#1210 = ORIENTED_EDGE ( 'NONE', *, *, #528, .F. ) ;
#1211 = CARTESIAN_POINT ( 'NONE',  ( 140.5000000000000000, 0.0000000000000000000, -4.500000000000000900 ) ) ;
#1212 = DIRECTION ( 'NONE',  ( 1.000000000000000000, -4.956352788505158300E-016, 0.0000000000000000000 ) ) ;
#1213 = AXIS2_PLACEMENT_3D ( 'NONE', #369, #358, #99 ) ;
#1214 = DIRECTION ( 'NONE',  ( 0.0000000000000000000, 1.000000000000000000, 0.0000000000000000000 ) ) ;
#1215 =( NAMED_UNIT ( * ) SI_UNIT ( $, .STERADIAN. ) SOLID_ANGLE_UNIT ( ) );
#1216 = DIRECTION ( 'NONE',  ( 1.000000000000000000, -4.956352788505158300E-016, 0.0000000000000000000 ) ) ;
#1217 = ORIENTED_EDGE ( 'NONE', *, *, #1003, .T. ) ;
#1218 = VERTEX_POINT ( 'NONE', #1034 ) ;
#1219 = CARTESIAN_POINT ( 'NONE',  ( -69.28097245096172700, 3.460858040539803000E-014, -14.99999999999996800 ) ) ;
#1220 = FACE_OUTER_BOUND ( 'NONE', #654, .T. ) ;
#1221 = CARTESIAN_POINT ( 'NONE',  ( 0.0000000000000000000, 0.0000000000000000000, -4.500000000000000900 ) ) ;
#1222 = LINE ( 'NONE', #621, #889 ) ;
#1223 = EDGE_CURVE ( 'NONE', #687, #1261, #840, .T. ) ;
#1224 = ORIENTED_EDGE ( 'NONE', *, *, #1584, .F. ) ;
#1225 = PRESENTATION_LAYER_ASSIGNMENT (  '', '', ( #1447 ) ) ;
#1226 = FACE_BOUND ( 'NONE', #1391, .T. ) ;
#1227 = PRESENTATION_LAYER_ASSIGNMENT (  '', '', ( #1173 ) ) ;
#1228 = DIRECTION ( 'NONE',  ( 0.0000000000000000000, 0.0000000000000000000, 1.000000000000000000 ) ) ;
#1229 = FILL_AREA_STYLE_COLOUR ( '', #1566 ) ;
#1230 = VERTEX_POINT ( 'NONE', #770 ) ;
#1231 = FILL_AREA_STYLE ('',( #1656 ) ) ;
#1232 = AXIS2_PLACEMENT_3D ( 'NONE', #733, #1392, #749 ) ;
#1233 =( LENGTH_UNIT ( ) NAMED_UNIT ( * ) SI_UNIT ( .MILLI., .METRE. ) );
#1234 = CARTESIAN_POINT ( 'NONE',  ( 187.0000000000000300, 5.000000000000000000, -20.00000000000000000 ) ) ;
#1235 = STYLED_ITEM ( 'NONE', ( #1045 ), #304 ) ;
#1236 = CARTESIAN_POINT ( 'NONE',  ( 140.5000000000000000, -5.000000000000000000, -4.500000000000000900 ) ) ;
#1237 = EDGE_LOOP ( 'NONE', ( #1286, #968, #45, #295 ) ) ;
#1238 = UNCERTAINTY_MEASURE_WITH_UNIT (LENGTH_MEASURE( 1.000000000000000100E-005 ), #1557, 'distance_accuracy_value', 'NONE');
#1239 = SURFACE_STYLE_USAGE ( .BOTH. , #1630 ) ;
#1240 = ORIENTED_EDGE ( 'NONE', *, *, #1223, .T. ) ;
#1241 = SURFACE_SIDE_STYLE ('',( #1348 ) ) ;
#1242 = LINE ( 'NONE', #870, #548 ) ;
#1243 = CARTESIAN_POINT ( 'NONE',  ( 187.0000000000000000, 5.000000000000000000, 20.00000000000000000 ) ) ;
#1244 = AXIS2_PLACEMENT_3D ( 'NONE', #157, #676, #683 ) ;
#1245 =( NAMED_UNIT ( * ) PLANE_ANGLE_UNIT ( ) SI_UNIT ( $, .RADIAN. ) );
#1246 = DIRECTION ( 'NONE',  ( 0.0000000000000000000, 1.000000000000000000, 0.0000000000000000000 ) ) ;
#1247 = EDGE_CURVE ( 'NONE', #1538, #325, #922, .T. ) ;
#1248 = SURFACE_STYLE_USAGE ( .BOTH. , #589 ) ;
#1249 = VECTOR ( 'NONE', #645, 1000.000000000000000 ) ;
#1250 = ORIENTED_EDGE ( 'NONE', *, *, #914, .T. ) ;
#1251 = VERTEX_POINT ( 'NONE', #122 ) ;
#1252 = PRESENTATION_LAYER_ASSIGNMENT (  '', '', ( #1055 ) ) ;
#1253 =( NAMED_UNIT ( * ) SI_UNIT ( $, .STERADIAN. ) SOLID_ANGLE_UNIT ( ) );
#1254 = CARTESIAN_POINT ( 'NONE',  ( -69.28097245096172700, 3.460858040539803000E-014, 8.999999999999991100 ) ) ;
#1255 = DIRECTION ( 'NONE',  ( -1.000000000000000000, 5.036293962513308800E-016, 0.0000000000000000000 ) ) ;
#1256 = EDGE_CURVE ( 'NONE', #181, #1521, #489, .T. ) ;
#1257 =( GEOMETRIC_REPRESENTATION_CONTEXT ( 3 ) GLOBAL_UNCERTAINTY_ASSIGNED_CONTEXT ( ( #75 ) ) GLOBAL_UNIT_ASSIGNED_CONTEXT ( ( #1458, #1080, #1195 ) ) REPRESENTATION_CONTEXT ( 'NONE', 'WORKASPACE' ) );
#1258 = VERTEX_POINT ( 'NONE', #1502 ) ;
#1259 = APPLICATION_PROTOCOL_DEFINITION ( 'draft international standard', 'automotive_design', 1998, #505 ) ;
#1260 = ORIENTED_EDGE ( 'NONE', *, *, #363, .T. ) ;
#1261 = VERTEX_POINT ( 'NONE', #1165 ) ;
#1262 = DIRECTION ( 'NONE',  ( 0.0000000000000000000, 1.000000000000000000, 0.0000000000000000000 ) ) ;
#1263 = CARTESIAN_POINT ( 'NONE',  ( -49.28097245096172700, 5.000000000000024000, -7.041719095097280500E-015 ) ) ;
#1264 = CARTESIAN_POINT ( 'NONE',  ( -33.78097245096172700, 5.000000000000016900, -7.041719095097280500E-015 ) ) ;
#1265 = FACE_OUTER_BOUND ( 'NONE', #1237, .T. ) ;
#1266 = FACE_OUTER_BOUND ( 'NONE', #233, .T. ) ;
#1267 = PRESENTATION_STYLE_ASSIGNMENT (( #484 ) ) ;
#1268 = CARTESIAN_POINT ( 'NONE',  ( 140.5000000000000000, 0.0000000000000000000, -8.500000000000000000 ) ) ;
#1269 = STYLED_ITEM ( 'NONE', ( #463 ), #1329 ) ;
#1270 =( NAMED_UNIT ( * ) SI_UNIT ( $, .STERADIAN. ) SOLID_ANGLE_UNIT ( ) );
#1271 = VERTEX_POINT ( 'NONE', #594 ) ;
#1272 = ORIENTED_EDGE ( 'NONE', *, *, #411, .T. ) ;
#1273 = CARTESIAN_POINT ( 'NONE',  ( 135.5000000000000000, 0.0000000000000000000, -8.500000000000000000 ) ) ;
#1274 = ORIENTED_EDGE ( 'NONE', *, *, #816, .T. ) ;
#1275 = CARTESIAN_POINT ( 'NONE',  ( -69.28097245096172700, 3.460858040539803000E-014, 20.00000000000000000 ) ) ;
#1276 = UNCERTAINTY_MEASURE_WITH_UNIT (LENGTH_MEASURE( 1.000000000000000100E-005 ), #430, 'distance_accuracy_value', 'NONE');
#1277 = CARTESIAN_POINT ( 'NONE',  ( 187.5000000000000000, 5.000000000000000000, 12.69999999999999900 ) ) ;
#1278 =( LENGTH_UNIT ( ) NAMED_UNIT ( * ) SI_UNIT ( .MILLI., .METRE. ) );
#1279 = FACE_OUTER_BOUND ( 'NONE', #487, .T. ) ;
#1280 =( NAMED_UNIT ( * ) SI_UNIT ( $, .STERADIAN. ) SOLID_ANGLE_UNIT ( ) );
#1281 =( LENGTH_UNIT ( ) NAMED_UNIT ( * ) SI_UNIT ( .MILLI., .METRE. ) );
#1282 = AXIS2_PLACEMENT_3D ( 'NONE', #1474, #1067, #1465 ) ;
#1283 = EDGE_CURVE ( 'NONE', #593, #753, #1394, .T. ) ;
#1284 = VERTEX_POINT ( 'NONE', #1383 ) ;
#1285 = DIRECTION ( 'NONE',  ( 5.053215498074302900E-016, 1.000000000000000000, 0.0000000000000000000 ) ) ;
#1286 = ORIENTED_EDGE ( 'NONE', *, *, #1553, .T. ) ;
#1287 = FILL_AREA_STYLE ('',( #239 ) ) ;
#1288 = ORIENTED_EDGE ( 'NONE', *, *, #1003, .F. ) ;
#1289 = LINE ( 'NONE', #1422, #656 ) ;
#1290 =( GEOMETRIC_REPRESENTATION_CONTEXT ( 3 ) GLOBAL_UNCERTAINTY_ASSIGNED_CONTEXT ( ( #124 ) ) GLOBAL_UNIT_ASSIGNED_CONTEXT ( ( #717, #585, #865 ) ) REPRESENTATION_CONTEXT ( 'NONE', 'WORKASPACE' ) );
#1291 = LINE ( 'NONE', #344, #206 ) ;
#1292 =( NAMED_UNIT ( * ) SI_UNIT ( $, .STERADIAN. ) SOLID_ANGLE_UNIT ( ) );
#1293 = CARTESIAN_POINT ( 'NONE',  ( -49.28097245096172700, 2.433432212582939800E-014, -7.041719095097280500E-015 ) ) ;
#1294 = ORIENTED_EDGE ( 'NONE', *, *, #4, .T. ) ;
#1295 = PRESENTATION_LAYER_ASSIGNMENT (  '', '', ( #445 ) ) ;
#1296 = VECTOR ( 'NONE', #947, 1000.000000000000000 ) ;
#1297 = LINE ( 'NONE', #1579, #1598 ) ;
#1298 = EDGE_CURVE ( 'NONE', #1689, #1271, #442, .T. ) ;
#1299 = AXIS2_PLACEMENT_3D ( 'NONE', #128, #265, #1446 ) ;
#1300 = ORIENTED_EDGE ( 'NONE', *, *, #1051, .T. ) ;
#1301 = CARTESIAN_POINT ( 'NONE',  ( -63.42097245096173500, 10.00000000000003200, -14.14000000000000100 ) ) ;
#1302 = CARTESIAN_POINT ( 'NONE',  ( -61.90040191508568100, 3.081708600858979500E-014, -9.000000000000007100 ) ) ;
#1303 = EDGE_LOOP ( 'NONE', ( #1697, #1344 ) ) ;
#1304 = ORIENTED_EDGE ( 'NONE', *, *, #1597, .F. ) ;
#1305 = ORIENTED_EDGE ( 'NONE', *, *, #825, .T. ) ;
#1306 = CARTESIAN_POINT ( 'NONE',  ( -66.92097245096174200, 5.000000000000033800, 14.14000000000000400 ) ) ;
#1307 = VECTOR ( 'NONE', #854, 1000.000000000000000 ) ;
#1308 = DIRECTION ( 'NONE',  ( 0.0000000000000000000, 1.000000000000000000, 0.0000000000000000000 ) ) ;
#1309 = LINE ( 'NONE', #851, #984 ) ;
#1310 = VECTOR ( 'NONE', #98, 1000.000000000000100 ) ;
#1311 = DIRECTION ( 'NONE',  ( -5.137129139784316200E-016, -1.000000000000000000, 0.0000000000000000000 ) ) ;
#1312 = CARTESIAN_POINT ( 'NONE',  ( -31.64097245096172300, 5.000000000000016000, 14.13999999999998800 ) ) ;
#1313 = ORIENTED_EDGE ( 'NONE', *, *, #302, .T. ) ;
#1314 = FACE_OUTER_BOUND ( 'NONE', #427, .T. ) ;
#1315 = MECHANICAL_DESIGN_GEOMETRIC_PRESENTATION_REPRESENTATION (  '', ( #1368 ), #1105 ) ;
#1316 = ORIENTED_EDGE ( 'NONE', *, *, #212, .T. ) ;
#1317 = DIRECTION ( 'NONE',  ( 1.000000000000000000, -5.137129139784316200E-016, 0.0000000000000000000 ) ) ;
#1318 = EDGE_CURVE ( 'NONE', #1230, #828, #1059, .T. ) ;
#1319 = AXIS2_PLACEMENT_3D ( 'NONE', #1452, #659, #130 ) ;
#1320 = PRESENTATION_STYLE_ASSIGNMENT (( #998 ) ) ;
#1321 = MECHANICAL_DESIGN_GEOMETRIC_PRESENTATION_REPRESENTATION (  '', ( #1173 ), #1466 ) ;
#1322 = ADVANCED_FACE ( 'NONE', ( #326 ), #340, .F. ) ;
#1323 = UNCERTAINTY_MEASURE_WITH_UNIT (LENGTH_MEASURE( 1.000000000000000100E-005 ), #877, 'distance_accuracy_value', 'NONE');
#1324 = ORIENTED_EDGE ( 'NONE', *, *, #966, .F. ) ;
#1325 = AXIS2_PLACEMENT_3D ( 'NONE', #456, #727, #461 ) ;
#1326 = ORIENTED_EDGE ( 'NONE', *, *, #507, .T. ) ;
#1327 = AXIS2_PLACEMENT_3D ( 'NONE', #1277, #1262, #747 ) ;
#1328 = ORIENTED_EDGE ( 'NONE', *, *, #212, .F. ) ;
#1329 = ADVANCED_FACE ( 'NONE', ( #1220 ), #778, .F. ) ;
#1330 = PLANE ( 'NONE',  #1282 ) ;
#1331 = ADVANCED_BREP_SHAPE_REPRESENTATION ( 'Q235-5.0-BAN11-N2', ( #925, #1213 ), #1410 ) ;
#1332 = FACE_OUTER_BOUND ( 'NONE', #1585, .T. ) ;
#1333 = CARTESIAN_POINT ( 'NONE',  ( 21.49999999999997900, -5.000000000000000000, -12.69999999999999900 ) ) ;
#1334 = ORIENTED_EDGE ( 'NONE', *, *, #1701, .F. ) ;
#1335 = CIRCLE ( 'NONE', #788, 1.650000000000016100 ) ;
#1336 = VECTOR ( 'NONE', #707, 1000.000000000000000 ) ;
#1337 = EDGE_CURVE ( 'NONE', #200, #948, #712, .T. ) ;
#1338 = ADVANCED_FACE ( 'NONE', ( #1610 ), #56, .F. ) ;
#1339 = CARTESIAN_POINT ( 'NONE',  ( 192.0000000000000000, 5.000000000000000000, 14.99999999999999600 ) ) ;
#1340 = SURFACE_SIDE_STYLE ('',( #165 ) ) ;
#1341 = MECHANICAL_DESIGN_GEOMETRIC_PRESENTATION_REPRESENTATION (  '', ( #1055 ), #187 ) ;
#1342 = VERTEX_POINT ( 'NONE', #1628 ) ;
#1343 = EDGE_CURVE ( 'NONE', #150, #383, #497, .T. ) ;
#1344 = ORIENTED_EDGE ( 'NONE', *, *, #1202, .F. ) ;
#1345 = ADVANCED_FACE ( 'NONE', ( #1265 ), #1125, .F. ) ;
#1346 = CARTESIAN_POINT ( 'NONE',  ( 140.5000000000000000, 5.000000000000000000, -8.500000000000000000 ) ) ;
#1347 = CARTESIAN_POINT ( 'NONE',  ( -64.28097245096171300, 3.204001583550587100E-014, 20.00000000000000000 ) ) ;
#1348 = SURFACE_STYLE_FILL_AREA ( #706 ) ;
#1349 = SURFACE_STYLE_FILL_AREA ( #1362 ) ;
#1350 = EDGE_CURVE ( 'NONE', #371, #1199, #160, .T. ) ;
#1351 = AXIS2_PLACEMENT_3D ( 'NONE', #1154, #899, #617 ) ;
#1352 = CARTESIAN_POINT ( 'NONE',  ( 187.5000000000000000, 0.0000000000000000000, 14.35000000000001600 ) ) ;
#1353 = UNCERTAINTY_MEASURE_WITH_UNIT (LENGTH_MEASURE( 1.000000000000000100E-005 ), #82, 'distance_accuracy_value', 'NONE');
#1354 = CARTESIAN_POINT ( 'NONE',  ( -61.90040191508569500, 3.081708600858980100E-014, 8.999999999999991100 ) ) ;
#1355 = VERTEX_POINT ( 'NONE', #976 ) ;
#1356 = CIRCLE ( 'NONE', #1327, 1.650000000000016100 ) ;
#1357 = SURFACE_STYLE_USAGE ( .BOTH. , #171 ) ;
#1358 = ORIENTED_EDGE ( 'NONE', *, *, #457, .T. ) ;
#1359 = ADVANCED_FACE ( 'NONE', ( #1171 ), #780, .F. ) ;
#1360 = AXIS2_PLACEMENT_3D ( 'NONE', #715, #55, #1632 ) ;
#1361 = CARTESIAN_POINT ( 'NONE',  ( -35.14097245096171900, 10.00000000000001800, 14.13999999999998800 ) ) ;
#1362 = FILL_AREA_STYLE ('',( #198 ) ) ;
#1363 = CARTESIAN_POINT ( 'NONE',  ( 135.5000000000000000, 5.000000000000000000, 12.50000000000000000 ) ) ;
#1364 = VERTEX_POINT ( 'NONE', #1112 ) ;
#1365 = ORIENTED_EDGE ( 'NONE', *, *, #907, .T. ) ;
#1366 = ORIENTED_EDGE ( 'NONE', *, *, #172, .F. ) ;
#1367 = LINE ( 'NONE', #1302, #159 ) ;
#1368 = STYLED_ITEM ( 'NONE', ( #1497 ), #1331 ) ;
#1369 = CARTESIAN_POINT ( 'NONE',  ( 192.0000000000000000, 5.000000000000000000, 14.99999999999999600 ) ) ;
#1370 = CARTESIAN_POINT ( 'NONE',  ( 21.49999999999997900, 5.000000000000000000, -14.35000000000000100 ) ) ;
#1371 = EDGE_CURVE ( 'NONE', #1155, #948, #1082, .T. ) ;
#1372 = DIRECTION ( 'NONE',  ( 0.0000000000000000000, 1.000000000000000000, 0.0000000000000000000 ) ) ;
#1373 = CIRCLE ( 'NONE', #1120, 3.500000000000003100 ) ;
#1374 = ORIENTED_EDGE ( 'NONE', *, *, #1461, .F. ) ;
#1375 = UNCERTAINTY_MEASURE_WITH_UNIT (LENGTH_MEASURE( 1.000000000000000100E-005 ), #1393, 'distance_accuracy_value', 'NONE');
#1376 = COLOUR_RGB ( '',1.000000000000000000, 0.0000000000000000000, 0.0000000000000000000 ) ;
#1377 =( GEOMETRIC_REPRESENTATION_CONTEXT ( 3 ) GLOBAL_UNCERTAINTY_ASSIGNED_CONTEXT ( ( #974 ) ) GLOBAL_UNIT_ASSIGNED_CONTEXT ( ( #1094, #1489, #832 ) ) REPRESENTATION_CONTEXT ( 'NONE', 'WORKASPACE' ) );
#1378 = CARTESIAN_POINT ( 'NONE',  ( -66.92097245096174200, 10.00000000000003400, -14.14000000000000100 ) ) ;
#1379 = SURFACE_STYLE_USAGE ( .BOTH. , #478 ) ;
#1380 = EDGE_LOOP ( 'NONE', ( #229, #1316, #893, #1176, #905, #861, #450, #787, #19, #1019, #365, #651, #847 ) ) ;
#1381 = COLOUR_RGB ( '',1.000000000000000000, 0.0000000000000000000, 0.0000000000000000000 ) ;
#1382 = FACE_BOUND ( 'NONE', #1032, .T. ) ;
#1383 = CARTESIAN_POINT ( 'NONE',  ( -69.28097245096172700, 5.000000000000034600, 14.99999999999999600 ) ) ;
#1384 = CARTESIAN_POINT ( 'NONE',  ( 135.5000000000000000, 5.000000000000000000, -4.500000000000000900 ) ) ;
#1385 = STYLED_ITEM ( 'NONE', ( #1187 ), #1338 ) ;
#1386 = LINE ( 'NONE', #864, #557 ) ;
#1387 = DIRECTION ( 'NONE',  ( -5.137129139784316200E-016, -1.000000000000000000, 0.0000000000000000000 ) ) ;
#1388 = DIRECTION ( 'NONE',  ( 0.0000000000000000000, 1.000000000000000000, 0.0000000000000000000 ) ) ;
#1389 = EDGE_CURVE ( 'NONE', #713, #1141, #1665, .T. ) ;
#1390 = AXIS2_PLACEMENT_3D ( 'NONE', #789, #48, #1016 ) ;
#1391 = EDGE_LOOP ( 'NONE', ( #104, #222 ) ) ;
#1392 = DIRECTION ( 'NONE',  ( 0.0000000000000000000, 1.000000000000000000, 0.0000000000000000000 ) ) ;
#1393 =( LENGTH_UNIT ( ) NAMED_UNIT ( * ) SI_UNIT ( .MILLI., .METRE. ) );
#1394 = LINE ( 'NONE', #975, #1307 ) ;
#1395 = CARTESIAN_POINT ( 'NONE',  ( -38.64097245096171900, 10.00000000000002000, 14.13999999999998800 ) ) ;
#1396 = PRESENTATION_STYLE_ASSIGNMENT (( #1024 ) ) ;
#1397 = LINE ( 'NONE', #1601, #1044 ) ;
#1398 = DIRECTION ( 'NONE',  ( 0.0000000000000000000, -1.000000000000000000, 0.0000000000000000000 ) ) ;
#1399 = CARTESIAN_POINT ( 'NONE',  ( -35.14097245096171900, 10.00000000000001800, -14.13999999999999900 ) ) ;
#1400 = LINE ( 'NONE', #1559, #1174 ) ;
#1401 = DIRECTION ( 'NONE',  ( 0.0000000000000000000, 0.0000000000000000000, 1.000000000000000000 ) ) ;
#1402 = SURFACE_SIDE_STYLE ('',( #1172 ) ) ;
#1403 = VERTEX_POINT ( 'NONE', #188 ) ;
#1404 = LINE ( 'NONE', #920, #1583 ) ;
#1405 = CARTESIAN_POINT ( 'NONE',  ( 192.0000000000000000, 5.000000000000000000, 20.00000000000000000 ) ) ;
#1406 = ORIENTED_EDGE ( 'NONE', *, *, #66, .F. ) ;
#1407 = DIRECTION ( 'NONE',  ( 5.137129139784316200E-016, 1.000000000000000000, 0.0000000000000000000 ) ) ;
#1408 = SURFACE_SIDE_STYLE ('',( #1613 ) ) ;
#1409 = UNCERTAINTY_MEASURE_WITH_UNIT (LENGTH_MEASURE( 1.000000000000000100E-005 ), #1427, 'distance_accuracy_value', 'NONE');
#1410 =( GEOMETRIC_REPRESENTATION_CONTEXT ( 3 ) GLOBAL_UNCERTAINTY_ASSIGNED_CONTEXT ( ( #1642 ) ) GLOBAL_UNIT_ASSIGNED_CONTEXT ( ( #175, #1071, #1121 ) ) REPRESENTATION_CONTEXT ( 'NONE', 'WORKASPACE' ) );
#1411 = EDGE_CURVE ( 'NONE', #1284, #150, #139, .T. ) ;
#1412 = EDGE_LOOP ( 'NONE', ( #836, #542, #1429, #219 ) ) ;
#1413 =( NAMED_UNIT ( * ) SI_UNIT ( $, .STERADIAN. ) SOLID_ANGLE_UNIT ( ) );
#1414 = AXIS2_PLACEMENT_3D ( 'NONE', #1399, #1636, #750 ) ;
#1415 = FILL_AREA_STYLE_COLOUR ( '', #93 ) ;
#1416 = PRESENTATION_STYLE_ASSIGNMENT (( #1437 ) ) ;
#1417 = DIRECTION ( 'NONE',  ( 1.000000000000000000, 0.0000000000000000000, 0.0000000000000000000 ) ) ;
#1418 = CYLINDRICAL_SURFACE ( 'NONE', #564, 4.000000000000000000 ) ;
#1419 = ORIENTED_EDGE ( 'NONE', *, *, #143, .F. ) ;
#1420 = VECTOR ( 'NONE', #1562, 1000.000000000000000 ) ;
#1421 = ORIENTED_EDGE ( 'NONE', *, *, #1434, .T. ) ;
#1422 = CARTESIAN_POINT ( 'NONE',  ( 135.5000000000000000, 5.000000000000000000, -12.50000000000000000 ) ) ;
#1423 = MECHANICAL_DESIGN_GEOMETRIC_PRESENTATION_REPRESENTATION (  '', ( #330 ), #154 ) ;
#1424 = DIRECTION ( 'NONE',  ( -5.137129139784316200E-016, -1.000000000000000000, 0.0000000000000000000 ) ) ;
#1425 = VERTEX_POINT ( 'NONE', #1369 ) ;
#1426 = CIRCLE ( 'NONE', #1151, 3.500000000000003100 ) ;
#1427 =( LENGTH_UNIT ( ) NAMED_UNIT ( * ) SI_UNIT ( .MILLI., .METRE. ) );
#1428 =( GEOMETRIC_REPRESENTATION_CONTEXT ( 3 ) GLOBAL_UNCERTAINTY_ASSIGNED_CONTEXT ( ( #612 ) ) GLOBAL_UNIT_ASSIGNED_CONTEXT ( ( #1440, #242, #1280 ) ) REPRESENTATION_CONTEXT ( 'NONE', 'WORKASPACE' ) );
#1429 = ORIENTED_EDGE ( 'NONE', *, *, #273, .T. ) ;
#1430 = DIRECTION ( 'NONE',  ( 0.0000000000000000000, 1.000000000000000000, 0.0000000000000000000 ) ) ;
#1431 = SURFACE_SIDE_STYLE ('',( #674 ) ) ;
#1432 = DIRECTION ( 'NONE',  ( 0.0000000000000000000, 0.0000000000000000000, 1.000000000000000000 ) ) ;
#1433 =( NAMED_UNIT ( * ) SI_UNIT ( $, .STERADIAN. ) SOLID_ANGLE_UNIT ( ) );
#1434 = EDGE_CURVE ( 'NONE', #940, #319, #1309, .T. ) ;
#1435 = DIRECTION ( 'NONE',  ( 1.000000000000000000, -5.595882180570345200E-016, 0.0000000000000000000 ) ) ;
#1436 = ORIENTED_EDGE ( 'NONE', *, *, #74, .T. ) ;
#1437 = SURFACE_STYLE_USAGE ( .BOTH. , #514 ) ;
#1438 = STYLED_ITEM ( 'NONE', ( #1621 ), #936 ) ;
#1439 = DIRECTION ( 'NONE',  ( 0.0000000000000000000, 1.000000000000000000, 0.0000000000000000000 ) ) ;
#1440 =( LENGTH_UNIT ( ) NAMED_UNIT ( * ) SI_UNIT ( .MILLI., .METRE. ) );
#1441 = FACE_OUTER_BOUND ( 'NONE', #534, .T. ) ;
#1442 = EDGE_CURVE ( 'NONE', #1258, #1284, #960, .T. ) ;
#1443 = ORIENTED_EDGE ( 'NONE', *, *, #1682, .F. ) ;
#1444 = VECTOR ( 'NONE', #871, 1000.000000000000000 ) ;
#1445 = EDGE_CURVE ( 'NONE', #666, #1705, #390, .T. ) ;
#1446 = DIRECTION ( 'NONE',  ( 1.000000000000000000, -5.137129139784317200E-016, 0.0000000000000000000 ) ) ;
#1447 = STYLED_ITEM ( 'NONE', ( #867 ), #13 ) ;
#1448 = ORIENTED_EDGE ( 'NONE', *, *, #1411, .T. ) ;
#1449 = PLANE ( 'NONE',  #1319 ) ;
#1450 = CIRCLE ( 'NONE', #1518, 1.650000000000016100 ) ;
#1451 = CARTESIAN_POINT ( 'NONE',  ( 187.5000000000000000, 0.0000000000000000000, 12.69999999999999900 ) ) ;
#1452 = CARTESIAN_POINT ( 'NONE',  ( 192.0000000000000000, 5.000000000000000000, 14.99999999999999600 ) ) ;
#1453 =( GEOMETRIC_REPRESENTATION_CONTEXT ( 3 ) GLOBAL_UNCERTAINTY_ASSIGNED_CONTEXT ( ( #413 ) ) GLOBAL_UNIT_ASSIGNED_CONTEXT ( ( #68, #455, #458 ) ) REPRESENTATION_CONTEXT ( 'NONE', 'WORKASPACE' ) );
#1454 = VERTEX_POINT ( 'NONE', #856 ) ;
#1455 = ORIENTED_EDGE ( 'NONE', *, *, #1138, .F. ) ;
#1456 = EDGE_LOOP ( 'NONE', ( #258, #1663 ) ) ;
#1457 = SHAPE_DEFINITION_REPRESENTATION ( #690, #1331 ) ;
#1458 =( LENGTH_UNIT ( ) NAMED_UNIT ( * ) SI_UNIT ( .MILLI., .METRE. ) );
#1459 = UNCERTAINTY_MEASURE_WITH_UNIT (LENGTH_MEASURE( 1.000000000000000100E-005 ), #1278, 'distance_accuracy_value', 'NONE');
#1460 = ORIENTED_EDGE ( 'NONE', *, *, #1202, .T. ) ;
#1461 = EDGE_CURVE ( 'NONE', #1169, #1521, #884, .T. ) ;
#1462 = VERTEX_POINT ( 'NONE', #1513 ) ;
#1463 = CYLINDRICAL_SURFACE ( 'NONE', #520, 1.650000000000016100 ) ;
#1464 = DIRECTION ( 'NONE',  ( 0.0000000000000000000, -1.000000000000000000, 0.0000000000000000000 ) ) ;
#1465 = DIRECTION ( 'NONE',  ( -5.053215498074302900E-016, -1.000000000000000000, 0.0000000000000000000 ) ) ;
#1466 =( GEOMETRIC_REPRESENTATION_CONTEXT ( 3 ) GLOBAL_UNCERTAINTY_ASSIGNED_CONTEXT ( ( #1375 ) ) GLOBAL_UNIT_ASSIGNED_CONTEXT ( ( #1393, #734, #1506 ) ) REPRESENTATION_CONTEXT ( 'NONE', 'WORKASPACE' ) );
#1467 = CARTESIAN_POINT ( 'NONE',  ( 187.5000000000000000, 5.000000000000000000, -12.69999999999999900 ) ) ;
#1468 = CARTESIAN_POINT ( 'NONE',  ( 21.49999999999997900, 5.000000000000000000, 11.04999999999999700 ) ) ;
#1469 = AXIS2_PLACEMENT_3D ( 'NONE', #731, #576, #862 ) ;
#1470 = EDGE_CURVE ( 'NONE', #1040, #1355, #226, .T. ) ;
#1471 = DIRECTION ( 'NONE',  ( 1.000000000000000000, -5.137129139784315200E-016, 0.0000000000000000000 ) ) ;
#1472 = AXIS2_PLACEMENT_3D ( 'NONE', #1510, #1128, #488 ) ;
#1473 = CIRCLE ( 'NONE', #678, 1.650000000000002100 ) ;
#1474 = CARTESIAN_POINT ( 'NONE',  ( -61.90040191508568100, 10.00000000000003000, -9.000000000000007100 ) ) ;
#1475 = DIRECTION ( 'NONE',  ( -1.000000000000000000, 4.956352788505158300E-016, 0.0000000000000000000 ) ) ;
#1476 = ADVANCED_FACE ( 'NONE', ( #531 ), #844, .F. ) ;
#1477 = DIRECTION ( 'NONE',  ( 0.0000000000000000000, 1.000000000000000000, 0.0000000000000000000 ) ) ;
#1478 = CARTESIAN_POINT ( 'NONE',  ( 187.5000000000000000, -5.000000000000000000, -11.04999999999998300 ) ) ;
#1479 = ORIENTED_EDGE ( 'NONE', *, *, #1654, .T. ) ;
#1480 = ORIENTED_EDGE ( 'NONE', *, *, #248, .F. ) ;
#1481 = PRESENTATION_LAYER_ASSIGNMENT (  '', '', ( #1269 ) ) ;
#1482 =( NAMED_UNIT ( * ) PLANE_ANGLE_UNIT ( ) SI_UNIT ( $, .RADIAN. ) );
#1483 = CARTESIAN_POINT ( 'NONE',  ( -35.14097245096172600, 5.000000000000017800, 14.13999999999998800 ) ) ;
#1484 = ORIENTED_EDGE ( 'NONE', *, *, #54, .F. ) ;
#1485 = CARTESIAN_POINT ( 'NONE',  ( 135.5000000000000000, -5.000000000000000000, 4.500000000000000900 ) ) ;
#1486 = DIRECTION ( 'NONE',  ( 0.0000000000000000000, 0.0000000000000000000, 1.000000000000000000 ) ) ;
#1487 =( LENGTH_UNIT ( ) NAMED_UNIT ( * ) SI_UNIT ( .MILLI., .METRE. ) );
#1488 = CARTESIAN_POINT ( 'NONE',  ( -63.42097245096173500, 5.000000000000032000, 14.14000000000000400 ) ) ;
#1489 =( NAMED_UNIT ( * ) PLANE_ANGLE_UNIT ( ) SI_UNIT ( $, .RADIAN. ) );
#1490 = ORIENTED_EDGE ( 'NONE', *, *, #382, .F. ) ;
#1491 = ORIENTED_EDGE ( 'NONE', *, *, #1527, .T. ) ;
#1492 =( NAMED_UNIT ( * ) SI_UNIT ( $, .STERADIAN. ) SOLID_ANGLE_UNIT ( ) );
#1493 = CARTESIAN_POINT ( 'NONE',  ( 21.49999999999997900, 0.0000000000000000000, 14.35000000000000100 ) ) ;
#1494 = COLOUR_RGB ( '',1.000000000000000000, 0.0000000000000000000, 0.0000000000000000000 ) ;
#1495 = EDGE_CURVE ( 'NONE', #937, #756, #1578, .T. ) ;
#1496 = FACE_BOUND ( 'NONE', #812, .T. ) ;
#1497 = PRESENTATION_STYLE_ASSIGNMENT (( #480 ) ) ;
#1498 = MECHANICAL_DESIGN_GEOMETRIC_PRESENTATION_REPRESENTATION (  '', ( #29 ), #1704 ) ;
#1499 =( LENGTH_UNIT ( ) NAMED_UNIT ( * ) SI_UNIT ( .MILLI., .METRE. ) );
#1500 = ORIENTED_EDGE ( 'NONE', *, *, #990, .T. ) ;
#1501 = VECTOR ( 'NONE', #839, 1000.000000000000000 ) ;
#1502 = CARTESIAN_POINT ( 'NONE',  ( -69.28097245096172700, 3.460858040539803000E-014, 14.99999999999999600 ) ) ;
#1503 = ORIENTED_EDGE ( 'NONE', *, *, #1318, .T. ) ;
#1504 = VECTOR ( 'NONE', #560, 1000.000000000000000 ) ;
#1505 = DIRECTION ( 'NONE',  ( -5.137129139784316200E-016, -1.000000000000000000, 0.0000000000000000000 ) ) ;
#1506 =( NAMED_UNIT ( * ) SI_UNIT ( $, .STERADIAN. ) SOLID_ANGLE_UNIT ( ) );
#1507 = EDGE_CURVE ( 'NONE', #942, #1189, #272, .T. ) ;
#1508 = DIRECTION ( 'NONE',  ( 1.000000000000000000, 0.0000000000000000000, 0.0000000000000000000 ) ) ;
#1509 =( LENGTH_UNIT ( ) NAMED_UNIT ( * ) SI_UNIT ( .MILLI., .METRE. ) );
#1510 = CARTESIAN_POINT ( 'NONE',  ( -35.14097245096172600, 5.000000000000017800, -14.13999999999999900 ) ) ;
#1511 = ORIENTED_EDGE ( 'NONE', *, *, #1138, .T. ) ;
#1512 = SURFACE_STYLE_FILL_AREA ( #1147 ) ;
#1513 = CARTESIAN_POINT ( 'NONE',  ( 192.0000000000000000, 0.0000000000000000000, 14.99999999999999600 ) ) ;
#1514 = DIRECTION ( 'NONE',  ( 0.0000000000000000000, 0.0000000000000000000, 1.000000000000000000 ) ) ;
#1515 = EDGE_CURVE ( 'NONE', #957, #1592, #1534, .T. ) ;
#1516 = CARTESIAN_POINT ( 'NONE',  ( -69.28097245096172700, 5.000000000000034600, 20.00000000000000000 ) ) ;
#1517 = DIRECTION ( 'NONE',  ( 1.000000000000000000, 0.0000000000000000000, 0.0000000000000000000 ) ) ;
#1518 = AXIS2_PLACEMENT_3D ( 'NONE', #1467, #1214, #807 ) ;
#1519 = DIRECTION ( 'NONE',  ( -1.000000000000000000, 0.0000000000000000000, 0.0000000000000000000 ) ) ;
#1520 = EDGE_LOOP ( 'NONE', ( #805, #901, #110, #1183 ) ) ;
#1521 = VERTEX_POINT ( 'NONE', #876 ) ;
#1522 = EDGE_LOOP ( 'NONE', ( #1260, #634 ) ) ;
#1523 = DIRECTION ( 'NONE',  ( 1.000000000000000000, 0.0000000000000000000, 0.0000000000000000000 ) ) ;
#1524 = VECTOR ( 'NONE', #1464, 1000.000000000000000 ) ;
#1525 = CARTESIAN_POINT ( 'NONE',  ( 140.5000000000000000, -5.000000000000000000, 8.500000000000000000 ) ) ;
#1526 = SURFACE_STYLE_USAGE ( .BOTH. , #354 ) ;
#1527 = EDGE_CURVE ( 'NONE', #1403, #942, #586, .T. ) ;
#1528 = STYLED_ITEM ( 'NONE', ( #1563 ), #297 ) ;
#1529 = DIRECTION ( 'NONE',  ( -1.000000000000000000, 5.053215498074302900E-016, 0.0000000000000000000 ) ) ;
#1530 = EDGE_LOOP ( 'NONE', ( #24, #1479, #146, #1547 ) ) ;
#1531 = CARTESIAN_POINT ( 'NONE',  ( -38.64097245096172600, 5.000000000000019500, 14.13999999999998800 ) ) ;
#1532 = ORIENTED_EDGE ( 'NONE', *, *, #382, .T. ) ;
#1533 = CARTESIAN_POINT ( 'NONE',  ( 135.5000000000000000, -5.000000000000000000, -12.50000000000000000 ) ) ;
#1534 = CIRCLE ( 'NONE', #43, 15.50000000000000700 ) ;
#1535 = SURFACE_STYLE_USAGE ( .BOTH. , #84 ) ;
#1536 = STYLED_ITEM ( 'NONE', ( #841 ), #1359 ) ;
#1537 = FACE_OUTER_BOUND ( 'NONE', #316, .T. ) ;
#1538 = VERTEX_POINT ( 'NONE', #1531 ) ;
#1539 = DIRECTION ( 'NONE',  ( 0.0000000000000000000, 0.0000000000000000000, 1.000000000000000000 ) ) ;
#1540 = VECTOR ( 'NONE', #790, 1000.000000000000000 ) ;
#1541 = ORIENTED_EDGE ( 'NONE', *, *, #436, .T. ) ;
#1542 = DIRECTION ( 'NONE',  ( 0.0000000000000000000, 0.0000000000000000000, -1.000000000000000000 ) ) ;
#1543 = ORIENTED_EDGE ( 'NONE', *, *, #1564, .T. ) ;
#1544 = LINE ( 'NONE', #742, #1088 ) ;
#1545 = LINE ( 'NONE', #359, #1698 ) ;
#1546 = DIRECTION ( 'NONE',  ( -5.137129139784316200E-016, -1.000000000000000000, 0.0000000000000000000 ) ) ;
#1547 = ORIENTED_EDGE ( 'NONE', *, *, #1054, .F. ) ;
#1548 = LINE ( 'NONE', #163, #1296 ) ;
#1549 =( LENGTH_UNIT ( ) NAMED_UNIT ( * ) SI_UNIT ( .MILLI., .METRE. ) );
#1550 = DIRECTION ( 'NONE',  ( 0.0000000000000000000, 0.0000000000000000000, 1.000000000000000000 ) ) ;
#1551 = SURFACE_SIDE_STYLE ('',( #928 ) ) ;
#1552 = DIRECTION ( 'NONE',  ( 1.000000000000000000, -4.956352788505158300E-016, 0.0000000000000000000 ) ) ;
#1553 = EDGE_CURVE ( 'NONE', #398, #601, #292, .T. ) ;
#1554 = CARTESIAN_POINT ( 'NONE',  ( 135.5000000000000000, 5.000000000000000000, -8.500000000000000000 ) ) ;
#1555 = VERTEX_POINT ( 'NONE', #1006 ) ;
#1556 = DIRECTION ( 'NONE',  ( 0.0000000000000000000, 1.000000000000000000, 0.0000000000000000000 ) ) ;
#1557 =( LENGTH_UNIT ( ) NAMED_UNIT ( * ) SI_UNIT ( .MILLI., .METRE. ) );
#1558 = MECHANICAL_DESIGN_GEOMETRIC_PRESENTATION_REPRESENTATION (  '', ( #170 ), #460 ) ;
#1559 = CARTESIAN_POINT ( 'NONE',  ( -69.28097245096172700, 5.000000000000034600, -9.000000000000007100 ) ) ;
#1560 = ORIENTED_EDGE ( 'NONE', *, *, #54, .T. ) ;
#1561 = SURFACE_STYLE_FILL_AREA ( #167 ) ;
#1562 = DIRECTION ( 'NONE',  ( -5.137129139784316200E-016, -1.000000000000000000, 0.0000000000000000000 ) ) ;
#1563 = PRESENTATION_STYLE_ASSIGNMENT (( #109 ) ) ;
#1564 = EDGE_CURVE ( 'NONE', #1592, #687, #1242, .T. ) ;
#1565 = CARTESIAN_POINT ( 'NONE',  ( 135.5000000000000000, -5.000000000000000000, -8.500000000000000000 ) ) ;
#1566 = COLOUR_RGB ( '',1.000000000000000000, 0.0000000000000000000, 0.0000000000000000000 ) ;
#1567 = FACE_BOUND ( 'NONE', #527, .T. ) ;
#1568 = DIRECTION ( 'NONE',  ( -5.137129139784316200E-016, -1.000000000000000000, 0.0000000000000000000 ) ) ;
#1569 = VERTEX_POINT ( 'NONE', #220 ) ;
#1570 = SURFACE_SIDE_STYLE ('',( #513 ) ) ;
#1571 = DIRECTION ( 'NONE',  ( 0.0000000000000000000, 1.000000000000000000, 0.0000000000000000000 ) ) ;
#1572 = FACE_OUTER_BOUND ( 'NONE', #499, .T. ) ;
#1573 = PRESENTATION_LAYER_ASSIGNMENT (  '', '', ( #1385 ) ) ;
#1574 = DIRECTION ( 'NONE',  ( 0.0000000000000000000, 0.0000000000000000000, 1.000000000000000000 ) ) ;
#1575 = ORIENTED_EDGE ( 'NONE', *, *, #614, .F. ) ;
#1576 = ORIENTED_EDGE ( 'NONE', *, *, #119, .T. ) ;
#1577 = EDGE_LOOP ( 'NONE', ( #476, #911 ) ) ;
#1578 = CIRCLE ( 'NONE', #1232, 1.650000000000002100 ) ;
#1579 = CARTESIAN_POINT ( 'NONE',  ( 93.49999999999998600, 5.000000000000000000, 113.4999999999999900 ) ) ;
#1580 = COLOUR_RGB ( '',1.000000000000000000, 0.0000000000000000000, 0.0000000000000000000 ) ;
#1581 = VERTEX_POINT ( 'NONE', #89 ) ;
#1582 = ADVANCED_FACE ( 'NONE', ( #183 ), #1672, .F. ) ;
#1583 = VECTOR ( 'NONE', #126, 1000.000000000000100 ) ;
#1584 = EDGE_CURVE ( 'NONE', #980, #942, #1291, .T. ) ;
#1585 = EDGE_LOOP ( 'NONE', ( #8, #878, #266, #439 ) ) ;
#1586 = AXIS2_PLACEMENT_3D ( 'NONE', #1137, #892, #228 ) ;
#1587 = ADVANCED_FACE ( 'NONE', ( #863 ), #1418, .F. ) ;
#1588 = AXIS2_PLACEMENT_3D ( 'NONE', #834, #1593, #1091 ) ;
#1589 = ORIENTED_EDGE ( 'NONE', *, *, #1371, .T. ) ;
#1590 = EDGE_CURVE ( 'NONE', #763, #1581, #18, .T. ) ;
#1591 = STYLED_ITEM ( 'NONE', ( #173 ), #532 ) ;
#1592 = VERTEX_POINT ( 'NONE', #433 ) ;
#1593 = DIRECTION ( 'NONE',  ( 5.137129139784316200E-016, 1.000000000000000000, 0.0000000000000000000 ) ) ;
#1594 = ORIENTED_EDGE ( 'NONE', *, *, #1470, .T. ) ;
#1595 = CIRCLE ( 'NONE', #814, 4.000000000000000000 ) ;
#1596 = FACE_OUTER_BOUND ( 'NONE', #135, .T. ) ;
#1597 = EDGE_CURVE ( 'NONE', #1569, #1169, #327, .T. ) ;
#1598 = VECTOR ( 'NONE', #12, 1000.000000000000100 ) ;
#1599 = FILL_AREA_STYLE_COLOUR ( '', #1381 ) ;
#1600 = ORIENTED_EDGE ( 'NONE', *, *, #111, .F. ) ;
#1601 = CARTESIAN_POINT ( 'NONE',  ( -69.28097245096172700, 3.460858040539803000E-014, 8.999999999999991100 ) ) ;
#1602 = AXIS2_PLACEMENT_3D ( 'NONE', #156, #1203, #838 ) ;
#1603 = CYLINDRICAL_SURFACE ( 'NONE', #91, 3.500000000000003100 ) ;
#1604 = CARTESIAN_POINT ( 'NONE',  ( -35.14097245096172600, 1.707042152217437800E-014, 14.13999999999998800 ) ) ;
#1605 = DIRECTION ( 'NONE',  ( 1.000000000000000000, 0.0000000000000000000, 0.0000000000000000000 ) ) ;
#1606 = ORIENTED_EDGE ( 'NONE', *, *, #74, .F. ) ;
#1607 = EDGE_LOOP ( 'NONE', ( #380, #696, #1490, #65 ) ) ;
#1608 = EDGE_CURVE ( 'NONE', #1462, #164, #444, .T. ) ;
#1609 = AXIS2_PLACEMENT_3D ( 'NONE', #924, #1184, #121 ) ;
#1610 = FACE_OUTER_BOUND ( 'NONE', #1099, .T. ) ;
#1611 = ADVANCED_FACE ( 'NONE', ( #355 ), #697, .F. ) ;
#1612 = LINE ( 'NONE', #1142, #252 ) ;
#1613 = SURFACE_STYLE_FILL_AREA ( #221 ) ;
#1614 = SURFACE_STYLE_USAGE ( .BOTH. , #1083 ) ;
#1615 = DIRECTION ( 'NONE',  ( -5.137129139784316200E-016, -1.000000000000000000, 0.0000000000000000000 ) ) ;
#1616 = VECTOR ( 'NONE', #1126, 1000.000000000000100 ) ;
#1617 = CARTESIAN_POINT ( 'NONE',  ( 192.0000000000000000, 0.0000000000000000000, -14.99999999999996800 ) ) ;
#1618 = CARTESIAN_POINT ( 'NONE',  ( -64.28097245096168400, 3.204001583550585800E-014, -20.00000000000000000 ) ) ;
#1619 = VERTEX_POINT ( 'NONE', #153 ) ;
#1620 = ORIENTED_EDGE ( 'NONE', *, *, #111, .T. ) ;
#1621 = PRESENTATION_STYLE_ASSIGNMENT (( #1526 ) ) ;
#1622 = AXIS2_PLACEMENT_3D ( 'NONE', #1533, #1542, #751 ) ;
#1623 = CARTESIAN_POINT ( 'NONE',  ( 187.0000000000000300, 9.999999999999996400, -20.00000000000000000 ) ) ;
#1624 = CARTESIAN_POINT ( 'NONE',  ( 187.5000000000000000, 0.0000000000000000000, 12.69999999999999900 ) ) ;
#1625 = ORIENTED_EDGE ( 'NONE', *, *, #1256, .F. ) ;
#1626 = VECTOR ( 'NONE', #689, 1000.000000000000000 ) ;
#1627 = ADVANCED_FACE ( 'NONE', ( #1441 ), #1330, .F. ) ;
#1628 = CARTESIAN_POINT ( 'NONE',  ( -69.28097245096172700, 5.000000000000034600, 8.999999999999991100 ) ) ;
#1629 = FACE_OUTER_BOUND ( 'NONE', #1412, .T. ) ;
#1630 = SURFACE_SIDE_STYLE ('',( #1349 ) ) ;
#1631 = CARTESIAN_POINT ( 'NONE',  ( 140.5000000000000000, 5.000000000000000000, -12.50000000000000000 ) ) ;
#1632 = DIRECTION ( 'NONE',  ( -1.000000000000000000, 4.956352788505158300E-016, 0.0000000000000000000 ) ) ;
#1633 = ORIENTED_EDGE ( 'NONE', *, *, #464, .F. ) ;
#1634 = UNCERTAINTY_MEASURE_WITH_UNIT (LENGTH_MEASURE( 1.000000000000000100E-005 ), #1499, 'distance_accuracy_value', 'NONE');
#1635 = CARTESIAN_POINT ( 'NONE',  ( -35.14097245096172600, 1.707042152217437800E-014, -14.13999999999999900 ) ) ;
#1636 = DIRECTION ( 'NONE',  ( -5.137129139784316200E-016, -1.000000000000000000, 0.0000000000000000000 ) ) ;
#1637 = LINE ( 'NONE', #524, #1616 ) ;
#1638 = EDGE_CURVE ( 'NONE', #1581, #763, #672, .T. ) ;
#1639 = EDGE_LOOP ( 'NONE', ( #981, #1143, #784, #169 ) ) ;
#1640 = CYLINDRICAL_SURFACE ( 'NONE', #1651, 1.650000000000016100 ) ;
#1641 = DIRECTION ( 'NONE',  ( 0.0000000000000000000, 1.000000000000000000, 0.0000000000000000000 ) ) ;
#1642 = UNCERTAINTY_MEASURE_WITH_UNIT (LENGTH_MEASURE( 1.000000000000000100E-005 ), #175, 'distance_accuracy_value', 'NONE');
#1643 = COLOUR_RGB ( '',1.000000000000000000, 0.0000000000000000000, 0.0000000000000000000 ) ;
#1644 = AXIS2_PLACEMENT_3D ( 'NONE', #468, #331, #1113 ) ;
#1645 = CARTESIAN_POINT ( 'NONE',  ( -49.28097245096172000, 10.00000000000002500, -7.041719095097280500E-015 ) ) ;
#1646 = CARTESIAN_POINT ( 'NONE',  ( 21.49999999999997900, 0.0000000000000000000, 11.04999999999999700 ) ) ;
#1647 = VERTEX_POINT ( 'NONE', #1468 ) ;
#1648 =( NAMED_UNIT ( * ) SI_UNIT ( $, .STERADIAN. ) SOLID_ANGLE_UNIT ( ) );
#1649 = FACE_OUTER_BOUND ( 'NONE', #231, .T. ) ;
#1650 = DIRECTION ( 'NONE',  ( -1.000000000000000000, 4.956352788505158300E-016, 0.0000000000000000000 ) ) ;
#1651 = AXIS2_PLACEMENT_3D ( 'NONE', #631, #501, #1683 ) ;
#1652 = CARTESIAN_POINT ( 'NONE',  ( -69.28097245096172700, 3.460858040539803000E-014, 14.99999999999999600 ) ) ;
#1653 =( NAMED_UNIT ( * ) PLANE_ANGLE_UNIT ( ) SI_UNIT ( $, .RADIAN. ) );
#1654 = EDGE_CURVE ( 'NONE', #1271, #767, #2, .T. ) ;
#1655 = MECHANICAL_DESIGN_GEOMETRIC_PRESENTATION_REPRESENTATION (  '', ( #1447 ), #1696 ) ;
#1656 = FILL_AREA_STYLE_COLOUR ( '', #883 ) ;
#1657 = PRESENTATION_STYLE_ASSIGNMENT (( #552 ) ) ;
#1658 = DIRECTION ( 'NONE',  ( 0.0000000000000000000, -0.0000000000000000000, 1.000000000000000000 ) ) ;
#1659 = CARTESIAN_POINT ( 'NONE',  ( 113.5000000000010400, 5.000000000000000000, -93.49999999999977300 ) ) ;
#1660 = ORIENTED_EDGE ( 'NONE', *, *, #90, .F. ) ;
#1661 = PLANE ( 'NONE',  #1096 ) ;
#1662 = ORIENTED_EDGE ( 'NONE', *, *, #724, .T. ) ;
#1663 = ORIENTED_EDGE ( 'NONE', *, *, #825, .F. ) ;
#1664 = DIRECTION ( 'NONE',  ( 0.0000000000000000000, 0.0000000000000000000, 1.000000000000000000 ) ) ;
#1665 = LINE ( 'NONE', #970, #118 ) ;
#1666 = FACE_BOUND ( 'NONE', #1192, .T. ) ;
#1667 = LINE ( 'NONE', #1674, #274 ) ;
#1668 = FILL_AREA_STYLE_COLOUR ( '', #374 ) ;
#1669 = FILL_AREA_STYLE ('',( #599 ) ) ;
#1670 = FACE_OUTER_BOUND ( 'NONE', #180, .T. ) ;
#1671 = DIRECTION ( 'NONE',  ( -5.137129139784316200E-016, -1.000000000000000000, 0.0000000000000000000 ) ) ;
#1672 = PLANE ( 'NONE',  #397 ) ;
#1673 = ORIENTED_EDGE ( 'NONE', *, *, #544, .F. ) ;
#1674 = CARTESIAN_POINT ( 'NONE',  ( -59.92097245096172700, 10.00000000000003000, 14.14000000000000400 ) ) ;
#1675 = FACE_BOUND ( 'NONE', #919, .T. ) ;
#1676 = EDGE_LOOP ( 'NONE', ( #720, #1107, #1365, #1294 ) ) ;
#1677 = CARTESIAN_POINT ( 'NONE',  ( -66.92097245096174200, 5.000000000000033800, -14.14000000000000100 ) ) ;
#1678 = PRODUCT_CONTEXT ( 'NONE', #245, 'mechanical' ) ;
#1679 = DIRECTION ( 'NONE',  ( -5.137129139784316200E-016, -1.000000000000000000, 0.0000000000000000000 ) ) ;
#1680 = SURFACE_STYLE_FILL_AREA ( #1140 ) ;
#1681 = DIRECTION ( 'NONE',  ( -5.137129139784316200E-016, -1.000000000000000000, 0.0000000000000000000 ) ) ;
#1682 = EDGE_CURVE ( 'NONE', #1569, #181, #423, .T. ) ;
#1683 = DIRECTION ( 'NONE',  ( 0.0000000000000000000, 0.0000000000000000000, 1.000000000000000000 ) ) ;
#1684 = STYLED_ITEM ( 'NONE', ( #635 ), #1056 ) ;
#1685 = FILL_AREA_STYLE ('',( #392 ) ) ;
#1686 = ORIENTED_EDGE ( 'NONE', *, *, #1343, .F. ) ;
#1687 = CARTESIAN_POINT ( 'NONE',  ( -64.28097245096168400, 5.000000000000032000, -20.00000000000000000 ) ) ;
#1688 = FILL_AREA_STYLE_COLOUR ( '', #945 ) ;
#1689 = VERTEX_POINT ( 'NONE', #1211 ) ;
#1690 =( NAMED_UNIT ( * ) SI_UNIT ( $, .STERADIAN. ) SOLID_ANGLE_UNIT ( ) );
#1691 = VERTEX_POINT ( 'NONE', #1352 ) ;
#1692 = PRESENTATION_LAYER_ASSIGNMENT (  '', '', ( #330 ) ) ;
#1693 = FACE_BOUND ( 'NONE', #1577, .T. ) ;
#1694 = EDGE_CURVE ( 'NONE', #828, #1129, #1397, .T. ) ;
#1695 = DIRECTION ( 'NONE',  ( 0.0000000000000000000, 0.0000000000000000000, -1.000000000000000000 ) ) ;
#1696 =( GEOMETRIC_REPRESENTATION_CONTEXT ( 3 ) GLOBAL_UNCERTAINTY_ASSIGNED_CONTEXT ( ( #1238 ) ) GLOBAL_UNIT_ASSIGNED_CONTEXT ( ( #1557, #904, #1433 ) ) REPRESENTATION_CONTEXT ( 'NONE', 'WORKASPACE' ) );
#1697 = ORIENTED_EDGE ( 'NONE', *, *, #1371, .F. ) ;
#1698 = VECTOR ( 'NONE', #868, 1000.000000000000000 ) ;
#1699 = CARTESIAN_POINT ( 'NONE',  ( 21.49999999999997900, 5.000000000000000000, -12.69999999999999900 ) ) ;
#1700 = SURFACE_STYLE_FILL_AREA ( #766 ) ;
#1701 = EDGE_CURVE ( 'NONE', #200, #999, #1104, .T. ) ;
#1702 = CARTESIAN_POINT ( 'NONE',  ( -69.28097245096172700, 3.460858040539803000E-014, 20.00000000000000000 ) ) ;
#1703 =( LENGTH_UNIT ( ) NAMED_UNIT ( * ) SI_UNIT ( .MILLI., .METRE. ) );
#1704 =( GEOMETRIC_REPRESENTATION_CONTEXT ( 3 ) GLOBAL_UNCERTAINTY_ASSIGNED_CONTEXT ( ( #771 ) ) GLOBAL_UNIT_ASSIGNED_CONTEXT ( ( #1549, #762, #754 ) ) REPRESENTATION_CONTEXT ( 'NONE', 'WORKASPACE' ) );
#1705 = VERTEX_POINT ( 'NONE', #417 ) ;
ENDSEC;
END-ISO-10303-21;
