ISO-10303-21;
HEADER;
FILE_DESCRIPTION (( 'STEP AP214' ),
    '1' );
FILE_NAME ('Q235-5.0-BAN9-N12.STEP',
    '2026-07-03T06:18:27',
    ( '' ),
    ( '' ),
    'SwSTEP 2.0',
    'SolidWorks 2016',
    '' );
FILE_SCHEMA (( 'AUTOMOTIVE_DESIGN' ));
ENDSEC;

DATA;
#1 = FILL_AREA_STYLE ('',( #813 ) ) ;
#2 = LINE ( 'NONE', #1752, #1506 ) ;
#3 = DIRECTION ( 'NONE',  ( -5.053215498074302900E-016, 1.000000000000000000, 0.0000000000000000000 ) ) ;
#4 = MECHANICAL_DESIGN_GEOMETRIC_PRESENTATION_REPRESENTATION (  '', ( #1524 ), #1542 ) ;
#5 =( LENGTH_UNIT ( ) NAMED_UNIT ( * ) SI_UNIT ( .MILLI., .METRE. ) );
#6 = ORIENTED_EDGE ( 'NONE', *, *, #864, .F. ) ;
#7 = DIRECTION ( 'NONE',  ( 5.053215498074302900E-016, -1.000000000000000000, 0.0000000000000000000 ) ) ;
#8 = DIRECTION ( 'NONE',  ( 0.0000000000000000000, 0.0000000000000000000, -1.000000000000000000 ) ) ;
#9 = ADVANCED_FACE ( 'NONE', ( #1157 ), #1680, .F. ) ;
#10 = ORIENTED_EDGE ( 'NONE', *, *, #1309, .T. ) ;
#11 = DIRECTION ( 'NONE',  ( -1.000000000000000000, -5.053215498074302900E-016, -0.0000000000000000000 ) ) ;
#12 = VERTEX_POINT ( 'NONE', #47 ) ;
#13 = CARTESIAN_POINT ( 'NONE',  ( -142.0000000000000000, -5.000000000000000000, 14.99999999999999600 ) ) ;
#14 = AXIS2_PLACEMENT_3D ( 'NONE', #1338, #1481, #1493 ) ;
#15 = CIRCLE ( 'NONE', #374, 3.500000000000003100 ) ;
#16 = ORIENTED_EDGE ( 'NONE', *, *, #897, .F. ) ;
#17 = CYLINDRICAL_SURFACE ( 'NONE', #1607, 1.650000000000002100 ) ;
#18 = EDGE_CURVE ( 'NONE', #417, #1072, #1442, .T. ) ;
#19 = ADVANCED_FACE ( 'NONE', ( #915 ), #1301, .F. ) ;
#20 = VECTOR ( 'NONE', #1502, 1000.000000000000000 ) ;
#21 = FACE_OUTER_BOUND ( 'NONE', #139, .T. ) ;
#22 = EDGE_CURVE ( 'NONE', #1419, #1696, #1597, .T. ) ;
#23 = CARTESIAN_POINT ( 'NONE',  ( 30.28097245096172300, 1.179957895554655300E-014, 20.00000000000000000 ) ) ;
#24 = EDGE_CURVE ( 'NONE', #1572, #492, #48, .T. ) ;
#25 = ADVANCED_FACE ( 'NONE', ( #538 ), #741, .F. ) ;
#26 = EDGE_LOOP ( 'NONE', ( #1242, #1121, #617, #470 ) ) ;
#27 = CARTESIAN_POINT ( 'NONE',  ( -90.50000000000000000, 1.387778780781445700E-014, -12.50000000000001400 ) ) ;
#28 = FACE_OUTER_BOUND ( 'NONE', #340, .T. ) ;
#29 = ORIENTED_EDGE ( 'NONE', *, *, #1216, .F. ) ;
#30 = ORIENTED_EDGE ( 'NONE', *, *, #887, .F. ) ;
#31 = EDGE_LOOP ( 'NONE', ( #853, #683, #785, #1507 ) ) ;
#32 = AXIS2_PLACEMENT_3D ( 'NONE', #230, #1600, #1583 ) ;
#33 = ORIENTED_EDGE ( 'NONE', *, *, #933, .F. ) ;
#34 = SURFACE_STYLE_USAGE ( .BOTH. , #52 ) ;
#35 = CIRCLE ( 'NONE', #258, 1.650000000000002100 ) ;
#36 = FILL_AREA_STYLE ('',( #711 ) ) ;
#37 = PLANE ( 'NONE',  #962 ) ;
#38 = VERTEX_POINT ( 'NONE', #210 ) ;
#39 = STYLED_ITEM ( 'NONE', ( #1041 ), #553 ) ;
#40 = DIRECTION ( 'NONE',  ( 0.0000000000000000000, 0.0000000000000000000, -1.000000000000000000 ) ) ;
#41 = EDGE_CURVE ( 'NONE', #1642, #251, #1377, .T. ) ;
#42 = DIRECTION ( 'NONE',  ( 0.0000000000000000000, 0.0000000000000000000, -1.000000000000000000 ) ) ;
#43 = FILL_AREA_STYLE ('',( #1009 ) ) ;
#44 = DIRECTION ( 'NONE',  ( 5.053215498074302900E-016, -1.000000000000000000, 0.0000000000000000000 ) ) ;
#45 = DIRECTION ( 'NONE',  ( 0.0000000000000000000, 0.0000000000000000000, -1.000000000000000000 ) ) ;
#46 = ORIENTED_EDGE ( 'NONE', *, *, #1658, .F. ) ;
#47 = CARTESIAN_POINT ( 'NONE',  ( 53.42097245096172700, -4.999999999999974200, -75.64000000000000100 ) ) ;
#48 = CIRCLE ( 'NONE', #1636, 15.50000000000000000 ) ;
#49 = MECHANICAL_DESIGN_GEOMETRIC_PRESENTATION_REPRESENTATION (  '', ( #657 ), #164 ) ;
#50 = LINE ( 'NONE', #1052, #989 ) ;
#51 = VERTEX_POINT ( 'NONE', #221 ) ;
#52 = SURFACE_SIDE_STYLE ('',( #1165 ) ) ;
#53 = PRESENTATION_LAYER_ASSIGNMENT (  '', '', ( #817 ) ) ;
#54 = CARTESIAN_POINT ( 'NONE',  ( 48.28097245096172700, -4.999999999999979600, -78.00000000000000000 ) ) ;
#55 = CARTESIAN_POINT ( 'NONE',  ( 56.28097245096174800, 2.493793925053975400E-014, -78.00000000000000000 ) ) ;
#56 = STYLED_ITEM ( 'NONE', ( #478 ), #956 ) ;
#57 = CIRCLE ( 'NONE', #580, 3.500000000000003100 ) ;
#58 = PLANE ( 'NONE',  #295 ) ;
#59 = DIRECTION ( 'NONE',  ( 0.0000000000000000000, 0.0000000000000000000, -1.000000000000000000 ) ) ;
#60 = LINE ( 'NONE', #546, #1267 ) ;
#61 = FILL_AREA_STYLE ('',( #347 ) ) ;
#62 = CIRCLE ( 'NONE', #198, 1.650000000000016100 ) ;
#63 = DIRECTION ( 'NONE',  ( 0.0000000000000000000, 0.0000000000000000000, -1.000000000000000000 ) ) ;
#64 = AXIS2_PLACEMENT_3D ( 'NONE', #525, #909, #261 ) ;
#65 = CARTESIAN_POINT ( 'NONE',  ( 25.14097245096171900, -4.999999999999987600, -47.35999999999999900 ) ) ;
#66 = DIRECTION ( 'NONE',  ( 0.0000000000000000000, 0.0000000000000000000, -1.000000000000000000 ) ) ;
#67 = AXIS2_PLACEMENT_3D ( 'NONE', #101, #1569, #223 ) ;
#68 = DIRECTION ( 'NONE',  ( 0.0000000000000000000, 0.0000000000000000000, 1.000000000000000000 ) ) ;
#69 = CARTESIAN_POINT ( 'NONE',  ( -85.49999999999998600, -5.000000000000000000, 8.499999999999989300 ) ) ;
#70 = ORIENTED_EDGE ( 'NONE', *, *, #183, .F. ) ;
#71 = ORIENTED_EDGE ( 'NONE', *, *, #591, .F. ) ;
#72 = LINE ( 'NONE', #1561, #1118 ) ;
#73 = EDGE_LOOP ( 'NONE', ( #455, #865, #1436, #118 ) ) ;
#74 = EDGE_LOOP ( 'NONE', ( #1240, #1382 ) ) ;
#75 = LINE ( 'NONE', #908, #660 ) ;
#76 = CARTESIAN_POINT ( 'NONE',  ( -142.0000000000000000, -5.000000000000000000, 14.99999999999999600 ) ) ;
#77 = VERTEX_POINT ( 'NONE', #882 ) ;
#78 = VECTOR ( 'NONE', #643, 1000.000000000000000 ) ;
#79 = DIRECTION ( 'NONE',  ( 6.938893903907224400E-016, 0.0000000000000000000, -1.000000000000000000 ) ) ;
#80 = AXIS2_PLACEMENT_3D ( 'NONE', #878, #736, #474 ) ;
#81 = LINE ( 'NONE', #440, #523 ) ;
#82 = LINE ( 'NONE', #767, #1480 ) ;
#83 = VECTOR ( 'NONE', #171, 1000.000000000000000 ) ;
#84 = DIRECTION ( 'NONE',  ( 0.0000000000000000000, 1.000000000000000000, 0.0000000000000000000 ) ) ;
#85 = EDGE_CURVE ( 'NONE', #1533, #354, #72, .T. ) ;
#86 = LINE ( 'NONE', #512, #1129 ) ;
#87 = CARTESIAN_POINT ( 'NONE',  ( -85.49999999999998600, 53.00000000000000700, 12.49999999999999100 ) ) ;
#88 = ORIENTED_EDGE ( 'NONE', *, *, #364, .F. ) ;
#89 = CARTESIAN_POINT ( 'NONE',  ( 59.28097245096172000, 2.645390389996202800E-014, 1.040834085586084300E-014 ) ) ;
#90 = AXIS2_PLACEMENT_3D ( 'NONE', #319, #175, #438 ) ;
#91 =( GEOMETRIC_REPRESENTATION_CONTEXT ( 3 ) GLOBAL_UNCERTAINTY_ASSIGNED_CONTEXT ( ( #948 ) ) GLOBAL_UNIT_ASSIGNED_CONTEXT ( ( #152, #426, #1334 ) ) REPRESENTATION_CONTEXT ( 'NONE', 'WORKASPACE' ) );
#92 =( LENGTH_UNIT ( ) NAMED_UNIT ( * ) SI_UNIT ( .MILLI., .METRE. ) );
#93 = CARTESIAN_POINT ( 'NONE',  ( 53.42097245096172700, 2.609480483205570900E-014, -47.35999999999999900 ) ) ;
#94 = AXIS2_PLACEMENT_3D ( 'NONE', #674, #967, #942 ) ;
#95 = ORIENTED_EDGE ( 'NONE', *, *, #972, .T. ) ;
#96 = DIRECTION ( 'NONE',  ( -1.000000000000000000, 0.0000000000000000000, 0.0000000000000000000 ) ) ;
#97 = EDGE_LOOP ( 'NONE', ( #1147, #914 ) ) ;
#98 = CARTESIAN_POINT ( 'NONE',  ( -142.0000000000000000, -5.000000000000000000, -14.99999999999996800 ) ) ;
#99 = ORIENTED_EDGE ( 'NONE', *, *, #620, .F. ) ;
#100 = UNCERTAINTY_MEASURE_WITH_UNIT (LENGTH_MEASURE( 1.000000000000000100E-005 ), #117, 'distance_accuracy_value', 'NONE');
#101 = CARTESIAN_POINT ( 'NONE',  ( 25.14097245096173000, 1.180431140350157900E-014, -72.14000000000001500 ) ) ;
#102 = FACE_OUTER_BOUND ( 'NONE', #472, .T. ) ;
#103 = ORIENTED_EDGE ( 'NONE', *, *, #18, .F. ) ;
#104 = CARTESIAN_POINT ( 'NONE',  ( -90.50000000000000000, -5.000000000000000000, 4.499999999999990200 ) ) ;
#105 = DIRECTION ( 'NONE',  ( 0.0000000000000000000, 0.0000000000000000000, -1.000000000000000000 ) ) ;
#106 = COLOUR_RGB ( '',1.000000000000000000, 1.000000000000000000, 1.000000000000000000 ) ;
#107 = MECHANICAL_DESIGN_GEOMETRIC_PRESENTATION_REPRESENTATION (  '', ( #990 ), #1172 ) ;
#108 = LINE ( 'NONE', #681, #20 ) ;
#109 = SURFACE_STYLE_FILL_AREA ( #36 ) ;
#110 = EDGE_CURVE ( 'NONE', #1033, #120, #1743, .T. ) ;
#111 = CYLINDRICAL_SURFACE ( 'NONE', #572, 3.500000000000003100 ) ;
#112 = DIRECTION ( 'NONE',  ( 0.0000000000000000000, 0.0000000000000000000, -1.000000000000000000 ) ) ;
#113 = SURFACE_STYLE_USAGE ( .BOTH. , #644 ) ;
#114 = CARTESIAN_POINT ( 'NONE',  ( -68.49999999999998600, -5.000000000000000000, 88.50000000000000000 ) ) ;
#115 = DIRECTION ( 'NONE',  ( 0.0000000000000000000, 0.0000000000000000000, 1.000000000000000000 ) ) ;
#116 = STYLED_ITEM ( 'NONE', ( #1618 ), #25 ) ;
#117 =( LENGTH_UNIT ( ) NAMED_UNIT ( * ) SI_UNIT ( .MILLI., .METRE. ) );
#118 = ORIENTED_EDGE ( 'NONE', *, *, #333, .F. ) ;
#119 = EDGE_CURVE ( 'NONE', #51, #188, #1029, .T. ) ;
#120 = VERTEX_POINT ( 'NONE', #1282 ) ;
#121 = ORIENTED_EDGE ( 'NONE', *, *, #533, .T. ) ;
#122 = CARTESIAN_POINT ( 'NONE',  ( -136.9999999999999700, 4.999999999999999100, -20.00000000000000000 ) ) ;
#123 = DIRECTION ( 'NONE',  ( 0.0000000000000000000, -1.000000000000000000, -0.0000000000000000000 ) ) ;
#124 = CARTESIAN_POINT ( 'NONE',  ( -21.49999999999998200, 53.00000000000000700, 14.35000000000001200 ) ) ;
#125 = CARTESIAN_POINT ( 'NONE',  ( 59.28097245096172000, -4.999999999999974200, -75.00000000000000000 ) ) ;
#126 = ORIENTED_EDGE ( 'NONE', *, *, #273, .T. ) ;
#127 = COLOUR_RGB ( '',1.000000000000000000, 0.0000000000000000000, 0.0000000000000000000 ) ;
#128 = SURFACE_STYLE_USAGE ( .BOTH. , #1459 ) ;
#129 = DIRECTION ( 'NONE',  ( 0.0000000000000000000, -1.000000000000000000, -0.0000000000000000000 ) ) ;
#130 = AXIS2_PLACEMENT_3D ( 'NONE', #1408, #851, #375 ) ;
#131 = VECTOR ( 'NONE', #1630, 1000.000000000000000 ) ;
#132 = VECTOR ( 'NONE', #270, 1000.000000000000000 ) ;
#133 = CYLINDRICAL_SURFACE ( 'NONE', #433, 1.650000000000016100 ) ;
#134 = STYLED_ITEM ( 'NONE', ( #371 ), #1348 ) ;
#135 = FILL_AREA_STYLE ('',( #1510 ) ) ;
#136 = SURFACE_STYLE_FILL_AREA ( #345 ) ;
#137 = UNCERTAINTY_MEASURE_WITH_UNIT (LENGTH_MEASURE( 1.000000000000000100E-005 ), #931, 'distance_accuracy_value', 'NONE');
#138 = ADVANCED_FACE ( 'NONE', ( #1202 ), #1291, .F. ) ;
#139 = EDGE_LOOP ( 'NONE', ( #1079, #1444, #1745, #1340 ) ) ;
#140 = CARTESIAN_POINT ( 'NONE',  ( 59.28097245096172000, -4.999999999999974200, 20.00000000000000000 ) ) ;
#141 = AXIS2_PLACEMENT_3D ( 'NONE', #608, #891, #1428 ) ;
#142 = EDGE_LOOP ( 'NONE', ( #88, #422 ) ) ;
#143 = VERTEX_POINT ( 'NONE', #1574 ) ;
#144 = ORIENTED_EDGE ( 'NONE', *, *, #85, .F. ) ;
#145 = EDGE_CURVE ( 'NONE', #302, #633, #170, .T. ) ;
#146 = EDGE_LOOP ( 'NONE', ( #705, #884, #298, #819 ) ) ;
#147 = ADVANCED_FACE ( 'NONE', ( #1723 ), #1034, .F. ) ;
#148 = DIRECTION ( 'NONE',  ( 0.0000000000000000000, 0.0000000000000000000, 1.000000000000000000 ) ) ;
#149 = VECTOR ( 'NONE', #276, 1000.000000000000000 ) ;
#150 = AXIS2_PLACEMENT_3D ( 'NONE', #1649, #1653, #838 ) ;
#151 =( NAMED_UNIT ( * ) SI_UNIT ( $, .STERADIAN. ) SOLID_ANGLE_UNIT ( ) );
#152 =( LENGTH_UNIT ( ) NAMED_UNIT ( * ) SI_UNIT ( .MILLI., .METRE. ) );
#153 = VECTOR ( 'NONE', #337, 1000.000000000000000 ) ;
#154 = EDGE_CURVE ( 'NONE', #434, #1375, #322, .T. ) ;
#155 = VECTOR ( 'NONE', #1217, 1000.000000000000000 ) ;
#156 = PRESENTATION_LAYER_ASSIGNMENT (  '', '', ( #56 ) ) ;
#157 = ADVANCED_FACE ( 'NONE', ( #1496 ), #759, .F. ) ;
#158 = UNCERTAINTY_MEASURE_WITH_UNIT (LENGTH_MEASURE( 1.000000000000000100E-005 ), #1012, 'distance_accuracy_value', 'NONE');
#159 = SURFACE_STYLE_USAGE ( .BOTH. , #441 ) ;
#160 = CARTESIAN_POINT ( 'NONE',  ( 25.14097245096171600, 1.180431140350157100E-014, -43.85999999999999900 ) ) ;
#161 = PLANE ( 'NONE',  #1307 ) ;
#162 = ORIENTED_EDGE ( 'NONE', *, *, #208, .F. ) ;
#163 = CARTESIAN_POINT ( 'NONE',  ( -85.49999999999998600, -5.000000000000000000, -4.500000000000010700 ) ) ;
#164 =( GEOMETRIC_REPRESENTATION_CONTEXT ( 3 ) GLOBAL_UNCERTAINTY_ASSIGNED_CONTEXT ( ( #586 ) ) GLOBAL_UNIT_ASSIGNED_CONTEXT ( ( #488, #1431, #621 ) ) REPRESENTATION_CONTEXT ( 'NONE', 'WORKASPACE' ) );
#165 = ORIENTED_EDGE ( 'NONE', *, *, #85, .T. ) ;
#166 = ORIENTED_EDGE ( 'NONE', *, *, #839, .T. ) ;
#167 = ORIENTED_EDGE ( 'NONE', *, *, #1660, .T. ) ;
#168 = ORIENTED_EDGE ( 'NONE', *, *, #533, .F. ) ;
#169 = AXIS2_PLACEMENT_3D ( 'NONE', #1701, #615, #1693 ) ;
#170 = LINE ( 'NONE', #1287, #456 ) ;
#171 = DIRECTION ( 'NONE',  ( 0.0000000000000000000, 0.0000000000000000000, -1.000000000000000000 ) ) ;
#172 = LINE ( 'NONE', #904, #78 ) ;
#173 = DIRECTION ( 'NONE',  ( 0.0000000000000000000, 0.0000000000000000000, -1.000000000000000000 ) ) ;
#174 = EDGE_LOOP ( 'NONE', ( #191, #1418, #1474, #556 ) ) ;
#175 = DIRECTION ( 'NONE',  ( 0.0000000000000000000, -1.000000000000000000, 0.0000000000000000000 ) ) ;
#176 = CIRCLE ( 'NONE', #192, 15.50000000000000000 ) ;
#177 = VECTOR ( 'NONE', #837, 1000.000000000000000 ) ;
#178 = ADVANCED_FACE ( 'NONE', ( #102 ), #919, .F. ) ;
#179 = CYLINDRICAL_SURFACE ( 'NONE', #877, 4.000000000000000000 ) ;
#180 = EDGE_CURVE ( 'NONE', #1270, #1033, #250, .T. ) ;
#181 = ORIENTED_EDGE ( 'NONE', *, *, #680, .F. ) ;
#182 = EDGE_CURVE ( 'NONE', #1060, #1261, #437, .T. ) ;
#183 = EDGE_CURVE ( 'NONE', #1238, #1314, #1013, .T. ) ;
#184 = DIRECTION ( 'NONE',  ( -1.000000000000000000, -5.053215498074302900E-016, -0.0000000000000000000 ) ) ;
#185 = VERTEX_POINT ( 'NONE', #634 ) ;
#186 = AXIS2_PLACEMENT_3D ( 'NONE', #458, #1545, #59 ) ;
#187 = ORIENTED_EDGE ( 'NONE', *, *, #1065, .T. ) ;
#188 = VERTEX_POINT ( 'NONE', #1608 ) ;
#189 = EDGE_CURVE ( 'NONE', #540, #827, #50, .T. ) ;
#190 = CARTESIAN_POINT ( 'NONE',  ( 30.28097245096172700, -4.999999999999999100, -70.61942946412395400 ) ) ;
#191 = ORIENTED_EDGE ( 'NONE', *, *, #416, .F. ) ;
#192 = AXIS2_PLACEMENT_3D ( 'NONE', #450, #448, #986 ) ;
#193 = DIRECTION ( 'NONE',  ( 0.0000000000000000000, -1.000000000000000000, -0.0000000000000000000 ) ) ;
#194 = CARTESIAN_POINT ( 'NONE',  ( -137.4999999999999700, 53.00000000000000700, 11.04999999999998300 ) ) ;
#195 = PRESENTATION_STYLE_ASSIGNMENT (( #738 ) ) ;
#196 = CARTESIAN_POINT ( 'NONE',  ( 53.42097245096172700, -4.999999999999974200, -43.85999999999999900 ) ) ;
#197 = CARTESIAN_POINT ( 'NONE',  ( -21.49999999999997900, 53.00000000000000700, -11.04999999999997600 ) ) ;
#198 = AXIS2_PLACEMENT_3D ( 'NONE', #420, #929, #662 ) ;
#199 = EDGE_CURVE ( 'NONE', #354, #1467, #421, .T. ) ;
#200 =( NAMED_UNIT ( * ) PLANE_ANGLE_UNIT ( ) SI_UNIT ( $, .RADIAN. ) );
#201 = SURFACE_SIDE_STYLE ('',( #109 ) ) ;
#202 = ORIENTED_EDGE ( 'NONE', *, *, #312, .F. ) ;
#203 = VERTEX_POINT ( 'NONE', #768 ) ;
#204 = ORIENTED_EDGE ( 'NONE', *, *, #541, .T. ) ;
#205 = ORIENTED_EDGE ( 'NONE', *, *, #154, .F. ) ;
#206 = VECTOR ( 'NONE', #1048, 1000.000000000000000 ) ;
#207 = DIRECTION ( 'NONE',  ( 0.0000000000000000000, 0.0000000000000000000, 1.000000000000000000 ) ) ;
#208 = EDGE_CURVE ( 'NONE', #1272, #1028, #1678, .T. ) ;
#209 = EDGE_CURVE ( 'NONE', #38, #1666, #300, .T. ) ;
#210 = CARTESIAN_POINT ( 'NONE',  ( -90.50000000000000000, 1.387778780781445700E-014, 4.499999999999990200 ) ) ;
#211 = EDGE_CURVE ( 'NONE', #251, #642, #75, .T. ) ;
#212 = DIRECTION ( 'NONE',  ( 0.0000000000000000000, 0.0000000000000000000, 1.000000000000000000 ) ) ;
#213 = FACE_BOUND ( 'NONE', #142, .T. ) ;
#214 = CYLINDRICAL_SURFACE ( 'NONE', #895, 4.000000000000000000 ) ;
#215 = DIRECTION ( 'NONE',  ( 1.000000000000000000, 0.0000000000000000000, 0.0000000000000000000 ) ) ;
#216 = PRODUCT_DEFINITION ( '未知', '', #846, #800 ) ;
#217 = LINE ( 'NONE', #855, #1563 ) ;
#218 = CARTESIAN_POINT ( 'NONE',  ( -85.49999999999998600, 53.00000000000000700, 12.49999999999999100 ) ) ;
#219 = DIRECTION ( 'NONE',  ( 5.053215498074302900E-016, -1.000000000000000000, 0.0000000000000000000 ) ) ;
#220 = PRESENTATION_LAYER_ASSIGNMENT (  '', '', ( #134 ) ) ;
#221 = CARTESIAN_POINT ( 'NONE',  ( 25.14097245096173000, 1.180431140350157900E-014, -68.63999999999998600 ) ) ;
#222 = ORIENTED_EDGE ( 'NONE', *, *, #653, .F. ) ;
#223 = DIRECTION ( 'NONE',  ( 0.0000000000000000000, 0.0000000000000000000, -1.000000000000000000 ) ) ;
#224 = EDGE_LOOP ( 'NONE', ( #1647, #1274 ) ) ;
#225 = ORIENTED_EDGE ( 'NONE', *, *, #859, .F. ) ;
#226 = ORIENTED_EDGE ( 'NONE', *, *, #238, .F. ) ;
#227 = VERTEX_POINT ( 'NONE', #1191 ) ;
#228 = DIRECTION ( 'NONE',  ( 5.053215498074302900E-016, -1.000000000000000000, 0.0000000000000000000 ) ) ;
#229 = ORIENTED_EDGE ( 'NONE', *, *, #1660, .F. ) ;
#230 = CARTESIAN_POINT ( 'NONE',  ( -85.49999999999998600, 53.00000000000000700, 4.499999999999990200 ) ) ;
#231 = DIRECTION ( 'NONE',  ( 1.000000000000000000, 0.0000000000000000000, 0.0000000000000000000 ) ) ;
#232 = LINE ( 'NONE', #370, #284 ) ;
#233 = CARTESIAN_POINT ( 'NONE',  ( -85.49999999999998600, 53.00000000000000700, -4.500000000000010700 ) ) ;
#234 = EDGE_CURVE ( 'NONE', #1532, #436, #686, .T. ) ;
#235 = LINE ( 'NONE', #318, #177 ) ;
#236 = COLOUR_RGB ( '',1.000000000000000000, 0.0000000000000000000, 0.0000000000000000000 ) ;
#237 = CARTESIAN_POINT ( 'NONE',  ( -90.50000000000000000, 0.0000000000000000000, -8.500000000000012400 ) ) ;
#238 = EDGE_CURVE ( 'NONE', #1696, #1381, #1122, .T. ) ;
#239 = CARTESIAN_POINT ( 'NONE',  ( 53.42097245096172700, -4.999999999999974200, -43.85999999999999900 ) ) ;
#240 = CARTESIAN_POINT ( 'NONE',  ( 19.28097245096172300, -4.999999999999993800, -74.99999999999994300 ) ) ;
#241 = AXIS2_PLACEMENT_3D ( 'NONE', #677, #1628, #8 ) ;
#242 = CARTESIAN_POINT ( 'NONE',  ( -85.49999999999998600, 53.00000000000000700, 4.499999999999990200 ) ) ;
#243 = CARTESIAN_POINT ( 'NONE',  ( 59.28097245096172000, 2.645390389996202800E-014, 20.00000000000000000 ) ) ;
#244 = CARTESIAN_POINT ( 'NONE',  ( 56.28097245096174800, 2.493793925053975400E-014, -78.00000000000000000 ) ) ;
#245 = ORIENTED_EDGE ( 'NONE', *, *, #841, .F. ) ;
#246 =( LENGTH_UNIT ( ) NAMED_UNIT ( * ) SI_UNIT ( .MILLI., .METRE. ) );
#247 = ORIENTED_EDGE ( 'NONE', *, *, #199, .T. ) ;
#248 = ORIENTED_EDGE ( 'NONE', *, *, #189, .T. ) ;
#249 = SURFACE_SIDE_STYLE ('',( #1527 ) ) ;
#250 = LINE ( 'NONE', #114, #788 ) ;
#251 = VERTEX_POINT ( 'NONE', #1490 ) ;
#252 = DIRECTION ( 'NONE',  ( 1.000000000000000000, 0.0000000000000000000, 6.938893903907222500E-016 ) ) ;
#253 = DIRECTION ( 'NONE',  ( 0.0000000000000000000, 0.0000000000000000000, 1.000000000000000000 ) ) ;
#254 = VECTOR ( 'NONE', #309, 1000.000000000000000 ) ;
#255 = CARTESIAN_POINT ( 'NONE',  ( -142.0000000000000000, -5.000000000000000000, -14.99999999999996800 ) ) ;
#256 = FILL_AREA_STYLE ('',( #1083 ) ) ;
#257 = LINE ( 'NONE', #1593, #1652 ) ;
#258 = AXIS2_PLACEMENT_3D ( 'NONE', #1286, #360, #377 ) ;
#259 = SURFACE_STYLE_USAGE ( .BOTH. , #403 ) ;
#260 = LINE ( 'NONE', #1266, #1281 ) ;
#261 = DIRECTION ( 'NONE',  ( 0.0000000000000000000, 0.0000000000000000000, -1.000000000000000000 ) ) ;
#262 = LINE ( 'NONE', #65, #1284 ) ;
#263 = CARTESIAN_POINT ( 'NONE',  ( 59.28097245096172000, -4.999999999999974200, -78.00000000000000000 ) ) ;
#264 = DIRECTION ( 'NONE',  ( 0.0000000000000000000, -1.000000000000000000, -0.0000000000000000000 ) ) ;
#265 = DIRECTION ( 'NONE',  ( -0.7071067811865507900, -3.573162945485313400E-016, -0.7071067811865442400 ) ) ;
#266 = UNCERTAINTY_MEASURE_WITH_UNIT (LENGTH_MEASURE( 1.000000000000000100E-005 ), #730, 'distance_accuracy_value', 'NONE');
#267 = CARTESIAN_POINT ( 'NONE',  ( -85.49999999999998600, -5.000000000000000000, 12.49999999999999100 ) ) ;
#268 = CARTESIAN_POINT ( 'NONE',  ( 25.14097245096171900, -4.999999999999987600, -47.35999999999999900 ) ) ;
#269 = CARTESIAN_POINT ( 'NONE',  ( 25.14097245096171900, -4.999999999999987600, -43.85999999999999900 ) ) ;
#270 = DIRECTION ( 'NONE',  ( 0.0000000000000000000, -1.000000000000000000, -0.0000000000000000000 ) ) ;
#271 = EDGE_CURVE ( 'NONE', #436, #867, #1032, .T. ) ;
#272 = ORIENTED_EDGE ( 'NONE', *, *, #806, .F. ) ;
#273 = EDGE_CURVE ( 'NONE', #1469, #1378, #1424, .T. ) ;
#274 = EDGE_LOOP ( 'NONE', ( #361, #1134 ) ) ;
#275 = DIRECTION ( 'NONE',  ( 0.0000000000000000000, 0.0000000000000000000, -1.000000000000000000 ) ) ;
#276 = DIRECTION ( 'NONE',  ( 1.000000000000000000, 0.0000000000000000000, 0.0000000000000000000 ) ) ;
#277 = EDGE_LOOP ( 'NONE', ( #1107, #469, #724, #332 ) ) ;
#278 = CARTESIAN_POINT ( 'NONE',  ( 53.42097245096172700, -4.999999999999974200, -40.35999999999999200 ) ) ;
#279 = ORIENTED_EDGE ( 'NONE', *, *, #313, .F. ) ;
#280 = EDGE_LOOP ( 'NONE', ( #947, #1662, #16, #1491 ) ) ;
#281 = SURFACE_STYLE_FILL_AREA ( #1713 ) ;
#282 = DIRECTION ( 'NONE',  ( -5.053215498074302900E-016, 1.000000000000000000, 0.0000000000000000000 ) ) ;
#283 = FACE_OUTER_BOUND ( 'NONE', #402, .T. ) ;
#284 = VECTOR ( 'NONE', #892, 1000.000000000000100 ) ;
#285 = LINE ( 'NONE', #1073, #1457 ) ;
#286 = VECTOR ( 'NONE', #1548, 1000.000000000000100 ) ;
#287 = AXIS2_PLACEMENT_3D ( 'NONE', #410, #949, #1203 ) ;
#288 = CARTESIAN_POINT ( 'NONE',  ( -137.4999999999999700, 0.0000000000000000000, 14.35000000000001600 ) ) ;
#289 = LINE ( 'NONE', #526, #1130 ) ;
#290 = CARTESIAN_POINT ( 'NONE',  ( 22.28097245096175200, 7.757006557087125600E-015, -78.00000000000000000 ) ) ;
#291 = CARTESIAN_POINT ( 'NONE',  ( -85.49999999999998600, -5.000000000000000000, 4.499999999999990200 ) ) ;
#292 = CARTESIAN_POINT ( 'NONE',  ( 53.42097245096172700, -4.999999999999974200, -43.85999999999999900 ) ) ;
#293 = ORIENTED_EDGE ( 'NONE', *, *, #24, .F. ) ;
#294 = ADVANCED_FACE ( 'NONE', ( #1602 ), #399, .F. ) ;
#295 = AXIS2_PLACEMENT_3D ( 'NONE', #1146, #1395, #468 ) ;
#296 = ORIENTED_EDGE ( 'NONE', *, *, #541, .F. ) ;
#297 = CARTESIAN_POINT ( 'NONE',  ( 48.28097245096172700, -4.999999999999979600, -78.00000000000000000 ) ) ;
#298 = ORIENTED_EDGE ( 'NONE', *, *, #1741, .T. ) ;
#299 = EDGE_CURVE ( 'NONE', #320, #1243, #1059, .T. ) ;
#300 = LINE ( 'NONE', #1711, #1646 ) ;
#301 = DIRECTION ( 'NONE',  ( 5.053215498074302900E-016, -1.000000000000000000, 0.0000000000000000000 ) ) ;
#302 = VERTEX_POINT ( 'NONE', #1641 ) ;
#303 = EDGE_CURVE ( 'NONE', #1221, #1238, #15, .T. ) ;
#304 = LINE ( 'NONE', #342, #1681 ) ;
#305 = CARTESIAN_POINT ( 'NONE',  ( -85.49999999999998600, 53.00000000000000700, -8.500000000000010700 ) ) ;
#306 = ADVANCED_FACE ( 'NONE', ( #28 ), #1685, .F. ) ;
#307 = PRESENTATION_STYLE_ASSIGNMENT (( #1343 ) ) ;
#308 = VECTOR ( 'NONE', #592, 1000.000000000000000 ) ;
#309 = DIRECTION ( 'NONE',  ( 0.0000000000000000000, -1.000000000000000000, -0.0000000000000000000 ) ) ;
#310 =( GEOMETRIC_REPRESENTATION_CONTEXT ( 3 ) GLOBAL_UNCERTAINTY_ASSIGNED_CONTEXT ( ( #447 ) ) GLOBAL_UNIT_ASSIGNED_CONTEXT ( ( #1412, #1021, #379 ) ) REPRESENTATION_CONTEXT ( 'NONE', 'WORKASPACE' ) );
#311 = LINE ( 'NONE', #1297, #1268 ) ;
#312 = EDGE_CURVE ( 'NONE', #1467, #1552, #108, .T. ) ;
#313 = EDGE_CURVE ( 'NONE', #457, #12, #60, .T. ) ;
#314 = ADVANCED_FACE ( 'NONE', ( #389 ), #1616, .F. ) ;
#315 = FILL_AREA_STYLE_COLOUR ( '', #1113 ) ;
#316 = FILL_AREA_STYLE ('',( #315 ) ) ;
#317 = VERTEX_POINT ( 'NONE', #1748 ) ;
#318 = CARTESIAN_POINT ( 'NONE',  ( 53.42097245096172700, -4.999999999999974200, -47.35999999999999900 ) ) ;
#319 = CARTESIAN_POINT ( 'NONE',  ( -21.49999999999997900, -5.000000000000000000, -12.69999999999997800 ) ) ;
#320 = VERTEX_POINT ( 'NONE', #714 ) ;
#321 = AXIS2_PLACEMENT_3D ( 'NONE', #1264, #862, #1106 ) ;
#322 = CIRCLE ( 'NONE', #628, 3.500000000000003100 ) ;
#323 = ORIENTED_EDGE ( 'NONE', *, *, #313, .T. ) ;
#324 = FACE_OUTER_BOUND ( 'NONE', #596, .T. ) ;
#325 = LINE ( 'NONE', #240, #1388 ) ;
#326 = FACE_OUTER_BOUND ( 'NONE', #701, .T. ) ;
#327 = UNCERTAINTY_MEASURE_WITH_UNIT (LENGTH_MEASURE( 1.000000000000000100E-005 ), #1097, 'distance_accuracy_value', 'NONE');
#328 = PRESENTATION_STYLE_ASSIGNMENT (( #465 ) ) ;
#329 = LINE ( 'NONE', #194, #774 ) ;
#330 = LINE ( 'NONE', #124, #529 ) ;
#331 = STYLED_ITEM ( 'NONE', ( #328 ), #679 ) ;
#332 = ORIENTED_EDGE ( 'NONE', *, *, #497, .T. ) ;
#333 = EDGE_CURVE ( 'NONE', #434, #317, #235, .T. ) ;
#334 = EDGE_LOOP ( 'NONE', ( #1517, #71, #636, #126 ) ) ;
#335 = VERTEX_POINT ( 'NONE', #1656 ) ;
#336 = EDGE_CURVE ( 'NONE', #1292, #492, #501, .T. ) ;
#337 = DIRECTION ( 'NONE',  ( -5.053215498074302900E-016, 1.000000000000000000, -0.0000000000000000000 ) ) ;
#338 = DIRECTION ( 'NONE',  ( 0.0000000000000000000, 0.0000000000000000000, 1.000000000000000000 ) ) ;
#339 = VECTOR ( 'NONE', #1089, 1000.000000000000000 ) ;
#340 = EDGE_LOOP ( 'NONE', ( #245, #1358, #1599, #1671 ) ) ;
#341 =( GEOMETRIC_REPRESENTATION_CONTEXT ( 3 ) GLOBAL_UNCERTAINTY_ASSIGNED_CONTEXT ( ( #1047 ) ) GLOBAL_UNIT_ASSIGNED_CONTEXT ( ( #5, #1225, #955 ) ) REPRESENTATION_CONTEXT ( 'NONE', 'WORKASPACE' ) );
#342 = CARTESIAN_POINT ( 'NONE',  ( 59.28097245096172000, 2.645390389996202800E-014, -78.00000000000000000 ) ) ;
#343 = ORIENTED_EDGE ( 'NONE', *, *, #24, .T. ) ;
#344 = DIRECTION ( 'NONE',  ( 0.0000000000000000000, 0.0000000000000000000, -1.000000000000000000 ) ) ;
#345 = FILL_AREA_STYLE ('',( #1153 ) ) ;
#346 = EDGE_LOOP ( 'NONE', ( #162, #1341, #323, #575 ) ) ;
#347 = FILL_AREA_STYLE_COLOUR ( '', #1326 ) ;
#348 = AXIS2_PLACEMENT_3D ( 'NONE', #694, #1368, #1648 ) ;
#349 = FILL_AREA_STYLE_COLOUR ( '', #555 ) ;
#350 = APPLICATION_CONTEXT ( 'automotive_design' ) ;
#351 =( NAMED_UNIT ( * ) SI_UNIT ( $, .STERADIAN. ) SOLID_ANGLE_UNIT ( ) );
#352 = CARTESIAN_POINT ( 'NONE',  ( -142.0000000000000000, -5.000000000000000000, 20.00000000000000000 ) ) ;
#353 = CARTESIAN_POINT ( 'NONE',  ( 59.28097245096172000, 2.645390389996202800E-014, 1.040834085586084300E-014 ) ) ;
#354 = VERTEX_POINT ( 'NONE', #1393 ) ;
#355 = CARTESIAN_POINT ( 'NONE',  ( -142.0000000000000000, -5.000000000000000000, 14.99999999999999600 ) ) ;
#356 = ORIENTED_EDGE ( 'NONE', *, *, #1053, .T. ) ;
#357 = ORIENTED_EDGE ( 'NONE', *, *, #506, .F. ) ;
#358 =( NAMED_UNIT ( * ) SI_UNIT ( $, .STERADIAN. ) SOLID_ANGLE_UNIT ( ) );
#359 = EDGE_CURVE ( 'NONE', #1353, #1362, #1365, .T. ) ;
#360 = DIRECTION ( 'NONE',  ( 0.0000000000000000000, -1.000000000000000000, 0.0000000000000000000 ) ) ;
#361 = ORIENTED_EDGE ( 'NONE', *, *, #1233, .T. ) ;
#362 = PRESENTATION_STYLE_ASSIGNMENT (( #649 ) ) ;
#363 = FILL_AREA_STYLE ('',( #349 ) ) ;
#364 = EDGE_CURVE ( 'NONE', #12, #1028, #646, .T. ) ;
#365 = CIRCLE ( 'NONE', #1251, 1.650000000000016100 ) ;
#366 =( LENGTH_UNIT ( ) NAMED_UNIT ( * ) SI_UNIT ( .MILLI., .METRE. ) );
#367 = CARTESIAN_POINT ( 'NONE',  ( 25.14097245096171600, 1.180431140350157100E-014, -40.35999999999999200 ) ) ;
#368 = CIRCLE ( 'NONE', #614, 3.500000000000016900 ) ;
#369 = CIRCLE ( 'NONE', #1434, 3.500000000000003100 ) ;
#370 = CARTESIAN_POINT ( 'NONE',  ( 22.28097245096175200, 7.757006557087125600E-015, -78.00000000000000000 ) ) ;
#371 = PRESENTATION_STYLE_ASSIGNMENT (( #159 ) ) ;
#372 = DIRECTION ( 'NONE',  ( 0.0000000000000000000, 0.0000000000000000000, -1.000000000000000000 ) ) ;
#373 = CIRCLE ( 'NONE', #94, 4.000000000000000000 ) ;
#374 = AXIS2_PLACEMENT_3D ( 'NONE', #160, #301, #530 ) ;
#375 = DIRECTION ( 'NONE',  ( 0.0000000000000000000, 0.0000000000000000000, -1.000000000000000000 ) ) ;
#376 = ORIENTED_EDGE ( 'NONE', *, *, #1598, .F. ) ;
#377 = DIRECTION ( 'NONE',  ( 0.0000000000000000000, 0.0000000000000000000, -1.000000000000000000 ) ) ;
#378 = STYLED_ITEM ( 'NONE', ( #1045 ), #1105 ) ;
#379 =( NAMED_UNIT ( * ) SI_UNIT ( $, .STERADIAN. ) SOLID_ANGLE_UNIT ( ) );
#380 = DIRECTION ( 'NONE',  ( 0.0000000000000000000, 0.0000000000000000000, -1.000000000000000000 ) ) ;
#381 = VERTEX_POINT ( 'NONE', #603 ) ;
#382 = ORIENTED_EDGE ( 'NONE', *, *, #651, .T. ) ;
#383 = DIRECTION ( 'NONE',  ( 0.0000000000000000000, -1.000000000000000000, 0.0000000000000000000 ) ) ;
#384 = VERTEX_POINT ( 'NONE', #1523 ) ;
#385 = EDGE_LOOP ( 'NONE', ( #618, #121, #463, #229 ) ) ;
#386 = FILL_AREA_STYLE_COLOUR ( '', #528 ) ;
#387 = PRESENTATION_LAYER_ASSIGNMENT (  '', '', ( #331 ) ) ;
#388 = SURFACE_SIDE_STYLE ('',( #1159 ) ) ;
#389 = FACE_OUTER_BOUND ( 'NONE', #1495, .T. ) ;
#390 = SURFACE_STYLE_FILL_AREA ( #1396 ) ;
#391 = LINE ( 'NONE', #1373, #411 ) ;
#392 = AXIS2_PLACEMENT_3D ( 'NONE', #1462, #1308, #917 ) ;
#393 =( LENGTH_UNIT ( ) NAMED_UNIT ( * ) SI_UNIT ( .MILLI., .METRE. ) );
#394 = EDGE_CURVE ( 'NONE', #888, #827, #695, .T. ) ;
#395 = UNCERTAINTY_MEASURE_WITH_UNIT (LENGTH_MEASURE( 1.000000000000000100E-005 ), #965, 'distance_accuracy_value', 'NONE');
#396 = FILL_AREA_STYLE_COLOUR ( '', #836 ) ;
#397 = ORIENTED_EDGE ( 'NONE', *, *, #740, .T. ) ;
#398 = DIRECTION ( 'NONE',  ( -1.000000000000000000, -5.053215498074302900E-016, 0.0000000000000000000 ) ) ;
#399 = CYLINDRICAL_SURFACE ( 'NONE', #1539, 15.50000000000000000 ) ;
#400 = ORIENTED_EDGE ( 'NONE', *, *, #1624, .T. ) ;
#401 = DIRECTION ( 'NONE',  ( -0.0000000000000000000, -0.0000000000000000000, 1.000000000000000000 ) ) ;
#402 = EDGE_LOOP ( 'NONE', ( #664, #357, #761, #943 ) ) ;
#403 = SURFACE_SIDE_STYLE ('',( #626 ) ) ;
#404 = MECHANICAL_DESIGN_GEOMETRIC_PRESENTATION_REPRESENTATION (  '', ( #1300 ), #698 ) ;
#405 = ORIENTED_EDGE ( 'NONE', *, *, #710, .F. ) ;
#406 = CARTESIAN_POINT ( 'NONE',  ( -21.49999999999998200, 0.0000000000000000000, 11.05000000000000800 ) ) ;
#407 = FILL_AREA_STYLE_COLOUR ( '', #606 ) ;
#408 = DIRECTION ( 'NONE',  ( 5.053215498074302900E-016, -1.000000000000000000, 0.0000000000000000000 ) ) ;
#409 = FACE_OUTER_BOUND ( 'NONE', #1518, .T. ) ;
#410 = CARTESIAN_POINT ( 'NONE',  ( 25.14097245096173300, -4.999999999999987600, -72.14000000000001500 ) ) ;
#411 = VECTOR ( 'NONE', #184, 1000.000000000000000 ) ;
#412 = DIRECTION ( 'NONE',  ( -5.053215498074302900E-016, 1.000000000000000000, -0.0000000000000000000 ) ) ;
#413 = DIRECTION ( 'NONE',  ( -1.000000000000000000, 0.0000000000000000000, 0.0000000000000000000 ) ) ;
#414 = DIRECTION ( 'NONE',  ( 0.0000000000000000000, -1.000000000000000000, -0.0000000000000000000 ) ) ;
#415 = STYLED_ITEM ( 'NONE', ( #1668 ), #559 ) ;
#416 = EDGE_CURVE ( 'NONE', #1033, #1532, #1606, .T. ) ;
#417 = VERTEX_POINT ( 'NONE', #54 ) ;
#418 = DIRECTION ( 'NONE',  ( -1.000000000000000000, -5.053215498074302900E-016, 0.0000000000000000000 ) ) ;
#419 = ORIENTED_EDGE ( 'NONE', *, *, #1141, .T. ) ;
#420 = CARTESIAN_POINT ( 'NONE',  ( -137.4999999999999700, 0.0000000000000000000, -12.69999999999999900 ) ) ;
#421 = CIRCLE ( 'NONE', #1513, 4.000000000000001800 ) ;
#422 = ORIENTED_EDGE ( 'NONE', *, *, #1345, .F. ) ;
#423 = CARTESIAN_POINT ( 'NONE',  ( -85.49999999999998600, 53.00000000000000700, -4.500000000000010700 ) ) ;
#424 = ADVANCED_FACE ( 'NONE', ( #1456 ), #1504, .F. ) ;
#425 = COLOUR_RGB ( '',1.000000000000000000, 0.0000000000000000000, 0.0000000000000000000 ) ;
#426 =( NAMED_UNIT ( * ) PLANE_ANGLE_UNIT ( ) SI_UNIT ( $, .RADIAN. ) );
#427 = PRESENTATION_LAYER_ASSIGNMENT (  '', '', ( #1443 ) ) ;
#428 = DIRECTION ( 'NONE',  ( 0.0000000000000000000, 0.0000000000000000000, -1.000000000000000000 ) ) ;
#429 = FACE_BOUND ( 'NONE', #1665, .T. ) ;
#430 = MECHANICAL_DESIGN_GEOMETRIC_PRESENTATION_REPRESENTATION (  '', ( #1718 ), #1333 ) ;
#431 = DIRECTION ( 'NONE',  ( -5.053215498074302900E-016, 1.000000000000000000, -0.0000000000000000000 ) ) ;
#432 = ADVANCED_FACE ( 'NONE', ( #1144 ), #485, .T. ) ;
#433 = AXIS2_PLACEMENT_3D ( 'NONE', #507, #1461, #778 ) ;
#434 = VERTEX_POINT ( 'NONE', #93 ) ;
#435 = ADVANCED_FACE ( 'NONE', ( #581, #213, #1067, #1209, #462, #770, #562, #1558, #843, #429, #1525 ), #1030, .T. ) ;
#436 = VERTEX_POINT ( 'NONE', #1586 ) ;
#437 = LINE ( 'NONE', #242, #1699 ) ;
#438 = DIRECTION ( 'NONE',  ( 0.0000000000000000000, 0.0000000000000000000, -1.000000000000000000 ) ) ;
#439 = EDGE_LOOP ( 'NONE', ( #1184, #1085 ) ) ;
#440 = CARTESIAN_POINT ( 'NONE',  ( 59.28097245096172000, 2.645390389996202800E-014, 20.00000000000000000 ) ) ;
#441 = SURFACE_SIDE_STYLE ('',( #604 ) ) ;
#442 = LINE ( 'NONE', #244, #1522 ) ;
#443 = CIRCLE ( 'NONE', #850, 3.500000000000003100 ) ;
#444 = CIRCLE ( 'NONE', #1050, 3.500000000000003100 ) ;
#445 = CARTESIAN_POINT ( 'NONE',  ( -8.219027549038449000, -5.000000000000008000, -47.49999999999954500 ) ) ;
#446 = EDGE_CURVE ( 'NONE', #490, #51, #1164, .T. ) ;
#447 = UNCERTAINTY_MEASURE_WITH_UNIT (LENGTH_MEASURE( 1.000000000000000100E-005 ), #1412, 'distance_accuracy_value', 'NONE');
#448 = DIRECTION ( 'NONE',  ( 5.053215498074302900E-016, -1.000000000000000000, 0.0000000000000000000 ) ) ;
#449 =( NAMED_UNIT ( * ) PLANE_ANGLE_UNIT ( ) SI_UNIT ( $, .RADIAN. ) );
#450 = CARTESIAN_POINT ( 'NONE',  ( 39.28097245096172700, -4.999999999999981300, -57.99999999999999300 ) ) ;
#451 = ORIENTED_EDGE ( 'NONE', *, *, #1005, .F. ) ;
#452 = EDGE_CURVE ( 'NONE', #38, #1060, #82, .T. ) ;
#453 = ORIENTED_EDGE ( 'NONE', *, *, #1438, .T. ) ;
#454 =( GEOMETRIC_REPRESENTATION_CONTEXT ( 3 ) GLOBAL_UNCERTAINTY_ASSIGNED_CONTEXT ( ( #1400 ) ) GLOBAL_UNIT_ASSIGNED_CONTEXT ( ( #1063, #1452, #1464 ) ) REPRESENTATION_CONTEXT ( 'NONE', 'WORKASPACE' ) );
#455 = ORIENTED_EDGE ( 'NONE', *, *, #766, .F. ) ;
#456 = VECTOR ( 'NONE', #1686, 1000.000000000000100 ) ;
#457 = VERTEX_POINT ( 'NONE', #1298 ) ;
#458 = CARTESIAN_POINT ( 'NONE',  ( 53.42097245096172700, -4.999999999999974200, -72.14000000000000100 ) ) ;
#459 = ORIENTED_EDGE ( 'NONE', *, *, #1683, .T. ) ;
#460 = CYLINDRICAL_SURFACE ( 'NONE', #974, 1.650000000000002100 ) ;
#461 = DIRECTION ( 'NONE',  ( 0.0000000000000000000, -1.000000000000000000, -0.0000000000000000000 ) ) ;
#462 = FACE_OUTER_BOUND ( 'NONE', #514, .T. ) ;
#463 = ORIENTED_EDGE ( 'NONE', *, *, #209, .F. ) ;
#464 = STYLED_ITEM ( 'NONE', ( #1626 ), #699 ) ;
#465 = SURFACE_STYLE_USAGE ( .BOTH. , #589 ) ;
#466 = CARTESIAN_POINT ( 'NONE',  ( 53.42097245096172700, -4.999999999999974200, -40.35999999999999200 ) ) ;
#467 = DIRECTION ( 'NONE',  ( -5.053215498074302900E-016, 1.000000000000000000, 0.0000000000000000000 ) ) ;
#468 = DIRECTION ( 'NONE',  ( 0.0000000000000000000, 0.0000000000000000000, -1.000000000000000000 ) ) ;
#469 = ORIENTED_EDGE ( 'NONE', *, *, #1309, .F. ) ;
#470 = ORIENTED_EDGE ( 'NONE', *, *, #1258, .F. ) ;
#471 = EDGE_CURVE ( 'NONE', #1467, #251, #1125, .T. ) ;
#472 = EDGE_LOOP ( 'NONE', ( #1081, #1011, #616, #1226 ) ) ;
#473 = PRESENTATION_STYLE_ASSIGNMENT (( #607 ) ) ;
#474 = DIRECTION ( 'NONE',  ( 0.0000000000000000000, 0.0000000000000000000, 1.000000000000000000 ) ) ;
#475 = EDGE_CURVE ( 'NONE', #1394, #185, #1629, .T. ) ;
#476 = CARTESIAN_POINT ( 'NONE',  ( 25.14097245096173300, -4.999999999999987600, -72.14000000000001500 ) ) ;
#477 = DIRECTION ( 'NONE',  ( 0.0000000000000000000, 0.0000000000000000000, -1.000000000000000000 ) ) ;
#478 = PRESENTATION_STYLE_ASSIGNMENT (( #113 ) ) ;
#479 = EDGE_CURVE ( 'NONE', #188, #1644, #368, .T. ) ;
#480 = VECTOR ( 'NONE', #467, 1000.000000000000000 ) ;
#481 = STYLED_ITEM ( 'NONE', ( #582 ), #1512 ) ;
#482 = CIRCLE ( 'NONE', #1241, 3.500000000000003100 ) ;
#483 = CARTESIAN_POINT ( 'NONE',  ( -21.49999999999998200, 53.00000000000000700, 11.05000000000000800 ) ) ;
#484 = CARTESIAN_POINT ( 'NONE',  ( -136.9999999999999700, 0.0000000000000000000, -20.00000000000000000 ) ) ;
#485 = PLANE ( 'NONE',  #169 ) ;
#486 = ORIENTED_EDGE ( 'NONE', *, *, #717, .T. ) ;
#487 = AXIS2_PLACEMENT_3D ( 'NONE', #1214, #148, #1351 ) ;
#488 =( LENGTH_UNIT ( ) NAMED_UNIT ( * ) SI_UNIT ( .MILLI., .METRE. ) );
#489 = CARTESIAN_POINT ( 'NONE',  ( 30.28097245096172700, -4.999999999999987600, -78.00000000000000000 ) ) ;
#490 = VERTEX_POINT ( 'NONE', #1046 ) ;
#491 = DIRECTION ( 'NONE',  ( 5.053215498074302900E-016, -1.000000000000000000, 0.0000000000000000000 ) ) ;
#492 = VERTEX_POINT ( 'NONE', #1178 ) ;
#493 = CARTESIAN_POINT ( 'NONE',  ( -85.49999999999998600, 53.00000000000000700, -12.50000000000001100 ) ) ;
#494 = MECHANICAL_DESIGN_GEOMETRIC_PRESENTATION_REPRESENTATION (  '', ( #464 ), #803 ) ;
#495 = ORIENTED_EDGE ( 'NONE', *, *, #859, .T. ) ;
#496 = DIRECTION ( 'NONE',  ( 0.0000000000000000000, 0.0000000000000000000, 1.000000000000000000 ) ) ;
#497 = EDGE_CURVE ( 'NONE', #578, #726, #35, .T. ) ;
#498 = DIRECTION ( 'NONE',  ( -1.000000000000000000, 0.0000000000000000000, 0.0000000000000000000 ) ) ;
#499 = CIRCLE ( 'NONE', #64, 4.000000000000000000 ) ;
#500 = CARTESIAN_POINT ( 'NONE',  ( 59.28097245096172000, 2.645390389996202800E-014, -75.00000000000000000 ) ) ;
#501 = LINE ( 'NONE', #190, #153 ) ;
#502 = CYLINDRICAL_SURFACE ( 'NONE', #321, 1.650000000000002100 ) ;
#503 = LINE ( 'NONE', #535, #982 ) ;
#504 =( LENGTH_UNIT ( ) NAMED_UNIT ( * ) SI_UNIT ( .MILLI., .METRE. ) );
#505 = DIRECTION ( 'NONE',  ( 0.0000000000000000000, -1.000000000000000000, 0.0000000000000000000 ) ) ;
#506 = EDGE_CURVE ( 'NONE', #540, #335, #325, .T. ) ;
#507 = CARTESIAN_POINT ( 'NONE',  ( -137.4999999999999700, 53.00000000000000700, -12.69999999999999900 ) ) ;
#508 = AXIS2_PLACEMENT_3D ( 'NONE', #1535, #1565, #1183 ) ;
#509 = ORIENTED_EDGE ( 'NONE', *, *, #1598, .T. ) ;
#510 = FILL_AREA_STYLE_COLOUR ( '', #425 ) ;
#511 =( NAMED_UNIT ( * ) SI_UNIT ( $, .STERADIAN. ) SOLID_ANGLE_UNIT ( ) );
#512 = CARTESIAN_POINT ( 'NONE',  ( 59.28097245096172000, 2.645390389996202800E-014, -20.00000000000000000 ) ) ;
#513 = SURFACE_STYLE_USAGE ( .BOTH. , #1738 ) ;
#514 = EDGE_LOOP ( 'NONE', ( #1709, #812, #1290, #1054, #30, #103, #46, #1594, #1102, #925, #1256, #1677, #1158, #1494, #1405 ) ) ;
#515 =( GEOMETRIC_REPRESENTATION_CONTEXT ( 3 ) GLOBAL_UNCERTAINTY_ASSIGNED_CONTEXT ( ( #1229 ) ) GLOBAL_UNIT_ASSIGNED_CONTEXT ( ( #1588, #1739, #769 ) ) REPRESENTATION_CONTEXT ( 'NONE', 'WORKASPACE' ) );
#516 = EDGE_LOOP ( 'NONE', ( #1682, #1387, #870, #99 ) ) ;
#517 = VERTEX_POINT ( 'NONE', #489 ) ;
#518 = CARTESIAN_POINT ( 'NONE',  ( 39.28097245096172700, -4.999999999999981300, -57.99999999999999300 ) ) ;
#519 = DIRECTION ( 'NONE',  ( 5.053215498074302900E-016, -1.000000000000000000, 0.0000000000000000000 ) ) ;
#520 = VECTOR ( 'NONE', #647, 1000.000000000000000 ) ;
#521 = DIRECTION ( 'NONE',  ( -1.000000000000000000, -5.053215498074302900E-016, 0.0000000000000000000 ) ) ;
#522 = AXIS2_PLACEMENT_3D ( 'NONE', #1455, #265, #1592 ) ;
#523 = VECTOR ( 'NONE', #1369, 1000.000000000000000 ) ;
#524 = DIRECTION ( 'NONE',  ( 0.0000000000000000000, 0.0000000000000000000, -1.000000000000000000 ) ) ;
#525 = CARTESIAN_POINT ( 'NONE',  ( -85.49999999999998600, 0.0000000000000000000, 8.499999999999989300 ) ) ;
#526 = CARTESIAN_POINT ( 'NONE',  ( 19.28097245096172300, -4.999999999999993800, -78.00000000000000000 ) ) ;
#527 = CYLINDRICAL_SURFACE ( 'NONE', #1231, 1.650000000000016100 ) ;
#528 = COLOUR_RGB ( '',1.000000000000000000, 0.0000000000000000000, 0.0000000000000000000 ) ;
#529 = VECTOR ( 'NONE', #531, 1000.000000000000000 ) ;
#530 = DIRECTION ( 'NONE',  ( 0.0000000000000000000, 0.0000000000000000000, -1.000000000000000000 ) ) ;
#531 = DIRECTION ( 'NONE',  ( 0.0000000000000000000, -1.000000000000000000, -0.0000000000000000000 ) ) ;
#532 = AXIS2_PLACEMENT_3D ( 'NONE', #950, #1633, #275 ) ;
#533 = EDGE_CURVE ( 'NONE', #685, #1666, #670, .T. ) ;
#534 = EDGE_LOOP ( 'NONE', ( #1433, #921 ) ) ;
#535 = CARTESIAN_POINT ( 'NONE',  ( 30.28097245096172700, -4.999999999999987600, 20.00000000000000000 ) ) ;
#536 = CARTESIAN_POINT ( 'NONE',  ( -85.49999999999998600, -5.000000000000000000, -12.50000000000001100 ) ) ;
#537 = ORIENTED_EDGE ( 'NONE', *, *, #312, .T. ) ;
#538 = FACE_OUTER_BOUND ( 'NONE', #346, .T. ) ;
#539 = ADVANCED_FACE ( 'NONE', ( #1429 ), #1445, .T. ) ;
#540 = VERTEX_POINT ( 'NONE', #1578 ) ;
#541 = EDGE_CURVE ( 'NONE', #633, #1014, #1344, .T. ) ;
#542 = DIRECTION ( 'NONE',  ( 5.053215498074302900E-016, -1.000000000000000000, 0.0000000000000000000 ) ) ;
#543 = EDGE_LOOP ( 'NONE', ( #886, #1313, #1039, #202 ) ) ;
#544 = PRESENTATION_LAYER_ASSIGNMENT (  '', '', ( #1718 ) ) ;
#545 = VECTOR ( 'NONE', #193, 1000.000000000000000 ) ;
#546 = CARTESIAN_POINT ( 'NONE',  ( 53.42097245096172700, -4.999999999999974200, -75.64000000000000100 ) ) ;
#547 = DIRECTION ( 'NONE',  ( 0.7071067811865485700, 3.573162945485302000E-016, -0.7071067811865465700 ) ) ;
#548 = ADVANCED_FACE ( 'NONE', ( #283 ), #652, .T. ) ;
#549 = CARTESIAN_POINT ( 'NONE',  ( -90.50000000000000000, 53.00000000000000700, 12.49999999999998900 ) ) ;
#550 = DIRECTION ( 'NONE',  ( 5.053215498074302900E-016, -1.000000000000000000, 0.0000000000000000000 ) ) ;
#551 = CARTESIAN_POINT ( 'NONE',  ( 53.42097245096172700, 2.609480483205570900E-014, -40.35999999999999200 ) ) ;
#552 = DIRECTION ( 'NONE',  ( 0.0000000000000000000, -1.000000000000000000, 0.0000000000000000000 ) ) ;
#553 = ADVANCED_FACE ( 'NONE', ( #409 ), #527, .F. ) ;
#554 = ORIENTED_EDGE ( 'NONE', *, *, #1210, .F. ) ;
#555 = COLOUR_RGB ( '',1.000000000000000000, 0.0000000000000000000, 0.0000000000000000000 ) ;
#556 = ORIENTED_EDGE ( 'NONE', *, *, #1687, .T. ) ;
#557 = CARTESIAN_POINT ( 'NONE',  ( -137.4999999999999700, -5.000000000000000000, 12.69999999999999900 ) ) ;
#558 = VECTOR ( 'NONE', #1196, 1000.000000000000100 ) ;
#559 = ADVANCED_FACE ( 'NONE', ( #979 ), #133, .F. ) ;
#560 = AXIS2_PLACEMENT_3D ( 'NONE', #355, #1305, #748 ) ;
#561 = VECTOR ( 'NONE', #1385, 1000.000000000000000 ) ;
#562 = FACE_BOUND ( 'NONE', #516, .T. ) ;
#563 = FACE_OUTER_BOUND ( 'NONE', #880, .T. ) ;
#564 = EDGE_CURVE ( 'NONE', #1014, #1222, #1145, .T. ) ;
#565 = COLOUR_RGB ( '',1.000000000000000000, 0.0000000000000000000, 0.0000000000000000000 ) ;
#566 = FACE_OUTER_BOUND ( 'NONE', #277, .T. ) ;
#567 = DIRECTION ( 'NONE',  ( 0.0000000000000000000, 0.0000000000000000000, -1.000000000000000000 ) ) ;
#568 = VECTOR ( 'NONE', #718, 1000.000000000000000 ) ;
#569 = UNCERTAINTY_MEASURE_WITH_UNIT (LENGTH_MEASURE( 1.000000000000000100E-005 ), #597, 'distance_accuracy_value', 'NONE');
#570 = EDGE_CURVE ( 'NONE', #120, #77, #1346, .T. ) ;
#571 = MECHANICAL_DESIGN_GEOMETRIC_PRESENTATION_REPRESENTATION (  '', ( #1537 ), #515 ) ;
#572 = AXIS2_PLACEMENT_3D ( 'NONE', #269, #1317, #105 ) ;
#573 = EDGE_LOOP ( 'NONE', ( #400, #204, #1223, #1180 ) ) ;
#574 = ORIENTED_EDGE ( 'NONE', *, *, #1531, .F. ) ;
#575 = ORIENTED_EDGE ( 'NONE', *, *, #364, .T. ) ;
#576 = ORIENTED_EDGE ( 'NONE', *, *, #271, .F. ) ;
#577 = DIRECTION ( 'NONE',  ( 0.7071067811865441300, 3.573162945485279800E-016, -0.7071067811865507900 ) ) ;
#578 = VERTEX_POINT ( 'NONE', #1320 ) ;
#579 = VECTOR ( 'NONE', #1617, 1000.000000000000000 ) ;
#580 = AXIS2_PLACEMENT_3D ( 'NONE', #831, #1503, #173 ) ;
#581 = FACE_BOUND ( 'NONE', #534, .T. ) ;
#582 = PRESENTATION_STYLE_ASSIGNMENT (( #1142 ) ) ;
#583 = EDGE_CURVE ( 'NONE', #227, #1621, #1609, .T. ) ;
#584 = VECTOR ( 'NONE', #823, 1000.000000000000000 ) ;
#585 = SURFACE_SIDE_STYLE ('',( #390 ) ) ;
#586 = UNCERTAINTY_MEASURE_WITH_UNIT (LENGTH_MEASURE( 1.000000000000000100E-005 ), #488, 'distance_accuracy_value', 'NONE');
#587 = DIRECTION ( 'NONE',  ( 5.053215498074302900E-016, -1.000000000000000000, 0.0000000000000000000 ) ) ;
#588 = ORIENTED_EDGE ( 'NONE', *, *, #766, .T. ) ;
#589 = SURFACE_SIDE_STYLE ('',( #733 ) ) ;
#590 = CARTESIAN_POINT ( 'NONE',  ( -137.4999999999999700, 0.0000000000000000000, -14.35000000000001600 ) ) ;
#591 = EDGE_CURVE ( 'NONE', #1498, #384, #62, .T. ) ;
#592 = DIRECTION ( 'NONE',  ( 0.0000000000000000000, 0.0000000000000000000, -1.000000000000000000 ) ) ;
#593 = ORIENTED_EDGE ( 'NONE', *, *, #1065, .F. ) ;
#594 = MECHANICAL_DESIGN_GEOMETRIC_PRESENTATION_REPRESENTATION (  '', ( #56 ), #454 ) ;
#595 = ORIENTED_EDGE ( 'NONE', *, *, #583, .F. ) ;
#596 = EDGE_LOOP ( 'NONE', ( #6, #835, #784, #382 ) ) ;
#597 =( LENGTH_UNIT ( ) NAMED_UNIT ( * ) SI_UNIT ( .MILLI., .METRE. ) );
#598 = ORIENTED_EDGE ( 'NONE', *, *, #1141, .F. ) ;
#599 = CARTESIAN_POINT ( 'NONE',  ( -21.49999999999997900, 0.0000000000000000000, -12.69999999999997800 ) ) ;
#600 = LINE ( 'NONE', #829, #254 ) ;
#601 = CARTESIAN_POINT ( 'NONE',  ( 53.42097245096172700, -4.999999999999974200, -72.14000000000000100 ) ) ;
#602 = FACE_OUTER_BOUND ( 'NONE', #1138, .T. ) ;
#603 = CARTESIAN_POINT ( 'NONE',  ( -90.50000000000000000, 0.0000000000000000000, 12.49999999999999100 ) ) ;
#604 = SURFACE_STYLE_FILL_AREA ( #316 ) ;
#605 = DIRECTION ( 'NONE',  ( 0.0000000000000000000, 0.0000000000000000000, 1.000000000000000000 ) ) ;
#606 = COLOUR_RGB ( '',1.000000000000000000, 0.0000000000000000000, 0.0000000000000000000 ) ;
#607 = SURFACE_STYLE_USAGE ( .BOTH. , #896 ) ;
#608 = CARTESIAN_POINT ( 'NONE',  ( 0.0000000000000000000, -5.000000000000000000, 20.00000000000000000 ) ) ;
#609 = DIRECTION ( 'NONE',  ( -0.7071067811865464600, -3.573162945485291700E-016, -0.7071067811865485700 ) ) ;
#610 = DIRECTION ( 'NONE',  ( 5.053215498074302900E-016, -1.000000000000000000, 0.0000000000000000000 ) ) ;
#611 = APPLICATION_CONTEXT ( 'automotive_design' ) ;
#612 = VERTEX_POINT ( 'NONE', #802 ) ;
#613 = ORIENTED_EDGE ( 'NONE', *, *, #653, .T. ) ;
#614 = AXIS2_PLACEMENT_3D ( 'NONE', #1420, #1715, #1435 ) ;
#615 = DIRECTION ( 'NONE',  ( 0.0000000000000000000, 0.0000000000000000000, -1.000000000000000000 ) ) ;
#616 = ORIENTED_EDGE ( 'NONE', *, *, #475, .F. ) ;
#617 = ORIENTED_EDGE ( 'NONE', *, *, #271, .T. ) ;
#618 = ORIENTED_EDGE ( 'NONE', *, *, #1370, .T. ) ;
#619 = ORIENTED_EDGE ( 'NONE', *, *, #651, .F. ) ;
#620 = EDGE_CURVE ( 'NONE', #1421, #1642, #285, .T. ) ;
#621 =( NAMED_UNIT ( * ) SI_UNIT ( $, .STERADIAN. ) SOLID_ANGLE_UNIT ( ) );
#622 = EDGE_LOOP ( 'NONE', ( #1441, #790, #1339, #293 ) ) ;
#623 = DIRECTION ( 'NONE',  ( 0.0000000000000000000, -1.000000000000000000, -0.0000000000000000000 ) ) ;
#624 = VECTOR ( 'NONE', #264, 1000.000000000000000 ) ;
#625 = PRESENTATION_LAYER_ASSIGNMENT (  '', '', ( #1537 ) ) ;
#626 = SURFACE_STYLE_FILL_AREA ( #1208 ) ;
#627 = FACE_OUTER_BOUND ( 'NONE', #73, .T. ) ;
#628 = AXIS2_PLACEMENT_3D ( 'NONE', #780, #1448, #524 ) ;
#629 = CARTESIAN_POINT ( 'NONE',  ( 22.28097245096175200, 7.757006557087125600E-015, -78.00000000000000000 ) ) ;
#630 = AXIS2_PLACEMENT_3D ( 'NONE', #1625, #1091, #1635 ) ;
#631 =( LENGTH_UNIT ( ) NAMED_UNIT ( * ) SI_UNIT ( .MILLI., .METRE. ) );
#632 = CARTESIAN_POINT ( 'NONE',  ( -85.49999999999998600, 1.387778780781445700E-014, -12.50000000000001100 ) ) ;
#633 = VERTEX_POINT ( 'NONE', #125 ) ;
#634 = CARTESIAN_POINT ( 'NONE',  ( -85.49999999999998600, -5.000000000000000000, 12.49999999999999100 ) ) ;
#635 = FILL_AREA_STYLE ('',( #510 ) ) ;
#636 = ORIENTED_EDGE ( 'NONE', *, *, #1659, .T. ) ;
#637 = PLANE ( 'NONE',  #1612 ) ;
#638 = ORIENTED_EDGE ( 'NONE', *, *, #966, .T. ) ;
#639 = AXIS2_PLACEMENT_3D ( 'NONE', #352, #1289, #1439 ) ;
#640 = DIRECTION ( 'NONE',  ( 0.7071067811865474600, -0.0000000000000000000, 0.7071067811865474600 ) ) ;
#641 = ORIENTED_EDGE ( 'NONE', *, *, #471, .F. ) ;
#642 = VERTEX_POINT ( 'NONE', #536 ) ;
#643 = DIRECTION ( 'NONE',  ( 0.0000000000000000000, 0.0000000000000000000, -1.000000000000000000 ) ) ;
#644 = SURFACE_SIDE_STYLE ('',( #995 ) ) ;
#645 =( NAMED_UNIT ( * ) PLANE_ANGLE_UNIT ( ) SI_UNIT ( $, .RADIAN. ) );
#646 = CIRCLE ( 'NONE', #983, 3.500000000000003100 ) ;
#647 = DIRECTION ( 'NONE',  ( 5.053215498074302900E-016, -1.000000000000000000, 0.0000000000000000000 ) ) ;
#648 = FACE_OUTER_BOUND ( 'NONE', #848, .T. ) ;
#649 = SURFACE_STYLE_USAGE ( .BOTH. , #1610 ) ;
#650 = DIRECTION ( 'NONE',  ( 0.0000000000000000000, 0.0000000000000000000, -1.000000000000000000 ) ) ;
#651 = EDGE_CURVE ( 'NONE', #834, #612, #798, .T. ) ;
#652 = PLANE ( 'NONE',  #522 ) ;
#653 = EDGE_CURVE ( 'NONE', #1272, #457, #444, .T. ) ;
#654 = CARTESIAN_POINT ( 'NONE',  ( 25.14097245096171900, -4.999999999999987600, -40.35999999999999200 ) ) ;
#655 = SURFACE_STYLE_USAGE ( .BOTH. , #1451 ) ;
#656 = ORIENTED_EDGE ( 'NONE', *, *, #446, .F. ) ;
#657 = STYLED_ITEM ( 'NONE', ( #473 ), #809 ) ;
#658 = EDGE_LOOP ( 'NONE', ( #1219, #765, #29, #576 ) ) ;
#659 = SURFACE_SIDE_STYLE ('',( #749 ) ) ;
#660 = VECTOR ( 'NONE', #252, 1000.000000000000000 ) ;
#661 = ORIENTED_EDGE ( 'NONE', *, *, #1683, .F. ) ;
#662 = DIRECTION ( 'NONE',  ( 0.0000000000000000000, 0.0000000000000000000, -1.000000000000000000 ) ) ;
#663 = CARTESIAN_POINT ( 'NONE',  ( 59.28097245096172000, 2.645390389996202800E-014, 1.040834085586084300E-014 ) ) ;
#664 = ORIENTED_EDGE ( 'NONE', *, *, #1402, .F. ) ;
#665 = AXIS2_PLACEMENT_3D ( 'NONE', #1746, #408, #1482 ) ;
#666 = CIRCLE ( 'NONE', #872, 1.650000000000016100 ) ;
#667 =( NAMED_UNIT ( * ) SI_UNIT ( $, .STERADIAN. ) SOLID_ANGLE_UNIT ( ) );
#668 = ORIENTED_EDGE ( 'NONE', *, *, #1374, .T. ) ;
#669 = CARTESIAN_POINT ( 'NONE',  ( 48.28097245096172700, -4.999999999999990200, -70.61942946412395400 ) ) ;
#670 = CIRCLE ( 'NONE', #883, 4.000000000000000000 ) ;
#671 = LINE ( 'NONE', #267, #579 ) ;
#672 =( NAMED_UNIT ( * ) SI_UNIT ( $, .STERADIAN. ) SOLID_ANGLE_UNIT ( ) );
#673 = DIRECTION ( 'NONE',  ( 0.0000000000000000000, 1.000000000000000000, 0.0000000000000000000 ) ) ;
#674 = CARTESIAN_POINT ( 'NONE',  ( -85.49999999999998600, 0.0000000000000000000, -8.500000000000010700 ) ) ;
#675 = MECHANICAL_DESIGN_GEOMETRIC_PRESENTATION_REPRESENTATION (  '', ( #415 ), #707 ) ;
#676 = UNCERTAINTY_MEASURE_WITH_UNIT (LENGTH_MEASURE( 1.000000000000000100E-005 ), #246, 'distance_accuracy_value', 'NONE');
#677 = CARTESIAN_POINT ( 'NONE',  ( -137.4999999999999700, -5.000000000000000000, -12.69999999999999900 ) ) ;
#678 = EDGE_CURVE ( 'NONE', #517, #320, #1249, .T. ) ;
#679 = ADVANCED_FACE ( 'NONE', ( #1732 ), #179, .F. ) ;
#680 = EDGE_CURVE ( 'NONE', #1261, #185, #1044, .T. ) ;
#681 = CARTESIAN_POINT ( 'NONE',  ( 2.255140518769844500E-014, 0.0000000000000000000, -12.49999999999995200 ) ) ;
#682 = EDGE_LOOP ( 'NONE', ( #593, #973 ) ) ;
#683 = ORIENTED_EDGE ( 'NONE', *, *, #772, .T. ) ;
#684 = CARTESIAN_POINT ( 'NONE',  ( 19.28097245096172300, -4.999999999999993800, -20.00000000000000000 ) ) ;
#685 = VERTEX_POINT ( 'NONE', #1556 ) ;
#686 = LINE ( 'NONE', #1070, #558 ) ;
#687 = SURFACE_STYLE_USAGE ( .BOTH. , #1235 ) ;
#688 = ORIENTED_EDGE ( 'NONE', *, *, #1175, .F. ) ;
#689 = ADVANCED_FACE ( 'NONE', ( #1654, #648, #845, #1167, #932, #1560, #1483, #1128, #754, #712, #794 ), #58, .F. ) ;
#690 = EDGE_CURVE ( 'NONE', #969, #1353, #899, .T. ) ;
#691 = VECTOR ( 'NONE', #1416, 1000.000000000000000 ) ;
#692 = PLANE ( 'NONE',  #756 ) ;
#693 = AXIS2_PLACEMENT_3D ( 'NONE', #493, #79, #1427 ) ;
#694 = CARTESIAN_POINT ( 'NONE',  ( -85.49999999999998600, -5.000000000000000000, -8.500000000000010700 ) ) ;
#695 = LINE ( 'NONE', #1006, #480 ) ;
#696 = PRESENTATION_STYLE_ASSIGNMENT (( #34 ) ) ;
#697 = LINE ( 'NONE', #1207, #755 ) ;
#698 =( GEOMETRIC_REPRESENTATION_CONTEXT ( 3 ) GLOBAL_UNCERTAINTY_ASSIGNED_CONTEXT ( ( #721 ) ) GLOBAL_UNIT_ASSIGNED_CONTEXT ( ( #1275, #1132, #1547 ) ) REPRESENTATION_CONTEXT ( 'NONE', 'WORKASPACE' ) );
#699 = ADVANCED_FACE ( 'NONE', ( #602 ), #1018, .F. ) ;
#700 = PRESENTATION_LAYER_ASSIGNMENT (  '', '', ( #990 ) ) ;
#701 = EDGE_LOOP ( 'NONE', ( #731, #1080, #226, #781 ) ) ;
#702 = CARTESIAN_POINT ( 'NONE',  ( -137.4999999999999700, -5.000000000000000000, 11.04999999999998300 ) ) ;
#703 = ADVANCED_FACE ( 'NONE', ( #1684 ), #1721, .T. ) ;
#704 = ORIENTED_EDGE ( 'NONE', *, *, #933, .T. ) ;
#705 = ORIENTED_EDGE ( 'NONE', *, *, #678, .T. ) ;
#706 = VECTOR ( 'NONE', #1315, 1000.000000000000000 ) ;
#707 =( GEOMETRIC_REPRESENTATION_CONTEXT ( 3 ) GLOBAL_UNCERTAINTY_ASSIGNED_CONTEXT ( ( #1003 ) ) GLOBAL_UNIT_ASSIGNED_CONTEXT ( ( #1466, #924, #1190 ) ) REPRESENTATION_CONTEXT ( 'NONE', 'WORKASPACE' ) );
#708 = LINE ( 'NONE', #1236, #131 ) ;
#709 = EDGE_CURVE ( 'NONE', #120, #890, #257, .T. ) ;
#710 = EDGE_CURVE ( 'NONE', #185, #685, #671, .T. ) ;
#711 = FILL_AREA_STYLE_COLOUR ( '', #1582 ) ;
#712 = FACE_BOUND ( 'NONE', #1632, .T. ) ;
#713 = CIRCLE ( 'NONE', #1218, 1.650000000000002100 ) ;
#714 = CARTESIAN_POINT ( 'NONE',  ( 22.28097245096175500, -4.999999999999992000, -78.00000000000000000 ) ) ;
#715 = CARTESIAN_POINT ( 'NONE',  ( 19.28097245096172000, 6.241041907664820800E-015, -20.00000000000000000 ) ) ;
#716 = FACE_OUTER_BOUND ( 'NONE', #658, .T. ) ;
#717 = EDGE_CURVE ( 'NONE', #1401, #1419, #1363, .T. ) ;
#718 = DIRECTION ( 'NONE',  ( 0.0000000000000000000, -1.000000000000000000, 0.0000000000000000000 ) ) ;
#719 = EDGE_CURVE ( 'NONE', #969, #946, #753, .T. ) ;
#720 = DIRECTION ( 'NONE',  ( 0.0000000000000000000, -1.000000000000000000, 0.0000000000000000000 ) ) ;
#721 = UNCERTAINTY_MEASURE_WITH_UNIT (LENGTH_MEASURE( 1.000000000000000100E-005 ), #1275, 'distance_accuracy_value', 'NONE');
#722 = AXIS2_PLACEMENT_3D ( 'NONE', #87, #207, #1036 ) ;
#723 = FILL_AREA_STYLE_COLOUR ( '', #1112 ) ;
#724 = ORIENTED_EDGE ( 'NONE', *, *, #1529, .T. ) ;
#725 = DIRECTION ( 'NONE',  ( 0.0000000000000000000, -1.000000000000000000, -0.0000000000000000000 ) ) ;
#726 = VERTEX_POINT ( 'NONE', #1449 ) ;
#727 = ORIENTED_EDGE ( 'NONE', *, *, #145, .F. ) ;
#728 = VECTOR ( 'NONE', #418, 1000.000000000000000 ) ;
#729 = SURFACE_SIDE_STYLE ('',( #1454 ) ) ;
#730 =( LENGTH_UNIT ( ) NAMED_UNIT ( * ) SI_UNIT ( .MILLI., .METRE. ) );
#731 = ORIENTED_EDGE ( 'NONE', *, *, #717, .F. ) ;
#732 = MECHANICAL_DESIGN_GEOMETRIC_PRESENTATION_REPRESENTATION (  '', ( #39 ), #786 ) ;
#733 = SURFACE_STYLE_FILL_AREA ( #860 ) ;
#734 = SURFACE_SIDE_STYLE ('',( #1168 ) ) ;
#735 = CARTESIAN_POINT ( 'NONE',  ( -142.0000000000000000, -5.000000000000000000, 20.00000000000000000 ) ) ;
#736 = DIRECTION ( 'NONE',  ( 1.000000000000000000, 5.053215498074302900E-016, -0.0000000000000000000 ) ) ;
#737 = AXIS2_PLACEMENT_3D ( 'NONE', #1691, #1437, #894 ) ;
#738 = SURFACE_STYLE_USAGE ( .BOTH. , #1415 ) ;
#739 = ORIENTED_EDGE ( 'NONE', *, *, #303, .T. ) ;
#740 = EDGE_CURVE ( 'NONE', #490, #1644, #1667, .T. ) ;
#741 = CYLINDRICAL_SURFACE ( 'NONE', #1101, 3.500000000000003100 ) ;
#742 = ORIENTED_EDGE ( 'NONE', *, *, #1123, .T. ) ;
#743 = APPLICATION_PROTOCOL_DEFINITION ( 'draft international standard', 'automotive_design', 1998, #350 ) ;
#744 = VECTOR ( 'NONE', #1082, 1000.000000000000000 ) ;
#745 = SURFACE_STYLE_FILL_AREA ( #1152 ) ;
#746 = FILL_AREA_STYLE_COLOUR ( '', #1322 ) ;
#747 = ORIENTED_EDGE ( 'NONE', *, *, #1587, .T. ) ;
#748 = DIRECTION ( 'NONE',  ( 0.0000000000000000000, 1.000000000000000000, 0.0000000000000000000 ) ) ;
#749 = SURFACE_STYLE_FILL_AREA ( #1485 ) ;
#750 = DIRECTION ( 'NONE',  ( 0.0000000000000000000, 0.0000000000000000000, -1.000000000000000000 ) ) ;
#751 = DIRECTION ( 'NONE',  ( 0.0000000000000000000, 0.0000000000000000000, -1.000000000000000000 ) ) ;
#752 = VECTOR ( 'NONE', #1166, 1000.000000000000000 ) ;
#753 = CIRCLE ( 'NONE', #830, 1.650000000000002100 ) ;
#754 = FACE_BOUND ( 'NONE', #439, .T. ) ;
#755 = VECTOR ( 'NONE', #401, 1000.000000000000000 ) ;
#756 = AXIS2_PLACEMENT_3D ( 'NONE', #824, #428, #3 ) ;
#757 = CIRCLE ( 'NONE', #630, 3.500000000000003100 ) ;
#758 = CARTESIAN_POINT ( 'NONE',  ( 59.28097245096172000, 2.645390389996202800E-014, -78.00000000000000000 ) ) ;
#759 = PLANE ( 'NONE',  #1269 ) ;
#760 = ORIENTED_EDGE ( 'NONE', *, *, #506, .T. ) ;
#761 = ORIENTED_EDGE ( 'NONE', *, *, #839, .F. ) ;
#762 = DIRECTION ( 'NONE',  ( 0.0000000000000000000, -1.000000000000000000, -0.0000000000000000000 ) ) ;
#763 = EDGE_CURVE ( 'NONE', #642, #1421, #1230, .T. ) ;
#764 = CARTESIAN_POINT ( 'NONE',  ( 48.28097245096172700, 2.349745206604551000E-014, -70.61942946412395400 ) ) ;
#765 = ORIENTED_EDGE ( 'NONE', *, *, #1687, .F. ) ;
#766 = EDGE_CURVE ( 'NONE', #1375, #434, #57, .T. ) ;
#767 = CARTESIAN_POINT ( 'NONE',  ( 0.0000000000000000000, 0.0000000000000000000, 4.499999999999990200 ) ) ;
#768 = CARTESIAN_POINT ( 'NONE',  ( 48.28097245096172700, 2.089536685208030000E-014, -78.00000000000000000 ) ) ;
#769 =( NAMED_UNIT ( * ) SI_UNIT ( $, .STERADIAN. ) SOLID_ANGLE_UNIT ( ) );
#770 = FACE_BOUND ( 'NONE', #985, .T. ) ;
#771 = CIRCLE ( 'NONE', #665, 3.500000000000003100 ) ;
#772 = EDGE_CURVE ( 'NONE', #1666, #1261, #1280, .T. ) ;
#773 = DIRECTION ( 'NONE',  ( 5.053215498074302900E-016, -1.000000000000000000, 0.0000000000000000000 ) ) ;
#774 = VECTOR ( 'NONE', #725, 1000.000000000000000 ) ;
#775 = PRESENTATION_LAYER_ASSIGNMENT (  '', '', ( #1695 ) ) ;
#776 = DIRECTION ( 'NONE',  ( 0.0000000000000000000, 0.0000000000000000000, -1.000000000000000000 ) ) ;
#777 = CARTESIAN_POINT ( 'NONE',  ( -137.4999999999999700, 0.0000000000000000000, 12.69999999999999900 ) ) ;
#778 = DIRECTION ( 'NONE',  ( 0.0000000000000000000, 0.0000000000000000000, -1.000000000000000000 ) ) ;
#779 = STYLED_ITEM ( 'NONE', ( #1232 ), #1520 ) ;
#780 = CARTESIAN_POINT ( 'NONE',  ( 53.42097245096172700, 2.609480483205570900E-014, -43.85999999999999900 ) ) ;
#781 = ORIENTED_EDGE ( 'NONE', *, *, #22, .F. ) ;
#782 = CARTESIAN_POINT ( 'NONE',  ( -21.49999999999998200, -5.000000000000000000, 12.70000000000001000 ) ) ;
#783 = ORIENTED_EDGE ( 'NONE', *, *, #1674, .T. ) ;
#784 = ORIENTED_EDGE ( 'NONE', *, *, #1210, .T. ) ;
#785 = ORIENTED_EDGE ( 'NONE', *, *, #182, .F. ) ;
#786 =( GEOMETRIC_REPRESENTATION_CONTEXT ( 3 ) GLOBAL_UNCERTAINTY_ASSIGNED_CONTEXT ( ( #1627 ) ) GLOBAL_UNIT_ASSIGNED_CONTEXT ( ( #393, #645, #1312 ) ) REPRESENTATION_CONTEXT ( 'NONE', 'WORKASPACE' ) );
#787 = FILL_AREA_STYLE ('',( #1601 ) ) ;
#788 = VECTOR ( 'NONE', #902, 1000.000000000000100 ) ;
#789 =( NAMED_UNIT ( * ) PLANE_ANGLE_UNIT ( ) SI_UNIT ( $, .RADIAN. ) );
#790 = ORIENTED_EDGE ( 'NONE', *, *, #887, .T. ) ;
#791 = DIRECTION ( 'NONE',  ( 0.0000000000000000000, -1.000000000000000000, 0.0000000000000000000 ) ) ;
#792 = ORIENTED_EDGE ( 'NONE', *, *, #1744, .T. ) ;
#793 = CARTESIAN_POINT ( 'NONE',  ( -85.49999999999998600, 1.387778780781445700E-014, 12.49999999999999100 ) ) ;
#794 = FACE_BOUND ( 'NONE', #274, .T. ) ;
#795 = LINE ( 'NONE', #1357, #132 ) ;
#796 = DIRECTION ( 'NONE',  ( 0.0000000000000000000, 0.0000000000000000000, -1.000000000000000000 ) ) ;
#797 = CARTESIAN_POINT ( 'NONE',  ( -21.49999999999997900, 0.0000000000000000000, -12.69999999999997800 ) ) ;
#798 = CIRCLE ( 'NONE', #1017, 1.650000000000016100 ) ;
#799 = SURFACE_STYLE_USAGE ( .BOTH. , #1076 ) ;
#800 = PRODUCT_DEFINITION_CONTEXT ( 'detailed design', #350, 'design' ) ;
#801 = PRESENTATION_STYLE_ASSIGNMENT (( #799 ) ) ;
#802 = CARTESIAN_POINT ( 'NONE',  ( -137.4999999999999700, -5.000000000000000000, 14.35000000000001600 ) ) ;
#803 =( GEOMETRIC_REPRESENTATION_CONTEXT ( 3 ) GLOBAL_UNCERTAINTY_ASSIGNED_CONTEXT ( ( #158 ) ) GLOBAL_UNIT_ASSIGNED_CONTEXT ( ( #1012, #200, #1056 ) ) REPRESENTATION_CONTEXT ( 'NONE', 'WORKASPACE' ) );
#804 = DIRECTION ( 'NONE',  ( 0.0000000000000000000, 0.0000000000000000000, -1.000000000000000000 ) ) ;
#805 =( LENGTH_UNIT ( ) NAMED_UNIT ( * ) SI_UNIT ( .MILLI., .METRE. ) );
#806 = EDGE_CURVE ( 'NONE', #1238, #1221, #369, .T. ) ;
#807 = CARTESIAN_POINT ( 'NONE',  ( 30.28097245096172700, -4.999999999999987600, 20.00000000000000000 ) ) ;
#808 = CARTESIAN_POINT ( 'NONE',  ( 39.28097245096167700, 5.000000000000016900, 20.00000000000000000 ) ) ;
#809 = ADVANCED_BREP_SHAPE_REPRESENTATION ( 'Q235-5.0-BAN9-N12', ( #844, #1692 ), #1215 ) ;
#810 = EDGE_LOOP ( 'NONE', ( #225, #1199, #356, #814 ) ) ;
#811 = SURFACE_STYLE_USAGE ( .BOTH. , #964 ) ;
#812 = ORIENTED_EDGE ( 'NONE', *, *, #1402, .T. ) ;
#813 = FILL_AREA_STYLE_COLOUR ( '', #818 ) ;
#814 = ORIENTED_EDGE ( 'NONE', *, *, #1260, .F. ) ;
#815 = ADVANCED_FACE ( 'NONE', ( #1728 ), #161, .F. ) ;
#816 = CARTESIAN_POINT ( 'NONE',  ( -85.49999999999998600, 1.387778780781445700E-014, 4.499999999999990200 ) ) ;
#817 = STYLED_ITEM ( 'NONE', ( #928 ), #306 ) ;
#818 = COLOUR_RGB ( '',1.000000000000000000, 0.0000000000000000000, 0.0000000000000000000 ) ;
#819 = ORIENTED_EDGE ( 'NONE', *, *, #1064, .F. ) ;
#820 = PRESENTATION_LAYER_ASSIGNMENT (  '', '', ( #378 ) ) ;
#821 = EDGE_LOOP ( 'NONE', ( #222, #1679, #1576, #279 ) ) ;
#822 = ORIENTED_EDGE ( 'NONE', *, *, #1741, .F. ) ;
#823 = DIRECTION ( 'NONE',  ( -1.000000000000000000, -5.053215498074302900E-016, -0.0000000000000000000 ) ) ;
#824 = CARTESIAN_POINT ( 'NONE',  ( 1.780972450961718000, -2.602085213965210600E-015, -78.00000000000000000 ) ) ;
#825 = VECTOR ( 'NONE', #577, 1000.000000000000100 ) ;
#826 = DIRECTION ( 'NONE',  ( 0.0000000000000000000, 0.0000000000000000000, -1.000000000000000000 ) ) ;
#827 = VERTEX_POINT ( 'NONE', #715 ) ;
#828 = DIRECTION ( 'NONE',  ( 0.0000000000000000000, 0.0000000000000000000, -1.000000000000000000 ) ) ;
#829 = CARTESIAN_POINT ( 'NONE',  ( -137.4999999999999700, 53.00000000000000700, -14.35000000000001600 ) ) ;
#830 = AXIS2_PLACEMENT_3D ( 'NONE', #797, #1750, #940 ) ;
#831 = CARTESIAN_POINT ( 'NONE',  ( 53.42097245096172700, 2.609480483205570900E-014, -43.85999999999999900 ) ) ;
#832 = ADVANCED_FACE ( 'NONE', ( #326 ), #37, .F. ) ;
#833 = ORIENTED_EDGE ( 'NONE', *, *, #359, .F. ) ;
#834 = VERTEX_POINT ( 'NONE', #702 ) ;
#835 = ORIENTED_EDGE ( 'NONE', *, *, #1559, .F. ) ;
#836 = COLOUR_RGB ( '',1.000000000000000000, 0.0000000000000000000, 0.0000000000000000000 ) ;
#837 = DIRECTION ( 'NONE',  ( 5.053215498074302900E-016, -1.000000000000000000, 0.0000000000000000000 ) ) ;
#838 = DIRECTION ( 'NONE',  ( 0.0000000000000000000, 0.0000000000000000000, -1.000000000000000000 ) ) ;
#839 = EDGE_CURVE ( 'NONE', #1243, #540, #232, .T. ) ;
#840 = AXIS2_PLACEMENT_3D ( 'NONE', #233, #605, #215 ) ;
#841 = EDGE_CURVE ( 'NONE', #384, #1498, #1579, .T. ) ;
#842 = ADVANCED_FACE ( 'NONE', ( #926 ), #460, .F. ) ;
#843 = FACE_BOUND ( 'NONE', #97, .T. ) ;
#844 = MANIFOLD_SOLID_BREP ( '平板型式', #1675 ) ;
#845 = FACE_BOUND ( 'NONE', #954, .T. ) ;
#846 = PRODUCT_DEFINITION_FORMATION_WITH_SPECIFIED_SOURCE ( '任何', '', #1509, .NOT_KNOWN. ) ;
#847 = LINE ( 'NONE', #466, #1169 ) ;
#848 = EDGE_LOOP ( 'NONE', ( #822, #166, #248, #1411, #1590, #951, #1200, #33, #486, #1104, #1749, #988, #1367, #343, #453 ) ) ;
#849 = DIRECTION ( 'NONE',  ( -0.7071067811865509000, -3.573162945485313900E-016, 0.7071067811865442400 ) ) ;
#850 = AXIS2_PLACEMENT_3D ( 'NONE', #196, #1538, #1392 ) ;
#851 = DIRECTION ( 'NONE',  ( 5.053215498074302900E-016, -1.000000000000000000, 0.0000000000000000000 ) ) ;
#852 = ORIENTED_EDGE ( 'NONE', *, *, #1096, .T. ) ;
#853 = ORIENTED_EDGE ( 'NONE', *, *, #209, .T. ) ;
#854 = EDGE_LOOP ( 'NONE', ( #1026, #1515, #376, #144 ) ) ;
#855 = CARTESIAN_POINT ( 'NONE',  ( 59.28097245096172000, 2.645390389996202800E-014, 20.00000000000000000 ) ) ;
#856 = VERTEX_POINT ( 'NONE', #288 ) ;
#857 =( GEOMETRIC_REPRESENTATION_CONTEXT ( 3 ) GLOBAL_UNCERTAINTY_ASSIGNED_CONTEXT ( ( #327 ) ) GLOBAL_UNIT_ASSIGNED_CONTEXT ( ( #1097, #1354, #667 ) ) REPRESENTATION_CONTEXT ( 'NONE', 'WORKASPACE' ) );
#858 = CARTESIAN_POINT ( 'NONE',  ( -21.49999999999998200, 0.0000000000000000000, 12.70000000000001000 ) ) ;
#859 = EDGE_CURVE ( 'NONE', #417, #203, #1088, .T. ) ;
#860 = FILL_AREA_STYLE ('',( #723 ) ) ;
#861 = FACE_OUTER_BOUND ( 'NONE', #1425, .T. ) ;
#862 = DIRECTION ( 'NONE',  ( 0.0000000000000000000, -1.000000000000000000, -0.0000000000000000000 ) ) ;
#863 = SURFACE_STYLE_USAGE ( .BOTH. , #729 ) ;
#864 = EDGE_CURVE ( 'NONE', #856, #612, #708, .T. ) ;
#865 = ORIENTED_EDGE ( 'NONE', *, *, #1175, .T. ) ;
#866 = MECHANICAL_DESIGN_GEOMETRIC_PRESENTATION_REPRESENTATION (  '', ( #1150 ), #1040 ) ;
#867 = VERTEX_POINT ( 'NONE', #1500 ) ;
#868 = DIRECTION ( 'NONE',  ( 0.0000000000000000000, -1.000000000000000000, 0.0000000000000000000 ) ) ;
#869 = ORIENTED_EDGE ( 'NONE', *, *, #772, .F. ) ;
#870 = ORIENTED_EDGE ( 'NONE', *, *, #41, .F. ) ;
#871 = CARTESIAN_POINT ( 'NONE',  ( 25.14097245096173300, -4.999999999999987600, -68.63999999999998600 ) ) ;
#872 = AXIS2_PLACEMENT_3D ( 'NONE', #777, #927, #1463 ) ;
#873 =( NAMED_UNIT ( * ) PLANE_ANGLE_UNIT ( ) SI_UNIT ( $, .RADIAN. ) );
#874 = LINE ( 'NONE', #1730, #706 ) ;
#875 =( NAMED_UNIT ( * ) PLANE_ANGLE_UNIT ( ) SI_UNIT ( $, .RADIAN. ) );
#876 = LINE ( 'NONE', #423, #561 ) ;
#877 = AXIS2_PLACEMENT_3D ( 'NONE', #1672, #1279, #42 ) ;
#878 = CARTESIAN_POINT ( 'NONE',  ( 48.28097245096172700, -4.999999999999979600, 20.00000000000000000 ) ) ;
#879 = SURFACE_STYLE_FILL_AREA ( #1589 ) ;
#880 = EDGE_LOOP ( 'NONE', ( #792, #747, #1614, #495 ) ) ;
#881 = DIRECTION ( 'NONE',  ( 5.053215498074302900E-016, -1.000000000000000000, 0.0000000000000000000 ) ) ;
#882 = CARTESIAN_POINT ( 'NONE',  ( -136.9999999999999700, 0.0000000000000000000, 20.00000000000000000 ) ) ;
#883 = AXIS2_PLACEMENT_3D ( 'NONE', #1038, #1707, #1303 ) ;
#884 = ORIENTED_EDGE ( 'NONE', *, *, #299, .T. ) ;
#885 = DIRECTION ( 'NONE',  ( 0.0000000000000000000, 0.0000000000000000000, -1.000000000000000000 ) ) ;
#886 = ORIENTED_EDGE ( 'NONE', *, *, #471, .T. ) ;
#887 = EDGE_CURVE ( 'NONE', #1072, #1292, #176, .T. ) ;
#888 = VERTEX_POINT ( 'NONE', #684 ) ;
#889 = DIRECTION ( 'NONE',  ( 1.000000000000000000, 5.053215498074302900E-016, 0.0000000000000000000 ) ) ;
#890 = VERTEX_POINT ( 'NONE', #1639 ) ;
#891 = DIRECTION ( 'NONE',  ( 0.0000000000000000000, -1.000000000000000000, 0.0000000000000000000 ) ) ;
#892 = DIRECTION ( 'NONE',  ( -0.7071067811865441300, -3.573162945485279800E-016, 0.7071067811865507900 ) ) ;
#893 = ORIENTED_EDGE ( 'NONE', *, *, #497, .F. ) ;
#894 = DIRECTION ( 'NONE',  ( 0.0000000000000000000, 0.0000000000000000000, -1.000000000000000000 ) ) ;
#895 = AXIS2_PLACEMENT_3D ( 'NONE', #305, #1651, #1004 ) ;
#896 = SURFACE_SIDE_STYLE ('',( #745 ) ) ;
#897 = EDGE_CURVE ( 'NONE', #1533, #1421, #876, .T. ) ;
#898 = CARTESIAN_POINT ( 'NONE',  ( -85.49999999999998600, -5.000000000000000000, 4.499999999999990200 ) ) ;
#899 = LINE ( 'NONE', #197, #545 ) ;
#900 =( NAMED_UNIT ( * ) PLANE_ANGLE_UNIT ( ) SI_UNIT ( $, .RADIAN. ) );
#901 = UNCERTAINTY_MEASURE_WITH_UNIT (LENGTH_MEASURE( 1.000000000000000100E-005 ), #366, 'distance_accuracy_value', 'NONE');
#902 = DIRECTION ( 'NONE',  ( -0.7071067811865474600, -0.0000000000000000000, -0.7071067811865474600 ) ) ;
#903 = CYLINDRICAL_SURFACE ( 'NONE', #1638, 4.000000000000001800 ) ;
#904 = CARTESIAN_POINT ( 'NONE',  ( 59.28097245096172000, -4.999999999999974200, 20.00000000000000000 ) ) ;
#905 =( NAMED_UNIT ( * ) PLANE_ANGLE_UNIT ( ) SI_UNIT ( $, .RADIAN. ) );
#906 =( NAMED_UNIT ( * ) SI_UNIT ( $, .STERADIAN. ) SOLID_ANGLE_UNIT ( ) );
#907 = ORIENTED_EDGE ( 'NONE', *, *, #110, .F. ) ;
#908 = CARTESIAN_POINT ( 'NONE',  ( -85.49999999999998600, -5.000000000000000000, -12.50000000000001100 ) ) ;
#909 = DIRECTION ( 'NONE',  ( 0.0000000000000000000, -1.000000000000000000, 0.0000000000000000000 ) ) ;
#910 = DIRECTION ( 'NONE',  ( 0.0000000000000000000, 0.0000000000000000000, -1.000000000000000000 ) ) ;
#911 = SURFACE_STYLE_USAGE ( .BOTH. , #249 ) ;
#912 = STYLED_ITEM ( 'NONE', ( #1187 ), #842 ) ;
#913 = DIRECTION ( 'NONE',  ( -0.7071067811865441300, -3.573162945485279800E-016, -0.7071067811865507900 ) ) ;
#914 = ORIENTED_EDGE ( 'NONE', *, *, #1114, .F. ) ;
#915 = FACE_OUTER_BOUND ( 'NONE', #1700, .T. ) ;
#916 = ORIENTED_EDGE ( 'NONE', *, *, #1501, .F. ) ;
#917 = DIRECTION ( 'NONE',  ( 0.0000000000000000000, 0.0000000000000000000, -1.000000000000000000 ) ) ;
#918 = CARTESIAN_POINT ( 'NONE',  ( -137.4999999999999700, 0.0000000000000000000, 12.69999999999999900 ) ) ;
#919 = CYLINDRICAL_SURFACE ( 'NONE', #392, 4.000000000000000000 ) ;
#920 = DIRECTION ( 'NONE',  ( 0.0000000000000000000, 1.000000000000000000, 0.0000000000000000000 ) ) ;
#921 = ORIENTED_EDGE ( 'NONE', *, *, #994, .F. ) ;
#922 = DIRECTION ( 'NONE',  ( 0.0000000000000000000, 0.0000000000000000000, -1.000000000000000000 ) ) ;
#923 = LINE ( 'NONE', #758, #1751 ) ;
#924 =( NAMED_UNIT ( * ) PLANE_ANGLE_UNIT ( ) SI_UNIT ( $, .RADIAN. ) );
#925 = ORIENTED_EDGE ( 'NONE', *, *, #238, .T. ) ;
#926 = FACE_OUTER_BOUND ( 'NONE', #1318, .T. ) ;
#927 = DIRECTION ( 'NONE',  ( 0.0000000000000000000, -1.000000000000000000, 0.0000000000000000000 ) ) ;
#928 = PRESENTATION_STYLE_ASSIGNMENT (( #1497 ) ) ;
#929 = DIRECTION ( 'NONE',  ( 0.0000000000000000000, -1.000000000000000000, 0.0000000000000000000 ) ) ;
#930 = MECHANICAL_DESIGN_GEOMETRIC_PRESENTATION_REPRESENTATION (  '', ( #1443 ), #1206 ) ;
#931 =( LENGTH_UNIT ( ) NAMED_UNIT ( * ) SI_UNIT ( .MILLI., .METRE. ) );
#932 = FACE_BOUND ( 'NONE', #74, .T. ) ;
#933 = EDGE_CURVE ( 'NONE', #1401, #77, #81, .T. ) ;
#934 = DIRECTION ( 'NONE',  ( 0.0000000000000000000, 0.0000000000000000000, -1.000000000000000000 ) ) ;
#935 = EDGE_CURVE ( 'NONE', #726, #578, #1477, .T. ) ;
#936 = CIRCLE ( 'NONE', #287, 3.500000000000016900 ) ;
#937 = SURFACE_STYLE_USAGE ( .BOTH. , #388 ) ;
#938 = DIRECTION ( 'NONE',  ( 0.0000000000000000000, 0.0000000000000000000, -1.000000000000000000 ) ) ;
#939 = CARTESIAN_POINT ( 'NONE',  ( -137.4999999999999700, 0.0000000000000000000, -12.69999999999999900 ) ) ;
#940 = DIRECTION ( 'NONE',  ( 0.0000000000000000000, 0.0000000000000000000, -1.000000000000000000 ) ) ;
#941 = ORIENTED_EDGE ( 'NONE', *, *, #199, .F. ) ;
#942 = DIRECTION ( 'NONE',  ( 0.0000000000000000000, 0.0000000000000000000, -1.000000000000000000 ) ) ;
#943 = ORIENTED_EDGE ( 'NONE', *, *, #299, .F. ) ;
#944 = ORIENTED_EDGE ( 'NONE', *, *, #1119, .F. ) ;
#945 = PRESENTATION_LAYER_ASSIGNMENT (  '', '', ( #1524 ) ) ;
#946 = VERTEX_POINT ( 'NONE', #1731 ) ;
#947 = ORIENTED_EDGE ( 'NONE', *, *, #1708, .T. ) ;
#948 = UNCERTAINTY_MEASURE_WITH_UNIT (LENGTH_MEASURE( 1.000000000000000100E-005 ), #152, 'distance_accuracy_value', 'NONE');
#949 = DIRECTION ( 'NONE',  ( 5.053215498074302900E-016, -1.000000000000000000, 0.0000000000000000000 ) ) ;
#950 = CARTESIAN_POINT ( 'NONE',  ( -137.4999999999999700, -5.000000000000000000, -12.69999999999999900 ) ) ;
#951 = ORIENTED_EDGE ( 'NONE', *, *, #709, .F. ) ;
#952 = CARTESIAN_POINT ( 'NONE',  ( 59.28097245096172000, 2.645390389996202800E-014, -75.00000000000000000 ) ) ;
#953 = CARTESIAN_POINT ( 'NONE',  ( 30.28097245096172300, 1.179957895554655300E-014, -78.00000000000000000 ) ) ;
#954 = EDGE_LOOP ( 'NONE', ( #668, #613 ) ) ;
#955 =( NAMED_UNIT ( * ) SI_UNIT ( $, .STERADIAN. ) SOLID_ANGLE_UNIT ( ) );
#956 = ADVANCED_FACE ( 'NONE', ( #1161 ), #903, .F. ) ;
#957 = SURFACE_STYLE_FILL_AREA ( #1622 ) ;
#958 = DIRECTION ( 'NONE',  ( 0.0000000000000000000, 0.0000000000000000000, -1.000000000000000000 ) ) ;
#959 = VECTOR ( 'NONE', #1173, 1000.000000000000000 ) ;
#960 = CARTESIAN_POINT ( 'NONE',  ( 53.42097245096172700, -4.999999999999974200, -68.63999999999998600 ) ) ;
#961 = LINE ( 'NONE', #140, #584 ) ;
#962 = AXIS2_PLACEMENT_3D ( 'NONE', #353, #609, #219 ) ;
#963 = PLANE ( 'NONE',  #487 ) ;
#964 = SURFACE_SIDE_STYLE ('',( #957 ) ) ;
#965 =( LENGTH_UNIT ( ) NAMED_UNIT ( * ) SI_UNIT ( .MILLI., .METRE. ) );
#966 = EDGE_CURVE ( 'NONE', #612, #834, #365, .T. ) ;
#967 = DIRECTION ( 'NONE',  ( 0.0000000000000000000, -1.000000000000000000, 0.0000000000000000000 ) ) ;
#968 = DIRECTION ( 'NONE',  ( 0.0000000000000000000, -1.000000000000000000, -0.0000000000000000000 ) ) ;
#969 = VERTEX_POINT ( 'NONE', #1332 ) ;
#970 = DIRECTION ( 'NONE',  ( 0.0000000000000000000, -1.000000000000000000, -0.0000000000000000000 ) ) ;
#971 = ORIENTED_EDGE ( 'NONE', *, *, #710, .T. ) ;
#972 = EDGE_CURVE ( 'NONE', #227, #726, #330, .T. ) ;
#973 = ORIENTED_EDGE ( 'NONE', *, *, #479, .F. ) ;
#974 = AXIS2_PLACEMENT_3D ( 'NONE', #1694, #414, #1360 ) ;
#975 = ADVANCED_FACE ( 'NONE', ( #1213 ), #111, .F. ) ;
#976 = FACE_OUTER_BOUND ( 'NONE', #1717, .T. ) ;
#977 = CYLINDRICAL_SURFACE ( 'NONE', #186, 3.500000000000003100 ) ;
#978 =( GEOMETRIC_REPRESENTATION_CONTEXT ( 3 ) GLOBAL_UNCERTAINTY_ASSIGNED_CONTEXT ( ( #1536 ) ) GLOBAL_UNIT_ASSIGNED_CONTEXT ( ( #1148, #996, #351 ) ) REPRESENTATION_CONTEXT ( 'NONE', 'WORKASPACE' ) );
#979 = FACE_OUTER_BOUND ( 'NONE', #334, .T. ) ;
#980 = DIRECTION ( 'NONE',  ( 1.000000000000000000, 5.053215498074302900E-016, -0.0000000000000000000 ) ) ;
#981 = CARTESIAN_POINT ( 'NONE',  ( 25.14097245096171900, -4.999999999999987600, -43.85999999999999900 ) ) ;
#982 = VECTOR ( 'NONE', #1252, 1000.000000000000000 ) ;
#983 = AXIS2_PLACEMENT_3D ( 'NONE', #1397, #1690, #66 ) ;
#984 = CARTESIAN_POINT ( 'NONE',  ( -137.4999999999999700, -5.000000000000000000, -14.35000000000001600 ) ) ;
#985 = EDGE_LOOP ( 'NONE', ( #181, #869, #168, #405 ) ) ;
#986 = DIRECTION ( 'NONE',  ( 0.0000000000000000000, 0.0000000000000000000, -1.000000000000000000 ) ) ;
#987 = ADVANCED_FACE ( 'NONE', ( #716 ), #637, .F. ) ;
#988 = ORIENTED_EDGE ( 'NONE', *, *, #1744, .F. ) ;
#989 = VECTOR ( 'NONE', #1323, 1000.000000000000000 ) ;
#990 = STYLED_ITEM ( 'NONE', ( #195 ), #424 ) ;
#991 = CARTESIAN_POINT ( 'NONE',  ( 25.14097245096171600, -4.999999999999987600, -40.35999999999999200 ) ) ;
#992 = ORIENTED_EDGE ( 'NONE', *, *, #1370, .F. ) ;
#993 = EDGE_CURVE ( 'NONE', #335, #888, #289, .T. ) ;
#994 = EDGE_CURVE ( 'NONE', #1037, #317, #757, .T. ) ;
#995 = SURFACE_STYLE_FILL_AREA ( #256 ) ;
#996 =( NAMED_UNIT ( * ) PLANE_ANGLE_UNIT ( ) SI_UNIT ( $, .RADIAN. ) );
#997 = VECTOR ( 'NONE', #1058, 1000.000000000000000 ) ;
#998 = VECTOR ( 'NONE', #640, 1000.000000000000100 ) ;
#999 = CYLINDRICAL_SURFACE ( 'NONE', #1423, 1.650000000000002100 ) ;
#1000 = LINE ( 'NONE', #669, #155 ) ;
#1001 = DIRECTION ( 'NONE',  ( 0.0000000000000000000, -1.000000000000000000, 0.0000000000000000000 ) ) ;
#1002 = EDGE_LOOP ( 'NONE', ( #1615, #760, #1640, #1117 ) ) ;
#1003 = UNCERTAINTY_MEASURE_WITH_UNIT (LENGTH_MEASURE( 1.000000000000000100E-005 ), #1466, 'distance_accuracy_value', 'NONE');
#1004 = DIRECTION ( 'NONE',  ( 0.0000000000000000000, 0.0000000000000000000, -1.000000000000000000 ) ) ;
#1005 = EDGE_CURVE ( 'NONE', #1381, #1270, #961, .T. ) ;
#1006 = CARTESIAN_POINT ( 'NONE',  ( 19.28097245096172300, -4.999999999999993800, -20.00000000000000000 ) ) ;
#1007 = DIRECTION ( 'NONE',  ( 0.0000000000000000000, -1.000000000000000000, 0.0000000000000000000 ) ) ;
#1008 =( GEOMETRIC_REPRESENTATION_CONTEXT ( 3 ) GLOBAL_UNCERTAINTY_ASSIGNED_CONTEXT ( ( #1273 ) ) GLOBAL_UNIT_ASSIGNED_CONTEXT ( ( #92, #1163, #358 ) ) REPRESENTATION_CONTEXT ( 'NONE', 'WORKASPACE' ) );
#1009 = FILL_AREA_STYLE_COLOUR ( '', #1126 ) ;
#1010 = ORIENTED_EDGE ( 'NONE', *, *, #1024, .T. ) ;
#1011 = ORIENTED_EDGE ( 'NONE', *, *, #680, .T. ) ;
#1012 =( LENGTH_UNIT ( ) NAMED_UNIT ( * ) SI_UNIT ( .MILLI., .METRE. ) );
#1013 = LINE ( 'NONE', #654, #744 ) ;
#1014 = VERTEX_POINT ( 'NONE', #952 ) ;
#1015 = SURFACE_STYLE_USAGE ( .BOTH. , #201 ) ;
#1016 = VECTOR ( 'NONE', #1413, 1000.000000000000000 ) ;
#1017 = AXIS2_PLACEMENT_3D ( 'NONE', #557, #1245, #885 ) ;
#1018 = CYLINDRICAL_SURFACE ( 'NONE', #1650, 3.500000000000016900 ) ;
#1019 = SURFACE_STYLE_FILL_AREA ( #61 ) ;
#1020 = CARTESIAN_POINT ( 'NONE',  ( 53.42097245096172700, 2.609480483205570900E-014, -72.14000000000000100 ) ) ;
#1021 =( NAMED_UNIT ( * ) PLANE_ANGLE_UNIT ( ) SI_UNIT ( $, .RADIAN. ) );
#1022 = EDGE_CURVE ( 'NONE', #1381, #1401, #1391, .T. ) ;
#1023 = DIRECTION ( 'NONE',  ( 5.053215498074302900E-016, -1.000000000000000000, 0.0000000000000000000 ) ) ;
#1024 = EDGE_CURVE ( 'NONE', #1552, #1533, #373, .T. ) ;
#1025 = DIRECTION ( 'NONE',  ( 1.000000000000000000, 0.0000000000000000000, 0.0000000000000000000 ) ) ;
#1026 = ORIENTED_EDGE ( 'NONE', *, *, #897, .T. ) ;
#1027 = FILL_AREA_STYLE ('',( #1171 ) ) ;
#1028 = VERTEX_POINT ( 'NONE', #960 ) ;
#1029 = LINE ( 'NONE', #871, #206 ) ;
#1030 = PLANE ( 'NONE',  #141 ) ;
#1031 = ORIENTED_EDGE ( 'NONE', *, *, #333, .T. ) ;
#1032 = LINE ( 'NONE', #122, #1316 ) ;
#1033 = VERTEX_POINT ( 'NONE', #13 ) ;
#1034 = PLANE ( 'NONE',  #840 ) ;
#1035 = ORIENTED_EDGE ( 'NONE', *, *, #41, .T. ) ;
#1036 = DIRECTION ( 'NONE',  ( 1.000000000000000000, 0.0000000000000000000, 0.0000000000000000000 ) ) ;
#1037 = VERTEX_POINT ( 'NONE', #278 ) ;
#1038 = CARTESIAN_POINT ( 'NONE',  ( -90.50000000000000000, -5.000000000000000000, 8.499999999999989300 ) ) ;
#1039 = ORIENTED_EDGE ( 'NONE', *, *, #1708, .F. ) ;
#1040 =( GEOMETRIC_REPRESENTATION_CONTEXT ( 3 ) GLOBAL_UNCERTAINTY_ASSIGNED_CONTEXT ( ( #137 ) ) GLOBAL_UNIT_ASSIGNED_CONTEXT ( ( #931, #1591, #1077 ) ) REPRESENTATION_CONTEXT ( 'NONE', 'WORKASPACE' ) );
#1041 = PRESENTATION_STYLE_ASSIGNMENT (( #513 ) ) ;
#1042 = VECTOR ( 'NONE', #1090, 1000.000000000000000 ) ;
#1043 = PRODUCT_CONTEXT ( 'NONE', #611, 'mechanical' ) ;
#1044 = CIRCLE ( 'NONE', #1550, 4.000000000000000000 ) ;
#1045 = PRESENTATION_STYLE_ASSIGNMENT (( #128 ) ) ;
#1046 = CARTESIAN_POINT ( 'NONE',  ( 25.14097245096173000, 1.180431140350157900E-014, -75.64000000000002900 ) ) ;
#1047 = UNCERTAINTY_MEASURE_WITH_UNIT (LENGTH_MEASURE( 1.000000000000000100E-005 ), #5, 'distance_accuracy_value', 'NONE');
#1048 = DIRECTION ( 'NONE',  ( 5.053215498074302900E-016, -1.000000000000000000, 0.0000000000000000000 ) ) ;
#1049 = DIRECTION ( 'NONE',  ( 1.000000000000000000, 5.053215498074302900E-016, 0.0000000000000000000 ) ) ;
#1050 = AXIS2_PLACEMENT_3D ( 'NONE', #1020, #1185, #477 ) ;
#1051 = CARTESIAN_POINT ( 'NONE',  ( -90.50000000000000000, 53.00000000000000700, -12.50000000000001400 ) ) ;
#1052 = CARTESIAN_POINT ( 'NONE',  ( 19.28097245096172000, 6.241041907664820800E-015, -78.00000000000000000 ) ) ;
#1053 = EDGE_CURVE ( 'NONE', #1072, #1572, #1000, .T. ) ;
#1054 = ORIENTED_EDGE ( 'NONE', *, *, #1096, .F. ) ;
#1055 = CARTESIAN_POINT ( 'NONE',  ( -136.9999999999999700, 4.999999999999999100, -20.00000000000000000 ) ) ;
#1056 =( NAMED_UNIT ( * ) SI_UNIT ( $, .STERADIAN. ) SOLID_ANGLE_UNIT ( ) );
#1057 = ORIENTED_EDGE ( 'NONE', *, *, #690, .F. ) ;
#1058 = DIRECTION ( 'NONE',  ( -5.053215498074302900E-016, 1.000000000000000000, 0.0000000000000000000 ) ) ;
#1059 = LINE ( 'NONE', #290, #339 ) ;
#1060 = VERTEX_POINT ( 'NONE', #816 ) ;
#1061 = CIRCLE ( 'NONE', #90, 1.650000000000002100 ) ;
#1062 = CARTESIAN_POINT ( 'NONE',  ( 25.14097245096173300, -4.999999999999987600, -75.64000000000002900 ) ) ;
#1063 =( LENGTH_UNIT ( ) NAMED_UNIT ( * ) SI_UNIT ( .MILLI., .METRE. ) );
#1064 = EDGE_CURVE ( 'NONE', #517, #1277, #2, .T. ) ;
#1065 = EDGE_CURVE ( 'NONE', #1644, #188, #936, .T. ) ;
#1066 = CARTESIAN_POINT ( 'NONE',  ( -137.4999999999999700, 53.00000000000000700, 12.69999999999999900 ) ) ;
#1067 = FACE_BOUND ( 'NONE', #1299, .T. ) ;
#1068 = FACE_OUTER_BOUND ( 'NONE', #280, .T. ) ;
#1069 = MECHANICAL_DESIGN_GEOMETRIC_PRESENTATION_REPRESENTATION (  '', ( #378 ), #1186 ) ;
#1070 = CARTESIAN_POINT ( 'NONE',  ( -88.50000000000038400, -5.000000000000000000, -68.49999999999990100 ) ) ;
#1071 =( NAMED_UNIT ( * ) SI_UNIT ( $, .STERADIAN. ) SOLID_ANGLE_UNIT ( ) );
#1072 = VERTEX_POINT ( 'NONE', #1342 ) ;
#1073 = CARTESIAN_POINT ( 'NONE',  ( -85.49999999999998600, -5.000000000000000000, -4.500000000000010700 ) ) ;
#1074 = PRESENTATION_LAYER_ASSIGNMENT (  '', '', ( #779 ) ) ;
#1075 = DIRECTION ( 'NONE',  ( -0.7071067811865485700, -3.573162945485302000E-016, 0.7071067811865465700 ) ) ;
#1076 = SURFACE_SIDE_STYLE ('',( #879 ) ) ;
#1077 =( NAMED_UNIT ( * ) SI_UNIT ( $, .STERADIAN. ) SOLID_ANGLE_UNIT ( ) );
#1078 = PRESENTATION_LAYER_ASSIGNMENT (  '', '', ( #464 ) ) ;
#1079 = ORIENTED_EDGE ( 'NONE', *, *, #1747, .F. ) ;
#1080 = ORIENTED_EDGE ( 'NONE', *, *, #1022, .F. ) ;
#1081 = ORIENTED_EDGE ( 'NONE', *, *, #182, .T. ) ;
#1082 = DIRECTION ( 'NONE',  ( 5.053215498074302900E-016, -1.000000000000000000, 0.0000000000000000000 ) ) ;
#1083 = FILL_AREA_STYLE_COLOUR ( '', #1753 ) ;
#1084 = CARTESIAN_POINT ( 'NONE',  ( 39.28097245096167700, -4.999999999999984000, 20.00000000000000000 ) ) ;
#1085 = ORIENTED_EDGE ( 'NONE', *, *, #841, .T. ) ;
#1086 = LINE ( 'NONE', #1193, #728 ) ;
#1087 = SURFACE_SIDE_STYLE ('',( #1430 ) ) ;
#1088 = LINE ( 'NONE', #297, #1386 ) ;
#1089 = DIRECTION ( 'NONE',  ( -5.053215498074302900E-016, 1.000000000000000000, 0.0000000000000000000 ) ) ;
#1090 = DIRECTION ( 'NONE',  ( 5.053215498074302900E-016, -1.000000000000000000, 0.0000000000000000000 ) ) ;
#1091 = DIRECTION ( 'NONE',  ( 5.053215498074302900E-016, -1.000000000000000000, 0.0000000000000000000 ) ) ;
#1092 = SURFACE_STYLE_FILL_AREA ( #787 ) ;
#1093 = PRESENTATION_LAYER_ASSIGNMENT (  '', '', ( #415 ) ) ;
#1094 = VECTOR ( 'NONE', #398, 1000.000000000000000 ) ;
#1095 = CYLINDRICAL_SURFACE ( 'NONE', #1271, 3.500000000000003100 ) ;
#1096 = EDGE_CURVE ( 'NONE', #1292, #517, #503, .T. ) ;
#1097 =( LENGTH_UNIT ( ) NAMED_UNIT ( * ) SI_UNIT ( .MILLI., .METRE. ) );
#1098 = ADVANCED_FACE ( 'NONE', ( #861 ), #1568, .F. ) ;
#1099 = CARTESIAN_POINT ( 'NONE',  ( -21.49999999999997900, -5.000000000000000000, -11.04999999999997600 ) ) ;
#1100 = PRESENTATION_LAYER_ASSIGNMENT (  '', '', ( #481 ) ) ;
#1101 = AXIS2_PLACEMENT_3D ( 'NONE', #601, #491, #1181 ) ;
#1102 = ORIENTED_EDGE ( 'NONE', *, *, #1624, .F. ) ;
#1103 = AXIS2_PLACEMENT_3D ( 'NONE', #599, #868, #344 ) ;
#1104 = ORIENTED_EDGE ( 'NONE', *, *, #1149, .T. ) ;
#1105 = ADVANCED_FACE ( 'NONE', ( #1528 ), #1234, .F. ) ;
#1106 = DIRECTION ( 'NONE',  ( 0.0000000000000000000, 0.0000000000000000000, -1.000000000000000000 ) ) ;
#1107 = ORIENTED_EDGE ( 'NONE', *, *, #972, .F. ) ;
#1108 = UNCERTAINTY_MEASURE_WITH_UNIT (LENGTH_MEASURE( 1.000000000000000100E-005 ), #504, 'distance_accuracy_value', 'NONE');
#1109 = PRESENTATION_STYLE_ASSIGNMENT (( #655 ) ) ;
#1110 = DIRECTION ( 'NONE',  ( 0.0000000000000000000, 0.0000000000000000000, -1.000000000000000000 ) ) ;
#1111 = LINE ( 'NONE', #483, #624 ) ;
#1112 = COLOUR_RGB ( '',1.000000000000000000, 0.0000000000000000000, 0.0000000000000000000 ) ;
#1113 = COLOUR_RGB ( '',1.000000000000000000, 0.0000000000000000000, 0.0000000000000000000 ) ;
#1114 = EDGE_CURVE ( 'NONE', #1378, #1469, #1189, .T. ) ;
#1115 = ORIENTED_EDGE ( 'NONE', *, *, #475, .T. ) ;
#1116 = CARTESIAN_POINT ( 'NONE',  ( 25.14097245096171600, 1.180431140350157100E-014, -43.85999999999999900 ) ) ;
#1117 = ORIENTED_EDGE ( 'NONE', *, *, #394, .T. ) ;
#1118 = VECTOR ( 'NONE', #96, 1000.000000000000000 ) ;
#1119 = EDGE_CURVE ( 'NONE', #1221, #1551, #262, .T. ) ;
#1120 = ORIENTED_EDGE ( 'NONE', *, *, #452, .T. ) ;
#1121 = ORIENTED_EDGE ( 'NONE', *, *, #1288, .T. ) ;
#1122 = LINE ( 'NONE', #1603, #1472 ) ;
#1123 = EDGE_CURVE ( 'NONE', #77, #1270, #1331, .T. ) ;
#1124 = ORIENTED_EDGE ( 'NONE', *, *, #1022, .T. ) ;
#1125 = LINE ( 'NONE', #1051, #959 ) ;
#1126 = COLOUR_RGB ( '',1.000000000000000000, 0.0000000000000000000, 0.0000000000000000000 ) ;
#1127 = PRESENTATION_LAYER_ASSIGNMENT (  '', '', ( #1246 ) ) ;
#1128 = FACE_BOUND ( 'NONE', #224, .T. ) ;
#1129 = VECTOR ( 'NONE', #521, 1000.000000000000000 ) ;
#1130 = VECTOR ( 'NONE', #115, 1000.000000000000000 ) ;
#1131 = MECHANICAL_DESIGN_GEOMETRIC_PRESENTATION_REPRESENTATION (  '', ( #912 ), #341 ) ;
#1132 =( NAMED_UNIT ( * ) PLANE_ANGLE_UNIT ( ) SI_UNIT ( $, .RADIAN. ) );
#1133 = UNCERTAINTY_MEASURE_WITH_UNIT (LENGTH_MEASURE( 1.000000000000000100E-005 ), #1540, 'distance_accuracy_value', 'NONE');
#1134 = ORIENTED_EDGE ( 'NONE', *, *, #719, .T. ) ;
#1135 = DIRECTION ( 'NONE',  ( 5.053215498074302900E-016, -1.000000000000000000, 0.0000000000000000000 ) ) ;
#1136 = ORIENTED_EDGE ( 'NONE', *, *, #570, .F. ) ;
#1137 = CARTESIAN_POINT ( 'NONE',  ( 25.14097245096171600, 1.180431140350157100E-014, -47.35999999999999900 ) ) ;
#1138 = EDGE_LOOP ( 'NONE', ( #1702, #656, #397, #187 ) ) ;
#1139 = MECHANICAL_DESIGN_GEOMETRIC_PRESENTATION_REPRESENTATION (  '', ( #331 ), #1255 ) ;
#1140 = ORIENTED_EDGE ( 'NONE', *, *, #1562, .T. ) ;
#1141 = EDGE_CURVE ( 'NONE', #1551, #1314, #1611, .T. ) ;
#1142 = SURFACE_STYLE_USAGE ( .BOTH. , #585 ) ;
#1143 = CARTESIAN_POINT ( 'NONE',  ( 56.28097245096174800, 2.493793925053975400E-014, -78.00000000000000000 ) ) ;
#1144 = FACE_OUTER_BOUND ( 'NONE', #146, .T. ) ;
#1145 = LINE ( 'NONE', #1726, #1328 ) ;
#1146 = CARTESIAN_POINT ( 'NONE',  ( 59.28097245096172000, 2.645390389996202800E-014, 20.00000000000000000 ) ) ;
#1147 = ORIENTED_EDGE ( 'NONE', *, *, #273, .F. ) ;
#1148 =( LENGTH_UNIT ( ) NAMED_UNIT ( * ) SI_UNIT ( .MILLI., .METRE. ) );
#1149 = EDGE_CURVE ( 'NONE', #1419, #1014, #217, .T. ) ;
#1150 = STYLED_ITEM ( 'NONE', ( #1304 ), #1244 ) ;
#1151 = UNCERTAINTY_MEASURE_WITH_UNIT (LENGTH_MEASURE( 1.000000000000000100E-005 ), #805, 'distance_accuracy_value', 'NONE');
#1152 = FILL_AREA_STYLE ('',( #1575 ) ) ;
#1153 = FILL_AREA_STYLE_COLOUR ( '', #236 ) ;
#1154 = CARTESIAN_POINT ( 'NONE',  ( 25.14097245096171900, -4.999999999999987600, -43.85999999999999900 ) ) ;
#1155 = EDGE_LOOP ( 'NONE', ( #1645, #296, #727, #1663 ) ) ;
#1156 = AXIS2_PLACEMENT_3D ( 'NONE', #918, #1722, #938 ) ;
#1157 = FACE_OUTER_BOUND ( 'NONE', #1155, .T. ) ;
#1158 = ORIENTED_EDGE ( 'NONE', *, *, #416, .T. ) ;
#1159 = SURFACE_STYLE_FILL_AREA ( #1736 ) ;
#1160 = EDGE_LOOP ( 'NONE', ( #70, #1698, #1306, #419 ) ) ;
#1161 = FACE_OUTER_BOUND ( 'NONE', #1716, .T. ) ;
#1162 = CARTESIAN_POINT ( 'NONE',  ( -85.49999999999998600, 53.00000000000000700, -12.50000000000001100 ) ) ;
#1163 =( NAMED_UNIT ( * ) PLANE_ANGLE_UNIT ( ) SI_UNIT ( $, .RADIAN. ) );
#1164 = CIRCLE ( 'NONE', #67, 3.500000000000016900 ) ;
#1165 = SURFACE_STYLE_FILL_AREA ( #43 ) ;
#1166 = DIRECTION ( 'NONE',  ( 0.0000000000000000000, -1.000000000000000000, -0.0000000000000000000 ) ) ;
#1167 = FACE_BOUND ( 'NONE', #1253, .T. ) ;
#1168 = SURFACE_STYLE_FILL_AREA ( #1027 ) ;
#1169 = VECTOR ( 'NONE', #44, 1000.000000000000000 ) ;
#1170 = CARTESIAN_POINT ( 'NONE',  ( 25.14097245096173000, 1.180431140350157900E-014, -72.14000000000001500 ) ) ;
#1171 = FILL_AREA_STYLE_COLOUR ( '', #1733 ) ;
#1172 =( GEOMETRIC_REPRESENTATION_CONTEXT ( 3 ) GLOBAL_UNCERTAINTY_ASSIGNED_CONTEXT ( ( #1133 ) ) GLOBAL_UNIT_ASSIGNED_CONTEXT ( ( #1540, #900, #906 ) ) REPRESENTATION_CONTEXT ( 'NONE', 'WORKASPACE' ) );
#1173 = DIRECTION ( 'NONE',  ( 0.0000000000000000000, -1.000000000000000000, -0.0000000000000000000 ) ) ;
#1174 = SURFACE_SIDE_STYLE ('',( #1296 ) ) ;
#1175 = EDGE_CURVE ( 'NONE', #1375, #1037, #847, .T. ) ;
#1176 = ORIENTED_EDGE ( 'NONE', *, *, #183, .T. ) ;
#1177 =( NAMED_UNIT ( * ) SI_UNIT ( $, .STERADIAN. ) SOLID_ANGLE_UNIT ( ) );
#1178 = CARTESIAN_POINT ( 'NONE',  ( 30.28097245096172300, 1.440166416951176400E-014, -70.61942946412395400 ) ) ;
#1179 = EDGE_LOOP ( 'NONE', ( #619, #1553 ) ) ;
#1180 = ORIENTED_EDGE ( 'NONE', *, *, #22, .T. ) ;
#1181 = DIRECTION ( 'NONE',  ( 0.0000000000000000000, 0.0000000000000000000, -1.000000000000000000 ) ) ;
#1182 = AXIS2_PLACEMENT_3D ( 'NONE', #981, #1657, #1458 ) ;
#1183 = DIRECTION ( 'NONE',  ( 0.0000000000000000000, 0.0000000000000000000, -1.000000000000000000 ) ) ;
#1184 = ORIENTED_EDGE ( 'NONE', *, *, #591, .T. ) ;
#1185 = DIRECTION ( 'NONE',  ( 5.053215498074302900E-016, -1.000000000000000000, 0.0000000000000000000 ) ) ;
#1186 =( GEOMETRIC_REPRESENTATION_CONTEXT ( 3 ) GLOBAL_UNCERTAINTY_ASSIGNED_CONTEXT ( ( #100 ) ) GLOBAL_UNIT_ASSIGNED_CONTEXT ( ( #117, #1201, #1177 ) ) REPRESENTATION_CONTEXT ( 'NONE', 'WORKASPACE' ) );
#1187 = PRESENTATION_STYLE_ASSIGNMENT (( #811 ) ) ;
#1188 = CARTESIAN_POINT ( 'NONE',  ( 53.42097245096172700, -4.999999999999974200, -68.63999999999998600 ) ) ;
#1189 = CIRCLE ( 'NONE', #241, 1.650000000000016100 ) ;
#1190 =( NAMED_UNIT ( * ) SI_UNIT ( $, .STERADIAN. ) SOLID_ANGLE_UNIT ( ) );
#1191 = CARTESIAN_POINT ( 'NONE',  ( -21.49999999999998200, 0.0000000000000000000, 14.35000000000001200 ) ) ;
#1192 = DIRECTION ( 'NONE',  ( 1.000000000000000000, 5.053215498074302900E-016, -0.0000000000000000000 ) ) ;
#1193 = CARTESIAN_POINT ( 'NONE',  ( 59.28097245096172000, -4.999999999999974200, -78.00000000000000000 ) ) ;
#1194 = MECHANICAL_DESIGN_GEOMETRIC_PRESENTATION_REPRESENTATION (  '', ( #817 ), #857 ) ;
#1195 = CARTESIAN_POINT ( 'NONE',  ( -142.0000000000000000, 0.0000000000000000000, 14.99999999999999600 ) ) ;
#1196 = DIRECTION ( 'NONE',  ( 0.7071067811865455700, -0.0000000000000000000, -0.7071067811865493500 ) ) ;
#1197 = EDGE_LOOP ( 'NONE', ( #272, #1176, #459, #944 ) ) ;
#1198 = ORIENTED_EDGE ( 'NONE', *, *, #180, .F. ) ;
#1199 = ORIENTED_EDGE ( 'NONE', *, *, #18, .T. ) ;
#1200 = ORIENTED_EDGE ( 'NONE', *, *, #570, .T. ) ;
#1201 =( NAMED_UNIT ( * ) PLANE_ANGLE_UNIT ( ) SI_UNIT ( $, .RADIAN. ) );
#1202 = FACE_OUTER_BOUND ( 'NONE', #810, .T. ) ;
#1203 = DIRECTION ( 'NONE',  ( 0.0000000000000000000, 0.0000000000000000000, -1.000000000000000000 ) ) ;
#1204 = CARTESIAN_POINT ( 'NONE',  ( -85.49999999999998600, 1.387778780781445700E-014, -4.500000000000010700 ) ) ;
#1205 = CARTESIAN_POINT ( 'NONE',  ( -90.50000000000000000, 53.00000000000000700, -8.500000000000012400 ) ) ;
#1206 =( GEOMETRIC_REPRESENTATION_CONTEXT ( 3 ) GLOBAL_UNCERTAINTY_ASSIGNED_CONTEXT ( ( #1254 ) ) GLOBAL_UNIT_ASSIGNED_CONTEXT ( ( #631, #789, #1580 ) ) REPRESENTATION_CONTEXT ( 'NONE', 'WORKASPACE' ) );
#1207 = CARTESIAN_POINT ( 'NONE',  ( 48.28097245096172700, 2.089536685208030000E-014, 20.00000000000000000 ) ) ;
#1208 = FILL_AREA_STYLE ('',( #1735 ) ) ;
#1209 = FACE_BOUND ( 'NONE', #682, .T. ) ;
#1210 = EDGE_CURVE ( 'NONE', #143, #834, #329, .T. ) ;
#1211 = CARTESIAN_POINT ( 'NONE',  ( 6.780972450961714400, 5.000000000000000000, -20.00000000000000000 ) ) ;
#1212 =( NAMED_UNIT ( * ) PLANE_ANGLE_UNIT ( ) SI_UNIT ( $, .RADIAN. ) );
#1213 = FACE_OUTER_BOUND ( 'NONE', #1160, .T. ) ;
#1214 = CARTESIAN_POINT ( 'NONE',  ( -3.219027549038284700, 4.999999999999994700, 20.00000000000000000 ) ) ;
#1215 =( GEOMETRIC_REPRESENTATION_CONTEXT ( 3 ) GLOBAL_UNCERTAINTY_ASSIGNED_CONTEXT ( ( #901 ) ) GLOBAL_UNIT_ASSIGNED_CONTEXT ( ( #366, #873, #1283 ) ) REPRESENTATION_CONTEXT ( 'NONE', 'WORKASPACE' ) );
#1216 = EDGE_CURVE ( 'NONE', #867, #890, #1688, .T. ) ;
#1217 = DIRECTION ( 'NONE',  ( -5.053215498074302900E-016, 1.000000000000000000, -0.0000000000000000000 ) ) ;
#1218 = AXIS2_PLACEMENT_3D ( 'NONE', #858, #1007, #63 ) ;
#1219 = ORIENTED_EDGE ( 'NONE', *, *, #234, .F. ) ;
#1220 = ADVANCED_FACE ( 'NONE', ( #1669 ), #1557, .F. ) ;
#1221 = VERTEX_POINT ( 'NONE', #1137 ) ;
#1222 = VERTEX_POINT ( 'NONE', #1143 ) ;
#1223 = ORIENTED_EDGE ( 'NONE', *, *, #1149, .F. ) ;
#1224 = ORIENTED_EDGE ( 'NONE', *, *, #719, .F. ) ;
#1225 =( NAMED_UNIT ( * ) PLANE_ANGLE_UNIT ( ) SI_UNIT ( $, .RADIAN. ) );
#1226 = ORIENTED_EDGE ( 'NONE', *, *, #1562, .F. ) ;
#1227 = CARTESIAN_POINT ( 'NONE',  ( 59.28097245096172000, 2.645390389996202800E-014, 1.040834085586084300E-014 ) ) ;
#1228 = ADVANCED_FACE ( 'NONE', ( #1484 ), #999, .F. ) ;
#1229 = UNCERTAINTY_MEASURE_WITH_UNIT (LENGTH_MEASURE( 1.000000000000000100E-005 ), #1588, 'distance_accuracy_value', 'NONE');
#1230 = CIRCLE ( 'NONE', #348, 4.000000000000000000 ) ;
#1231 = AXIS2_PLACEMENT_3D ( 'NONE', #1066, #129, #934 ) ;
#1232 = PRESENTATION_STYLE_ASSIGNMENT (( #1015 ) ) ;
#1233 = EDGE_CURVE ( 'NONE', #946, #969, #1347, .T. ) ;
#1234 = CYLINDRICAL_SURFACE ( 'NONE', #1352, 3.500000000000003100 ) ;
#1235 = SURFACE_SIDE_STYLE ('',( #1380 ) ) ;
#1236 = CARTESIAN_POINT ( 'NONE',  ( -137.4999999999999700, 53.00000000000000700, 14.35000000000001600 ) ) ;
#1237 = ADVANCED_FACE ( 'NONE', ( #1655 ), #1705, .F. ) ;
#1238 = VERTEX_POINT ( 'NONE', #367 ) ;
#1239 = CARTESIAN_POINT ( 'NONE',  ( 30.28097245096172700, -4.999999999999999100, -70.61942946412395400 ) ) ;
#1240 = ORIENTED_EDGE ( 'NONE', *, *, #446, .T. ) ;
#1241 = AXIS2_PLACEMENT_3D ( 'NONE', #1670, #1511, #826 ) ;
#1242 = ORIENTED_EDGE ( 'NONE', *, *, #394, .F. ) ;
#1243 = VERTEX_POINT ( 'NONE', #629 ) ;
#1244 = ADVANCED_FACE ( 'NONE', ( #627 ), #1095, .F. ) ;
#1245 = DIRECTION ( 'NONE',  ( 0.0000000000000000000, -1.000000000000000000, 0.0000000000000000000 ) ) ;
#1246 = STYLED_ITEM ( 'NONE', ( #1109 ), #1623 ) ;
#1247 = DIRECTION ( 'NONE',  ( 5.053215498074302900E-016, -1.000000000000000000, 0.0000000000000000000 ) ) ;
#1248 = COLOUR_RGB ( '',1.000000000000000000, 0.0000000000000000000, 0.0000000000000000000 ) ;
#1249 = LINE ( 'NONE', #263, #1094 ) ;
#1250 = PRESENTATION_STYLE_ASSIGNMENT (( #1414 ) ) ;
#1251 = AXIS2_PLACEMENT_3D ( 'NONE', #1724, #505, #650 ) ;
#1252 = DIRECTION ( 'NONE',  ( 0.0000000000000000000, 0.0000000000000000000, -1.000000000000000000 ) ) ;
#1253 = EDGE_LOOP ( 'NONE', ( #739, #1355 ) ) ;
#1254 = UNCERTAINTY_MEASURE_WITH_UNIT (LENGTH_MEASURE( 1.000000000000000100E-005 ), #631, 'distance_accuracy_value', 'NONE');
#1255 =( GEOMETRIC_REPRESENTATION_CONTEXT ( 3 ) GLOBAL_UNCERTAINTY_ASSIGNED_CONTEXT ( ( #569 ) ) GLOBAL_UNIT_ASSIGNED_CONTEXT ( ( #597, #875, #1546 ) ) REPRESENTATION_CONTEXT ( 'NONE', 'WORKASPACE' ) );
#1256 = ORIENTED_EDGE ( 'NONE', *, *, #1005, .T. ) ;
#1257 = CARTESIAN_POINT ( 'NONE',  ( 48.28097245096172700, -4.999999999999979600, 20.00000000000000000 ) ) ;
#1258 = EDGE_CURVE ( 'NONE', #827, #867, #86, .T. ) ;
#1259 = EDGE_LOOP ( 'NONE', ( #1564, #833 ) ) ;
#1260 = EDGE_CURVE ( 'NONE', #203, #1572, #697, .T. ) ;
#1261 = VERTEX_POINT ( 'NONE', #898 ) ;
#1262 = FILL_AREA_STYLE_COLOUR ( '', #1248 ) ;
#1263 = CARTESIAN_POINT ( 'NONE',  ( -21.49999999999997900, -5.000000000000000000, -12.69999999999997800 ) ) ;
#1264 = CARTESIAN_POINT ( 'NONE',  ( -21.49999999999998200, 53.00000000000000700, 12.70000000000001000 ) ) ;
#1265 = MECHANICAL_DESIGN_GEOMETRIC_PRESENTATION_REPRESENTATION (  '', ( #779 ), #978 ) ;
#1266 = CARTESIAN_POINT ( 'NONE',  ( -21.49999999999997900, 53.00000000000000700, -14.34999999999998000 ) ) ;
#1267 = VECTOR ( 'NONE', #550, 1000.000000000000000 ) ;
#1268 = VECTOR ( 'NONE', #413, 1000.000000000000000 ) ;
#1269 = AXIS2_PLACEMENT_3D ( 'NONE', #1211, #496, #1729 ) ;
#1270 = VERTEX_POINT ( 'NONE', #1465 ) ;
#1271 = AXIS2_PLACEMENT_3D ( 'NONE', #239, #773, #922 ) ;
#1272 = VERTEX_POINT ( 'NONE', #1486 ) ;
#1273 = UNCERTAINTY_MEASURE_WITH_UNIT (LENGTH_MEASURE( 1.000000000000000100E-005 ), #92, 'distance_accuracy_value', 'NONE');
#1274 = ORIENTED_EDGE ( 'NONE', *, *, #1531, .T. ) ;
#1275 =( LENGTH_UNIT ( ) NAMED_UNIT ( * ) SI_UNIT ( .MILLI., .METRE. ) );
#1276 = VECTOR ( 'NONE', #68, 1000.000000000000000 ) ;
#1277 = VERTEX_POINT ( 'NONE', #953 ) ;
#1278 = EDGE_LOOP ( 'NONE', ( #688, #205, #1031, #1742 ) ) ;
#1279 = DIRECTION ( 'NONE',  ( 0.0000000000000000000, -1.000000000000000000, -0.0000000000000000000 ) ) ;
#1280 = LINE ( 'NONE', #291, #149 ) ;
#1281 = VECTOR ( 'NONE', #461, 1000.000000000000000 ) ;
#1282 = CARTESIAN_POINT ( 'NONE',  ( -142.0000000000000000, 0.0000000000000000000, 14.99999999999999600 ) ) ;
#1283 =( NAMED_UNIT ( * ) SI_UNIT ( $, .STERADIAN. ) SOLID_ANGLE_UNIT ( ) );
#1284 = VECTOR ( 'NONE', #542, 1000.000000000000000 ) ;
#1285 = STYLED_ITEM ( 'NONE', ( #1519 ), #294 ) ;
#1286 = CARTESIAN_POINT ( 'NONE',  ( -21.49999999999998200, -5.000000000000000000, 12.70000000000001000 ) ) ;
#1287 = CARTESIAN_POINT ( 'NONE',  ( 106.7809724509617300, -4.999999999999949400, -27.49999999999956300 ) ) ;
#1288 = EDGE_CURVE ( 'NONE', #888, #436, #391, .T. ) ;
#1289 = DIRECTION ( 'NONE',  ( -1.000000000000000000, 0.0000000000000000000, 0.0000000000000000000 ) ) ;
#1290 = ORIENTED_EDGE ( 'NONE', *, *, #678, .F. ) ;
#1291 = PLANE ( 'NONE',  #80 ) ;
#1292 = VERTEX_POINT ( 'NONE', #1239 ) ;
#1293 = AXIS2_PLACEMENT_3D ( 'NONE', #1737, #123, #1325 ) ;
#1294 = EDGE_LOOP ( 'NONE', ( #537, #1010, #165, #247 ) ) ;
#1295 = DIRECTION ( 'NONE',  ( 0.0000000000000000000, 0.0000000000000000000, -1.000000000000000000 ) ) ;
#1296 = SURFACE_STYLE_FILL_AREA ( #363 ) ;
#1297 = CARTESIAN_POINT ( 'NONE',  ( 0.0000000000000000000, 0.0000000000000000000, 12.49999999999999100 ) ) ;
#1298 = CARTESIAN_POINT ( 'NONE',  ( 53.42097245096172700, 2.609480483205570900E-014, -75.64000000000000100 ) ) ;
#1299 = EDGE_LOOP ( 'NONE', ( #598, #661 ) ) ;
#1300 = STYLED_ITEM ( 'NONE', ( #696 ), #1492 ) ;
#1301 = PLANE ( 'NONE',  #560 ) ;
#1302 = VECTOR ( 'NONE', #547, 1000.000000000000000 ) ;
#1303 = DIRECTION ( 'NONE',  ( 0.0000000000000000000, 0.0000000000000000000, -1.000000000000000000 ) ) ;
#1304 = PRESENTATION_STYLE_ASSIGNMENT (( #911 ) ) ;
#1305 = DIRECTION ( 'NONE',  ( 0.7071067811865475700, 0.0000000000000000000, -0.7071067811865475700 ) ) ;
#1306 = ORIENTED_EDGE ( 'NONE', *, *, #1119, .T. ) ;
#1307 = AXIS2_PLACEMENT_3D ( 'NONE', #1516, #980, #338 ) ;
#1308 = DIRECTION ( 'NONE',  ( 0.0000000000000000000, -1.000000000000000000, -0.0000000000000000000 ) ) ;
#1309 = EDGE_CURVE ( 'NONE', #1621, #227, #713, .T. ) ;
#1310 = CARTESIAN_POINT ( 'NONE',  ( -90.50000000000000000, -5.000000000000000000, -4.500000000000010700 ) ) ;
#1311 = DIRECTION ( 'NONE',  ( 0.0000000000000000000, 0.0000000000000000000, -1.000000000000000000 ) ) ;
#1312 =( NAMED_UNIT ( * ) SI_UNIT ( $, .STERADIAN. ) SOLID_ANGLE_UNIT ( ) );
#1313 = ORIENTED_EDGE ( 'NONE', *, *, #211, .T. ) ;
#1314 = VERTEX_POINT ( 'NONE', #991 ) ;
#1315 = DIRECTION ( 'NONE',  ( 0.0000000000000000000, -1.000000000000000000, -0.0000000000000000000 ) ) ;
#1316 = VECTOR ( 'NONE', #673, 1000.000000000000000 ) ;
#1317 = DIRECTION ( 'NONE',  ( 5.053215498074302900E-016, -1.000000000000000000, 0.0000000000000000000 ) ) ;
#1318 = EDGE_LOOP ( 'NONE', ( #1224, #1398, #1521, #916 ) ) ;
#1319 = PRESENTATION_LAYER_ASSIGNMENT (  '', '', ( #116 ) ) ;
#1320 = CARTESIAN_POINT ( 'NONE',  ( -21.49999999999998200, -5.000000000000000000, 11.05000000000000800 ) ) ;
#1321 =( GEOMETRIC_REPRESENTATION_CONTEXT ( 3 ) GLOBAL_UNCERTAINTY_ASSIGNED_CONTEXT ( ( #395 ) ) GLOBAL_UNIT_ASSIGNED_CONTEXT ( ( #965, #1379, #151 ) ) REPRESENTATION_CONTEXT ( 'NONE', 'WORKASPACE' ) );
#1322 = COLOUR_RGB ( '',1.000000000000000000, 0.0000000000000000000, 0.0000000000000000000 ) ;
#1323 = DIRECTION ( 'NONE',  ( 0.0000000000000000000, 0.0000000000000000000, 1.000000000000000000 ) ) ;
#1324 = DIRECTION ( 'NONE',  ( 0.0000000000000000000, 0.0000000000000000000, -1.000000000000000000 ) ) ;
#1325 = DIRECTION ( 'NONE',  ( 0.0000000000000000000, 0.0000000000000000000, -1.000000000000000000 ) ) ;
#1326 = COLOUR_RGB ( '',1.000000000000000000, 0.0000000000000000000, 0.0000000000000000000 ) ;
#1327 = FACE_OUTER_BOUND ( 'NONE', #821, .T. ) ;
#1328 = VECTOR ( 'NONE', #913, 1000.000000000000100 ) ;
#1329 = FACE_OUTER_BOUND ( 'NONE', #1470, .T. ) ;
#1330 = PRODUCT_RELATED_PRODUCT_CATEGORY ( 'part', '', ( #1509 ) ) ;
#1331 = LINE ( 'NONE', #1664, #568 ) ;
#1332 = CARTESIAN_POINT ( 'NONE',  ( -21.49999999999997900, 0.0000000000000000000, -11.04999999999997600 ) ) ;
#1333 =( GEOMETRIC_REPRESENTATION_CONTEXT ( 3 ) GLOBAL_UNCERTAINTY_ASSIGNED_CONTEXT ( ( #676 ) ) GLOBAL_UNIT_ASSIGNED_CONTEXT ( ( #246, #905, #511 ) ) REPRESENTATION_CONTEXT ( 'NONE', 'WORKASPACE' ) );
#1334 =( NAMED_UNIT ( * ) SI_UNIT ( $, .STERADIAN. ) SOLID_ANGLE_UNIT ( ) );
#1335 = ORIENTED_EDGE ( 'NONE', *, *, #1233, .F. ) ;
#1336 = DIRECTION ( 'NONE',  ( 0.0000000000000000000, -1.000000000000000000, -0.0000000000000000000 ) ) ;
#1337 = ORIENTED_EDGE ( 'NONE', *, *, #864, .T. ) ;
#1338 = CARTESIAN_POINT ( 'NONE',  ( -21.49999999999998200, 0.0000000000000000000, 12.70000000000001000 ) ) ;
#1339 = ORIENTED_EDGE ( 'NONE', *, *, #336, .T. ) ;
#1340 = ORIENTED_EDGE ( 'NONE', *, *, #740, .F. ) ;
#1341 = ORIENTED_EDGE ( 'NONE', *, *, #1374, .F. ) ;
#1342 = CARTESIAN_POINT ( 'NONE',  ( 48.28097245096172700, -4.999999999999990200, -70.61942946412395400 ) ) ;
#1343 = SURFACE_STYLE_USAGE ( .BOTH. , #1087 ) ;
#1344 = LINE ( 'NONE', #500, #997 ) ;
#1345 = EDGE_CURVE ( 'NONE', #1028, #12, #482, .T. ) ;
#1346 = LINE ( 'NONE', #1195, #998 ) ;
#1347 = CIRCLE ( 'NONE', #1103, 1.650000000000002100 ) ;
#1348 = ADVANCED_FACE ( 'NONE', ( #566 ), #502, .F. ) ;
#1349 = FILL_AREA_STYLE_COLOUR ( '', #1404 ) ;
#1350 = EDGE_CURVE ( 'NONE', #1394, #381, #311, .T. ) ;
#1351 = DIRECTION ( 'NONE',  ( 5.053215498074302900E-016, -1.000000000000000000, 0.0000000000000000000 ) ) ;
#1352 = AXIS2_PLACEMENT_3D ( 'NONE', #292, #1689, #804 ) ;
#1353 = VERTEX_POINT ( 'NONE', #1099 ) ;
#1354 =( NAMED_UNIT ( * ) PLANE_ANGLE_UNIT ( ) SI_UNIT ( $, .RADIAN. ) );
#1355 = ORIENTED_EDGE ( 'NONE', *, *, #806, .T. ) ;
#1356 = ADVANCED_FACE ( 'NONE', ( #1329 ), #963, .T. ) ;
#1357 = CARTESIAN_POINT ( 'NONE',  ( -137.4999999999999700, 53.00000000000000700, -11.04999999999998300 ) ) ;
#1358 = ORIENTED_EDGE ( 'NONE', *, *, #1376, .T. ) ;
#1359 = COLOUR_RGB ( '',1.000000000000000000, 1.000000000000000000, 1.000000000000000000 ) ;
#1360 = DIRECTION ( 'NONE',  ( 0.0000000000000000000, 0.0000000000000000000, -1.000000000000000000 ) ) ;
#1361 = LINE ( 'NONE', #1162, #1016 ) ;
#1362 = VERTEX_POINT ( 'NONE', #1637 ) ;
#1363 = LINE ( 'NONE', #1227, #1302 ) ;
#1364 = AXIS2_PLACEMENT_3D ( 'NONE', #807, #11, #828 ) ;
#1365 = CIRCLE ( 'NONE', #1585, 1.650000000000002100 ) ;
#1366 = VECTOR ( 'NONE', #968, 1000.000000000000000 ) ;
#1367 = ORIENTED_EDGE ( 'NONE', *, *, #1260, .T. ) ;
#1368 = DIRECTION ( 'NONE',  ( 0.0000000000000000000, -1.000000000000000000, 0.0000000000000000000 ) ) ;
#1369 = DIRECTION ( 'NONE',  ( -1.000000000000000000, -5.053215498074302900E-016, 0.0000000000000000000 ) ) ;
#1370 = EDGE_CURVE ( 'NONE', #381, #685, #1505, .T. ) ;
#1371 = ADVANCED_FACE ( 'NONE', ( #563 ), #692, .T. ) ;
#1372 = AXIS2_PLACEMENT_3D ( 'NONE', #55, #849, #587 ) ;
#1373 = CARTESIAN_POINT ( 'NONE',  ( 59.28097245096172000, -4.999999999999974200, -20.00000000000000000 ) ) ;
#1374 = EDGE_CURVE ( 'NONE', #457, #1272, #771, .T. ) ;
#1375 = VERTEX_POINT ( 'NONE', #551 ) ;
#1376 = EDGE_CURVE ( 'NONE', #384, #1378, #795, .T. ) ;
#1377 = CIRCLE ( 'NONE', #737, 4.000000000000001800 ) ;
#1378 = VERTEX_POINT ( 'NONE', #1508 ) ;
#1379 =( NAMED_UNIT ( * ) PLANE_ANGLE_UNIT ( ) SI_UNIT ( $, .RADIAN. ) );
#1380 = SURFACE_STYLE_FILL_AREA ( #1 ) ;
#1381 = VERTEX_POINT ( 'NONE', #1084 ) ;
#1382 = ORIENTED_EDGE ( 'NONE', *, *, #1747, .T. ) ;
#1383 = CIRCLE ( 'NONE', #1182, 3.500000000000003100 ) ;
#1384 = AXIS2_PLACEMENT_3D ( 'NONE', #1170, #228, #1295 ) ;
#1385 = DIRECTION ( 'NONE',  ( 0.0000000000000000000, -1.000000000000000000, -0.0000000000000000000 ) ) ;
#1386 = VECTOR ( 'NONE', #431, 1000.000000000000000 ) ;
#1387 = ORIENTED_EDGE ( 'NONE', *, *, #211, .F. ) ;
#1388 = VECTOR ( 'NONE', #881, 1000.000000000000000 ) ;
#1389 = COLOUR_RGB ( '',1.000000000000000000, 0.0000000000000000000, 0.0000000000000000000 ) ;
#1390 = PRESENTATION_LAYER_ASSIGNMENT (  '', '', ( #1300 ) ) ;
#1391 = LINE ( 'NONE', #808, #1584 ) ;
#1392 = DIRECTION ( 'NONE',  ( 0.0000000000000000000, 0.0000000000000000000, -1.000000000000000000 ) ) ;
#1393 = CARTESIAN_POINT ( 'NONE',  ( -90.50000000000000000, 0.0000000000000000000, -4.500000000000010700 ) ) ;
#1394 = VERTEX_POINT ( 'NONE', #793 ) ;
#1395 = DIRECTION ( 'NONE',  ( 5.053215498074302900E-016, -1.000000000000000000, 0.0000000000000000000 ) ) ;
#1396 = FILL_AREA_STYLE ('',( #1262 ) ) ;
#1397 = CARTESIAN_POINT ( 'NONE',  ( 53.42097245096172700, -4.999999999999974200, -72.14000000000000100 ) ) ;
#1398 = ORIENTED_EDGE ( 'NONE', *, *, #690, .T. ) ;
#1399 = ORIENTED_EDGE ( 'NONE', *, *, #935, .F. ) ;
#1400 = UNCERTAINTY_MEASURE_WITH_UNIT (LENGTH_MEASURE( 1.000000000000000100E-005 ), #1063, 'distance_accuracy_value', 'NONE');
#1401 = VERTEX_POINT ( 'NONE', #1487 ) ;
#1402 = EDGE_CURVE ( 'NONE', #335, #320, #1526, .T. ) ;
#1403 = FILL_AREA_STYLE_COLOUR ( '', #1389 ) ;
#1404 = COLOUR_RGB ( '',1.000000000000000000, 0.0000000000000000000, 0.0000000000000000000 ) ;
#1405 = ORIENTED_EDGE ( 'NONE', *, *, #1288, .F. ) ;
#1406 = SHAPE_DEFINITION_REPRESENTATION ( #1596, #809 ) ;
#1407 = LINE ( 'NONE', #98, #691 ) ;
#1408 = CARTESIAN_POINT ( 'NONE',  ( 25.14097245096173300, -4.999999999999987600, -72.14000000000001500 ) ) ;
#1409 = LINE ( 'NONE', #23, #83 ) ;
#1410 = MECHANICAL_DESIGN_GEOMETRIC_PRESENTATION_REPRESENTATION (  '', ( #116 ), #310 ) ;
#1411 = ORIENTED_EDGE ( 'NONE', *, *, #1258, .T. ) ;
#1412 =( LENGTH_UNIT ( ) NAMED_UNIT ( * ) SI_UNIT ( .MILLI., .METRE. ) );
#1413 = DIRECTION ( 'NONE',  ( 0.0000000000000000000, -1.000000000000000000, -0.0000000000000000000 ) ) ;
#1414 = SURFACE_STYLE_USAGE ( .BOTH. , #734 ) ;
#1415 = SURFACE_SIDE_STYLE ('',( #1019 ) ) ;
#1416 = DIRECTION ( 'NONE',  ( 0.0000000000000000000, -1.000000000000000000, 0.0000000000000000000 ) ) ;
#1417 = DIRECTION ( 'NONE',  ( 0.0000000000000000000, 0.0000000000000000000, -1.000000000000000000 ) ) ;
#1418 = ORIENTED_EDGE ( 'NONE', *, *, #110, .T. ) ;
#1419 = VERTEX_POINT ( 'NONE', #663 ) ;
#1420 = CARTESIAN_POINT ( 'NONE',  ( 25.14097245096173300, -4.999999999999987600, -72.14000000000001500 ) ) ;
#1421 = VERTEX_POINT ( 'NONE', #163 ) ;
#1422 = EDGE_LOOP ( 'NONE', ( #1120, #1140, #1740, #167 ) ) ;
#1423 = AXIS2_PLACEMENT_3D ( 'NONE', #1567, #623, #751 ) ;
#1424 = CIRCLE ( 'NONE', #532, 1.650000000000016100 ) ;
#1425 = EDGE_LOOP ( 'NONE', ( #1115, #971, #992, #1534 ) ) ;
#1426 = CYLINDRICAL_SURFACE ( 'NONE', #1293, 1.650000000000016100 ) ;
#1427 = DIRECTION ( 'NONE',  ( -1.000000000000000000, 0.0000000000000000000, -6.938893903907224400E-016 ) ) ;
#1428 = DIRECTION ( 'NONE',  ( 0.0000000000000000000, 0.0000000000000000000, -1.000000000000000000 ) ) ;
#1429 = FACE_OUTER_BOUND ( 'NONE', #174, .T. ) ;
#1430 = SURFACE_STYLE_FILL_AREA ( #135 ) ;
#1431 =( NAMED_UNIT ( * ) PLANE_ANGLE_UNIT ( ) SI_UNIT ( $, .RADIAN. ) );
#1432 = CIRCLE ( 'NONE', #1156, 1.650000000000016100 ) ;
#1433 = ORIENTED_EDGE ( 'NONE', *, *, #1476, .F. ) ;
#1434 = AXIS2_PLACEMENT_3D ( 'NONE', #1116, #1247, #567 ) ;
#1435 = DIRECTION ( 'NONE',  ( 0.0000000000000000000, 0.0000000000000000000, -1.000000000000000000 ) ) ;
#1436 = ORIENTED_EDGE ( 'NONE', *, *, #994, .T. ) ;
#1437 = DIRECTION ( 'NONE',  ( 0.0000000000000000000, -1.000000000000000000, 0.0000000000000000000 ) ) ;
#1438 = EDGE_CURVE ( 'NONE', #492, #1277, #1409, .T. ) ;
#1439 = DIRECTION ( 'NONE',  ( 0.0000000000000000000, 0.0000000000000000000, 1.000000000000000000 ) ) ;
#1440 = MECHANICAL_DESIGN_GEOMETRIC_PRESENTATION_REPRESENTATION (  '', ( #1246 ), #1712 ) ;
#1441 = ORIENTED_EDGE ( 'NONE', *, *, #1053, .F. ) ;
#1442 = LINE ( 'NONE', #1257, #1276 ) ;
#1443 = STYLED_ITEM ( 'NONE', ( #1554 ), #178 ) ;
#1444 = ORIENTED_EDGE ( 'NONE', *, *, #119, .T. ) ;
#1445 = PLANE ( 'NONE',  #639 ) ;
#1446 = ORIENTED_EDGE ( 'NONE', *, *, #1438, .F. ) ;
#1447 = MECHANICAL_DESIGN_GEOMETRIC_PRESENTATION_REPRESENTATION (  '', ( #134 ), #1321 ) ;
#1448 = DIRECTION ( 'NONE',  ( 5.053215498074302900E-016, -1.000000000000000000, 0.0000000000000000000 ) ) ;
#1449 = CARTESIAN_POINT ( 'NONE',  ( -21.49999999999998200, -5.000000000000000000, 14.35000000000001200 ) ) ;
#1450 = CIRCLE ( 'NONE', #150, 4.000000000000000000 ) ;
#1451 = SURFACE_SIDE_STYLE ('',( #281 ) ) ;
#1452 =( NAMED_UNIT ( * ) PLANE_ANGLE_UNIT ( ) SI_UNIT ( $, .RADIAN. ) );
#1453 = FILL_AREA_STYLE ('',( #386 ) ) ;
#1454 = SURFACE_STYLE_FILL_AREA ( #1543 ) ;
#1455 = CARTESIAN_POINT ( 'NONE',  ( 22.28097245096175200, 7.757006557087125600E-015, -78.00000000000000000 ) ) ;
#1456 = FACE_OUTER_BOUND ( 'NONE', #1197, .T. ) ;
#1457 = VECTOR ( 'NONE', #498, 1000.000000000000000 ) ;
#1458 = DIRECTION ( 'NONE',  ( 0.0000000000000000000, 0.0000000000000000000, -1.000000000000000000 ) ) ;
#1459 = SURFACE_SIDE_STYLE ('',( #136 ) ) ;
#1460 = AXIS2_PLACEMENT_3D ( 'NONE', #1154, #1549, #380 ) ;
#1461 = DIRECTION ( 'NONE',  ( 0.0000000000000000000, -1.000000000000000000, -0.0000000000000000000 ) ) ;
#1462 = CARTESIAN_POINT ( 'NONE',  ( -85.49999999999998600, 53.00000000000000700, 8.499999999999989300 ) ) ;
#1463 = DIRECTION ( 'NONE',  ( 0.0000000000000000000, 0.0000000000000000000, -1.000000000000000000 ) ) ;
#1464 =( NAMED_UNIT ( * ) SI_UNIT ( $, .STERADIAN. ) SOLID_ANGLE_UNIT ( ) );
#1465 = CARTESIAN_POINT ( 'NONE',  ( -136.9999999999999700, -5.000000000000000000, 20.00000000000000000 ) ) ;
#1466 =( LENGTH_UNIT ( ) NAMED_UNIT ( * ) SI_UNIT ( .MILLI., .METRE. ) );
#1467 = VERTEX_POINT ( 'NONE', #27 ) ;
#1468 = VECTOR ( 'NONE', #84, 1000.000000000000000 ) ;
#1469 = VERTEX_POINT ( 'NONE', #984 ) ;
#1470 = EDGE_LOOP ( 'NONE', ( #451, #1124, #704, #742 ) ) ;
#1471 = DIRECTION ( 'NONE',  ( 0.0000000000000000000, -1.000000000000000000, -0.0000000000000000000 ) ) ;
#1472 = VECTOR ( 'NONE', #1075, 1000.000000000000000 ) ;
#1473 = MECHANICAL_DESIGN_GEOMETRIC_PRESENTATION_REPRESENTATION (  '', ( #1285 ), #91 ) ;
#1474 = ORIENTED_EDGE ( 'NONE', *, *, #709, .T. ) ;
#1475 = SURFACE_STYLE_FILL_AREA ( #635 ) ;
#1476 = EDGE_CURVE ( 'NONE', #317, #1037, #443, .T. ) ;
#1477 = CIRCLE ( 'NONE', #1573, 1.650000000000002100 ) ;
#1478 = CARTESIAN_POINT ( 'NONE',  ( -137.4999999999999700, 53.00000000000000700, -12.69999999999999900 ) ) ;
#1479 = CARTESIAN_POINT ( 'NONE',  ( 25.14097245096173300, -4.999999999999987600, -75.64000000000002900 ) ) ;
#1480 = VECTOR ( 'NONE', #231, 1000.000000000000000 ) ;
#1481 = DIRECTION ( 'NONE',  ( 0.0000000000000000000, -1.000000000000000000, 0.0000000000000000000 ) ) ;
#1482 = DIRECTION ( 'NONE',  ( 0.0000000000000000000, 0.0000000000000000000, -1.000000000000000000 ) ) ;
#1483 = FACE_BOUND ( 'NONE', #1294, .T. ) ;
#1484 = FACE_OUTER_BOUND ( 'NONE', #1577, .T. ) ;
#1485 = FILL_AREA_STYLE ('',( #1349 ) ) ;
#1486 = CARTESIAN_POINT ( 'NONE',  ( 53.42097245096172700, 2.609480483205570900E-014, -68.63999999999998600 ) ) ;
#1487 = CARTESIAN_POINT ( 'NONE',  ( 39.28097245096167700, 1.634747290381340300E-014, 20.00000000000000000 ) ) ;
#1488 = MECHANICAL_DESIGN_GEOMETRIC_PRESENTATION_REPRESENTATION (  '', ( #1695 ), #1008 ) ;
#1489 =( NAMED_UNIT ( * ) PLANE_ANGLE_UNIT ( ) SI_UNIT ( $, .RADIAN. ) );
#1490 = CARTESIAN_POINT ( 'NONE',  ( -90.50000000000000000, -5.000000000000000000, -12.50000000000001400 ) ) ;
#1491 = ORIENTED_EDGE ( 'NONE', *, *, #1024, .F. ) ;
#1492 = ADVANCED_FACE ( 'NONE', ( #1068 ), #214, .F. ) ;
#1493 = DIRECTION ( 'NONE',  ( 0.0000000000000000000, 0.0000000000000000000, -1.000000000000000000 ) ) ;
#1494 = ORIENTED_EDGE ( 'NONE', *, *, #234, .T. ) ;
#1495 = EDGE_LOOP ( 'NONE', ( #852, #1725, #1446, #1530 ) ) ;
#1496 = FACE_OUTER_BOUND ( 'NONE', #26, .T. ) ;
#1497 = SURFACE_STYLE_USAGE ( .BOTH. , #659 ) ;
#1498 = VERTEX_POINT ( 'NONE', #590 ) ;
#1499 = PRESENTATION_LAYER_ASSIGNMENT (  '', '', ( #39 ) ) ;
#1500 = CARTESIAN_POINT ( 'NONE',  ( -136.9999999999999700, 0.0000000000000000000, -20.00000000000000000 ) ) ;
#1501 = EDGE_CURVE ( 'NONE', #946, #1362, #260, .T. ) ;
#1502 = DIRECTION ( 'NONE',  ( 1.000000000000000000, 0.0000000000000000000, 6.938893903907224400E-016 ) ) ;
#1503 = DIRECTION ( 'NONE',  ( 5.053215498074302900E-016, -1.000000000000000000, 0.0000000000000000000 ) ) ;
#1504 = CYLINDRICAL_SURFACE ( 'NONE', #1460, 3.500000000000003100 ) ;
#1505 = LINE ( 'NONE', #549, #1366 ) ;
#1506 = VECTOR ( 'NONE', #412, 1000.000000000000000 ) ;
#1507 = ORIENTED_EDGE ( 'NONE', *, *, #452, .F. ) ;
#1508 = CARTESIAN_POINT ( 'NONE',  ( -137.4999999999999700, -5.000000000000000000, -11.04999999999998300 ) ) ;
#1509 = PRODUCT ( 'Q235-5.0-BAN9-N12', 'Q235-5.0-BAN9-N12', '', ( #1043 ) ) ;
#1510 = FILL_AREA_STYLE_COLOUR ( '', #106 ) ;
#1511 = DIRECTION ( 'NONE',  ( 5.053215498074302900E-016, -1.000000000000000000, 0.0000000000000000000 ) ) ;
#1512 = ADVANCED_FACE ( 'NONE', ( #1327 ), #977, .F. ) ;
#1513 = AXIS2_PLACEMENT_3D ( 'NONE', #237, #383, #776 ) ;
#1514 = PRESENTATION_LAYER_ASSIGNMENT (  '', '', ( #1150 ) ) ;
#1515 = ORIENTED_EDGE ( 'NONE', *, *, #620, .T. ) ;
#1516 = CARTESIAN_POINT ( 'NONE',  ( 19.28097245096172300, -4.999999999999993800, -78.00000000000000000 ) ) ;
#1517 = ORIENTED_EDGE ( 'NONE', *, *, #1376, .F. ) ;
#1518 = EDGE_LOOP ( 'NONE', ( #574, #1337, #638, #554 ) ) ;
#1519 = PRESENTATION_STYLE_ASSIGNMENT (( #687 ) ) ;
#1520 = ADVANCED_FACE ( 'NONE', ( #21 ), #1541, .F. ) ;
#1521 = ORIENTED_EDGE ( 'NONE', *, *, #359, .T. ) ;
#1522 = VECTOR ( 'NONE', #519, 1000.000000000000000 ) ;
#1523 = CARTESIAN_POINT ( 'NONE',  ( -137.4999999999999700, 0.0000000000000000000, -11.04999999999998300 ) ) ;
#1524 = STYLED_ITEM ( 'NONE', ( #307 ), #844 ) ;
#1525 = FACE_BOUND ( 'NONE', #1259, .T. ) ;
#1526 = LINE ( 'NONE', #445, #825 ) ;
#1527 = SURFACE_STYLE_FILL_AREA ( #1453 ) ;
#1528 = FACE_OUTER_BOUND ( 'NONE', #1278, .T. ) ;
#1529 = EDGE_CURVE ( 'NONE', #1621, #578, #1111, .T. ) ;
#1530 = ORIENTED_EDGE ( 'NONE', *, *, #336, .F. ) ;
#1531 = EDGE_CURVE ( 'NONE', #856, #143, #666, .T. ) ;
#1532 = VERTEX_POINT ( 'NONE', #255 ) ;
#1533 = VERTEX_POINT ( 'NONE', #1204 ) ;
#1534 = ORIENTED_EDGE ( 'NONE', *, *, #1350, .F. ) ;
#1535 = CARTESIAN_POINT ( 'NONE',  ( 25.14097245096171900, -4.999999999999987600, -43.85999999999999900 ) ) ;
#1536 = UNCERTAINTY_MEASURE_WITH_UNIT (LENGTH_MEASURE( 1.000000000000000100E-005 ), #1148, 'distance_accuracy_value', 'NONE');
#1537 = STYLED_ITEM ( 'NONE', ( #362 ), #1634 ) ;
#1538 = DIRECTION ( 'NONE',  ( 5.053215498074302900E-016, -1.000000000000000000, 0.0000000000000000000 ) ) ;
#1539 = AXIS2_PLACEMENT_3D ( 'NONE', #518, #7, #958 ) ;
#1540 =( LENGTH_UNIT ( ) NAMED_UNIT ( * ) SI_UNIT ( .MILLI., .METRE. ) );
#1541 = CYLINDRICAL_SURFACE ( 'NONE', #130, 3.500000000000016900 ) ;
#1542 =( GEOMETRIC_REPRESENTATION_CONTEXT ( 3 ) GLOBAL_UNCERTAINTY_ASSIGNED_CONTEXT ( ( #1151 ) ) GLOBAL_UNIT_ASSIGNED_CONTEXT ( ( #805, #1489, #672 ) ) REPRESENTATION_CONTEXT ( 'NONE', 'WORKASPACE' ) );
#1543 = FILL_AREA_STYLE ('',( #1403 ) ) ;
#1544 = ORIENTED_EDGE ( 'NONE', *, *, #935, .T. ) ;
#1545 = DIRECTION ( 'NONE',  ( 5.053215498074302900E-016, -1.000000000000000000, 0.0000000000000000000 ) ) ;
#1546 =( NAMED_UNIT ( * ) SI_UNIT ( $, .STERADIAN. ) SOLID_ANGLE_UNIT ( ) );
#1547 =( NAMED_UNIT ( * ) SI_UNIT ( $, .STERADIAN. ) SOLID_ANGLE_UNIT ( ) );
#1548 = DIRECTION ( 'NONE',  ( -0.7071067811865455700, -0.0000000000000000000, 0.7071067811865493500 ) ) ;
#1549 = DIRECTION ( 'NONE',  ( 5.053215498074302900E-016, -1.000000000000000000, 0.0000000000000000000 ) ) ;
#1550 = AXIS2_PLACEMENT_3D ( 'NONE', #69, #1001, #1417 ) ;
#1551 = VERTEX_POINT ( 'NONE', #268 ) ;
#1552 = VERTEX_POINT ( 'NONE', #632 ) ;
#1553 = ORIENTED_EDGE ( 'NONE', *, *, #966, .F. ) ;
#1554 = PRESENTATION_STYLE_ASSIGNMENT (( #937 ) ) ;
#1555 = CARTESIAN_POINT ( 'NONE',  ( 59.28097245096172000, -4.999999999999974200, 1.040834085586084300E-014 ) ) ;
#1556 = CARTESIAN_POINT ( 'NONE',  ( -90.50000000000000000, -5.000000000000000000, 12.49999999999998900 ) ) ;
#1557 = PLANE ( 'NONE',  #693 ) ;
#1558 = FACE_BOUND ( 'NONE', #1179, .T. ) ;
#1559 = EDGE_CURVE ( 'NONE', #143, #856, #1432, .T. ) ;
#1560 = FACE_BOUND ( 'NONE', #1422, .T. ) ;
#1561 = CARTESIAN_POINT ( 'NONE',  ( 0.0000000000000000000, 0.0000000000000000000, -4.500000000000010700 ) ) ;
#1562 = EDGE_CURVE ( 'NONE', #1060, #1394, #499, .T. ) ;
#1563 = VECTOR ( 'NONE', #40, 1000.000000000000000 ) ;
#1564 = ORIENTED_EDGE ( 'NONE', *, *, #1674, .F. ) ;
#1565 = DIRECTION ( 'NONE',  ( 5.053215498074302900E-016, -1.000000000000000000, 0.0000000000000000000 ) ) ;
#1566 = APPLICATION_PROTOCOL_DEFINITION ( 'draft international standard', 'automotive_design', 1998, #611 ) ;
#1567 = CARTESIAN_POINT ( 'NONE',  ( -21.49999999999998200, 53.00000000000000700, 12.70000000000001000 ) ) ;
#1568 = PLANE ( 'NONE',  #722 ) ;
#1569 = DIRECTION ( 'NONE',  ( 5.053215498074302900E-016, -1.000000000000000000, 0.0000000000000000000 ) ) ;
#1570 = CARTESIAN_POINT ( 'NONE',  ( 39.28097245096172700, 1.894955811777863800E-014, -57.99999999999999300 ) ) ;
#1571 = EDGE_LOOP ( 'NONE', ( #1619, #588 ) ) ;
#1572 = VERTEX_POINT ( 'NONE', #764 ) ;
#1573 = AXIS2_PLACEMENT_3D ( 'NONE', #782, #791, #1311 ) ;
#1574 = CARTESIAN_POINT ( 'NONE',  ( -137.4999999999999700, 0.0000000000000000000, 11.04999999999998300 ) ) ;
#1575 = FILL_AREA_STYLE_COLOUR ( '', #1359 ) ;
#1576 = ORIENTED_EDGE ( 'NONE', *, *, #1345, .T. ) ;
#1577 = EDGE_LOOP ( 'NONE', ( #595, #95, #1544, #1613 ) ) ;
#1578 = CARTESIAN_POINT ( 'NONE',  ( 19.28097245096172000, 6.241041907664820800E-015, -74.99999999999994300 ) ) ;
#1579 = CIRCLE ( 'NONE', #1620, 1.650000000000016100 ) ;
#1580 =( NAMED_UNIT ( * ) SI_UNIT ( $, .STERADIAN. ) SOLID_ANGLE_UNIT ( ) );
#1581 = FILL_AREA_STYLE_COLOUR ( '', #127 ) ;
#1582 = COLOUR_RGB ( '',1.000000000000000000, 0.0000000000000000000, 0.0000000000000000000 ) ;
#1583 = DIRECTION ( 'NONE',  ( -1.000000000000000000, 0.0000000000000000000, 0.0000000000000000000 ) ) ;
#1584 = VECTOR ( 'NONE', #282, 1000.000000000000000 ) ;
#1585 = AXIS2_PLACEMENT_3D ( 'NONE', #1263, #720, #45 ) ;
#1586 = CARTESIAN_POINT ( 'NONE',  ( -136.9999999999999700, -5.000000000000000000, -20.00000000000000000 ) ) ;
#1587 = EDGE_CURVE ( 'NONE', #1222, #302, #442, .T. ) ;
#1588 =( LENGTH_UNIT ( ) NAMED_UNIT ( * ) SI_UNIT ( .MILLI., .METRE. ) );
#1589 = FILL_AREA_STYLE ('',( #407 ) ) ;
#1590 = ORIENTED_EDGE ( 'NONE', *, *, #1216, .T. ) ;
#1591 =( NAMED_UNIT ( * ) PLANE_ANGLE_UNIT ( ) SI_UNIT ( $, .RADIAN. ) );
#1592 = DIRECTION ( 'NONE',  ( 5.053215498074302900E-016, -1.000000000000000000, 0.0000000000000000000 ) ) ;
#1593 = CARTESIAN_POINT ( 'NONE',  ( -142.0000000000000000, 0.0000000000000000000, 20.00000000000000000 ) ) ;
#1594 = ORIENTED_EDGE ( 'NONE', *, *, #145, .T. ) ;
#1595 = DIRECTION ( 'NONE',  ( 0.7071067811865494600, -0.0000000000000000000, 0.7071067811865455700 ) ) ;
#1596 = PRODUCT_DEFINITION_SHAPE ( 'NONE', 'NONE',  #216 ) ;
#1597 = LINE ( 'NONE', #89, #1719 ) ;
#1598 = EDGE_CURVE ( 'NONE', #354, #1642, #874, .T. ) ;
#1599 = ORIENTED_EDGE ( 'NONE', *, *, #1114, .T. ) ;
#1600 = DIRECTION ( 'NONE',  ( 0.0000000000000000000, 0.0000000000000000000, -1.000000000000000000 ) ) ;
#1601 = FILL_AREA_STYLE_COLOUR ( '', #1754 ) ;
#1602 = FACE_OUTER_BOUND ( 'NONE', #622, .T. ) ;
#1603 = CARTESIAN_POINT ( 'NONE',  ( 49.28097245096172700, -4.999999999999978700, 9.999999999999976900 ) ) ;
#1604 = CIRCLE ( 'NONE', #1384, 3.500000000000016900 ) ;
#1605 = CARTESIAN_POINT ( 'NONE',  ( -21.49999999999997900, 53.00000000000000700, -12.69999999999997800 ) ) ;
#1606 = LINE ( 'NONE', #735, #308 ) ;
#1607 = AXIS2_PLACEMENT_3D ( 'NONE', #1605, #1471, #112 ) ;
#1608 = CARTESIAN_POINT ( 'NONE',  ( 25.14097245096173000, -4.999999999999987600, -68.63999999999998600 ) ) ;
#1609 = CIRCLE ( 'NONE', #14, 1.650000000000002100 ) ;
#1610 = SURFACE_SIDE_STYLE ('',( #1475 ) ) ;
#1611 = CIRCLE ( 'NONE', #508, 3.500000000000003100 ) ;
#1612 = AXIS2_PLACEMENT_3D ( 'NONE', #1055, #1595, #920 ) ;
#1613 = ORIENTED_EDGE ( 'NONE', *, *, #1529, .F. ) ;
#1614 = ORIENTED_EDGE ( 'NONE', *, *, #1658, .T. ) ;
#1615 = ORIENTED_EDGE ( 'NONE', *, *, #189, .F. ) ;
#1616 = PLANE ( 'NONE',  #1364 ) ;
#1617 = DIRECTION ( 'NONE',  ( -1.000000000000000000, 0.0000000000000000000, 0.0000000000000000000 ) ) ;
#1618 = PRESENTATION_STYLE_ASSIGNMENT (( #1703 ) ) ;
#1619 = ORIENTED_EDGE ( 'NONE', *, *, #154, .T. ) ;
#1620 = AXIS2_PLACEMENT_3D ( 'NONE', #939, #552, #1110 ) ;
#1621 = VERTEX_POINT ( 'NONE', #406 ) ;
#1622 = FILL_AREA_STYLE ('',( #746 ) ) ;
#1623 = ADVANCED_FACE ( 'NONE', ( #324 ), #1426, .F. ) ;
#1624 = EDGE_CURVE ( 'NONE', #1696, #633, #172, .T. ) ;
#1625 = CARTESIAN_POINT ( 'NONE',  ( 53.42097245096172700, -4.999999999999974200, -43.85999999999999900 ) ) ;
#1626 = PRESENTATION_STYLE_ASSIGNMENT (( #863 ) ) ;
#1627 = UNCERTAINTY_MEASURE_WITH_UNIT (LENGTH_MEASURE( 1.000000000000000100E-005 ), #393, 'distance_accuracy_value', 'NONE');
#1628 = DIRECTION ( 'NONE',  ( 0.0000000000000000000, -1.000000000000000000, 0.0000000000000000000 ) ) ;
#1629 = LINE ( 'NONE', #218, #752 ) ;
#1630 = DIRECTION ( 'NONE',  ( 0.0000000000000000000, -1.000000000000000000, -0.0000000000000000000 ) ) ;
#1631 = PRESENTATION_LAYER_ASSIGNMENT (  '', '', ( #657 ) ) ;
#1632 = EDGE_LOOP ( 'NONE', ( #10, #1697 ) ) ;
#1633 = DIRECTION ( 'NONE',  ( 0.0000000000000000000, -1.000000000000000000, 0.0000000000000000000 ) ) ;
#1634 = ADVANCED_FACE ( 'NONE', ( #976 ), #17, .F. ) ;
#1635 = DIRECTION ( 'NONE',  ( 0.0000000000000000000, 0.0000000000000000000, -1.000000000000000000 ) ) ;
#1636 = AXIS2_PLACEMENT_3D ( 'NONE', #1570, #610, #372 ) ;
#1637 = CARTESIAN_POINT ( 'NONE',  ( -21.49999999999997900, -5.000000000000000000, -14.34999999999998000 ) ) ;
#1638 = AXIS2_PLACEMENT_3D ( 'NONE', #1205, #1336, #910 ) ;
#1639 = CARTESIAN_POINT ( 'NONE',  ( -142.0000000000000000, 0.0000000000000000000, -14.99999999999996800 ) ) ;
#1640 = ORIENTED_EDGE ( 'NONE', *, *, #993, .T. ) ;
#1641 = CARTESIAN_POINT ( 'NONE',  ( 56.28097245096174800, -4.999999999999975100, -78.00000000000000000 ) ) ;
#1642 = VERTEX_POINT ( 'NONE', #1310 ) ;
#1643 = MECHANICAL_DESIGN_GEOMETRIC_PRESENTATION_REPRESENTATION (  '', ( #481 ), #1727 ) ;
#1644 = VERTEX_POINT ( 'NONE', #1062 ) ;
#1645 = ORIENTED_EDGE ( 'NONE', *, *, #564, .F. ) ;
#1646 = VECTOR ( 'NONE', #1720, 1000.000000000000000 ) ;
#1647 = ORIENTED_EDGE ( 'NONE', *, *, #1559, .T. ) ;
#1648 = DIRECTION ( 'NONE',  ( 0.0000000000000000000, 0.0000000000000000000, -1.000000000000000000 ) ) ;
#1649 = CARTESIAN_POINT ( 'NONE',  ( -90.50000000000000000, 0.0000000000000000000, 8.499999999999989300 ) ) ;
#1650 = AXIS2_PLACEMENT_3D ( 'NONE', #476, #1135, #750 ) ;
#1651 = DIRECTION ( 'NONE',  ( 0.0000000000000000000, -1.000000000000000000, -0.0000000000000000000 ) ) ;
#1652 = VECTOR ( 'NONE', #1324, 1000.000000000000000 ) ;
#1653 = DIRECTION ( 'NONE',  ( 0.0000000000000000000, -1.000000000000000000, 0.0000000000000000000 ) ) ;
#1654 = FACE_BOUND ( 'NONE', #1571, .T. ) ;
#1655 = FACE_OUTER_BOUND ( 'NONE', #31, .T. ) ;
#1656 = CARTESIAN_POINT ( 'NONE',  ( 19.28097245096172300, -4.999999999999993800, -74.99999999999994300 ) ) ;
#1657 = DIRECTION ( 'NONE',  ( 5.053215498074302900E-016, -1.000000000000000000, 0.0000000000000000000 ) ) ;
#1658 = EDGE_CURVE ( 'NONE', #302, #417, #1086, .T. ) ;
#1659 = EDGE_CURVE ( 'NONE', #1498, #1469, #600, .T. ) ;
#1660 = EDGE_CURVE ( 'NONE', #381, #38, #1450, .T. ) ;
#1661 = ORIENTED_EDGE ( 'NONE', *, *, #1123, .F. ) ;
#1662 = ORIENTED_EDGE ( 'NONE', *, *, #763, .T. ) ;
#1663 = ORIENTED_EDGE ( 'NONE', *, *, #1587, .F. ) ;
#1664 = CARTESIAN_POINT ( 'NONE',  ( -136.9999999999999700, 4.999999999999999100, 20.00000000000000000 ) ) ;
#1665 = EDGE_LOOP ( 'NONE', ( #893, #1399 ) ) ;
#1666 = VERTEX_POINT ( 'NONE', #104 ) ;
#1667 = LINE ( 'NONE', #1479, #1042 ) ;
#1668 = PRESENTATION_STYLE_ASSIGNMENT (( #259 ) ) ;
#1669 = FACE_OUTER_BOUND ( 'NONE', #543, .T. ) ;
#1670 = CARTESIAN_POINT ( 'NONE',  ( 53.42097245096172700, -4.999999999999974200, -72.14000000000000100 ) ) ;
#1671 = ORIENTED_EDGE ( 'NONE', *, *, #1659, .F. ) ;
#1672 = CARTESIAN_POINT ( 'NONE',  ( -90.50000000000000000, 53.00000000000000700, 8.499999999999989300 ) ) ;
#1673 = AXIS2_PLACEMENT_3D ( 'NONE', #1478, #970, #796 ) ;
#1674 = EDGE_CURVE ( 'NONE', #1362, #1353, #1061, .T. ) ;
#1675 = CLOSED_SHELL ( 'NONE', ( #553, #306, #1228, #842, #1244, #1512, #424, #1520, #1371, #432, #157, #1356, #435, #703, #689, #815, #832, #699, #138, #294, #314, #975, #25, #1105, #548, #9, #987, #539, #19, #1634, #1348, #559, #1623, #147, #956, #1220, #1492, #1098, #679, #1237, #178 ) ) ;
#1676 =( NAMED_UNIT ( * ) SI_UNIT ( $, .STERADIAN. ) SOLID_ANGLE_UNIT ( ) );
#1677 = ORIENTED_EDGE ( 'NONE', *, *, #180, .T. ) ;
#1678 = LINE ( 'NONE', #1188, #520 ) ;
#1679 = ORIENTED_EDGE ( 'NONE', *, *, #208, .T. ) ;
#1680 = PLANE ( 'NONE',  #1372 ) ;
#1681 = VECTOR ( 'NONE', #1049, 1000.000000000000000 ) ;
#1682 = ORIENTED_EDGE ( 'NONE', *, *, #763, .F. ) ;
#1683 = EDGE_CURVE ( 'NONE', #1314, #1551, #1383, .T. ) ;
#1684 = FACE_OUTER_BOUND ( 'NONE', #573, .T. ) ;
#1685 = CYLINDRICAL_SURFACE ( 'NONE', #1673, 1.650000000000016100 ) ;
#1686 = DIRECTION ( 'NONE',  ( 0.7071067811865441300, 3.573162945485279800E-016, 0.7071067811865507900 ) ) ;
#1687 = EDGE_CURVE ( 'NONE', #890, #1532, #1407, .T. ) ;
#1688 = LINE ( 'NONE', #484, #286 ) ;
#1689 = DIRECTION ( 'NONE',  ( 5.053215498074302900E-016, -1.000000000000000000, 0.0000000000000000000 ) ) ;
#1690 = DIRECTION ( 'NONE',  ( 5.053215498074302900E-016, -1.000000000000000000, 0.0000000000000000000 ) ) ;
#1691 = CARTESIAN_POINT ( 'NONE',  ( -90.50000000000000000, -5.000000000000000000, -8.500000000000012400 ) ) ;
#1692 = AXIS2_PLACEMENT_3D ( 'NONE', #1704, #212, #1025 ) ;
#1693 = DIRECTION ( 'NONE',  ( -5.053215498074302900E-016, 1.000000000000000000, 0.0000000000000000000 ) ) ;
#1694 = CARTESIAN_POINT ( 'NONE',  ( -21.49999999999997900, 53.00000000000000700, -12.69999999999997800 ) ) ;
#1695 = STYLED_ITEM ( 'NONE', ( #1250 ), #1228 ) ;
#1696 = VERTEX_POINT ( 'NONE', #1555 ) ;
#1697 = ORIENTED_EDGE ( 'NONE', *, *, #583, .T. ) ;
#1698 = ORIENTED_EDGE ( 'NONE', *, *, #303, .F. ) ;
#1699 = VECTOR ( 'NONE', #762, 1000.000000000000000 ) ;
#1700 = EDGE_LOOP ( 'NONE', ( #1198, #1661, #1136, #907 ) ) ;
#1701 = CARTESIAN_POINT ( 'NONE',  ( 1.780972450961718000, -2.602085213965210600E-015, -78.00000000000000000 ) ) ;
#1702 = ORIENTED_EDGE ( 'NONE', *, *, #119, .F. ) ;
#1703 = SURFACE_STYLE_USAGE ( .BOTH. , #1174 ) ;
#1704 = CARTESIAN_POINT ( 'NONE',  ( 0.0000000000000000000, 0.0000000000000000000, 0.0000000000000000000 ) ) ;
#1705 = PLANE ( 'NONE',  #32 ) ;
#1706 = AXIS2_PLACEMENT_3D ( 'NONE', #243, #1192, #253 ) ;
#1707 = DIRECTION ( 'NONE',  ( 0.0000000000000000000, -1.000000000000000000, 0.0000000000000000000 ) ) ;
#1708 = EDGE_CURVE ( 'NONE', #1552, #642, #1361, .T. ) ;
#1709 = ORIENTED_EDGE ( 'NONE', *, *, #993, .F. ) ;
#1710 = ORIENTED_EDGE ( 'NONE', *, *, #1501, .T. ) ;
#1711 = CARTESIAN_POINT ( 'NONE',  ( -90.50000000000000000, 53.00000000000000700, 4.499999999999990200 ) ) ;
#1712 =( GEOMETRIC_REPRESENTATION_CONTEXT ( 3 ) GLOBAL_UNCERTAINTY_ASSIGNED_CONTEXT ( ( #1108 ) ) GLOBAL_UNIT_ASSIGNED_CONTEXT ( ( #504, #1212, #1071 ) ) REPRESENTATION_CONTEXT ( 'NONE', 'WORKASPACE' ) );
#1713 = FILL_AREA_STYLE ('',( #1581 ) ) ;
#1714 = PRESENTATION_LAYER_ASSIGNMENT (  '', '', ( #1285 ) ) ;
#1715 = DIRECTION ( 'NONE',  ( 5.053215498074302900E-016, -1.000000000000000000, 0.0000000000000000000 ) ) ;
#1716 = EDGE_LOOP ( 'NONE', ( #509, #1035, #641, #941 ) ) ;
#1717 = EDGE_LOOP ( 'NONE', ( #1057, #1335, #1710, #783 ) ) ;
#1718 = STYLED_ITEM ( 'NONE', ( #801 ), #975 ) ;
#1719 = VECTOR ( 'NONE', #1023, 1000.000000000000000 ) ;
#1720 = DIRECTION ( 'NONE',  ( 0.0000000000000000000, -1.000000000000000000, -0.0000000000000000000 ) ) ;
#1721 = PLANE ( 'NONE',  #1706 ) ;
#1722 = DIRECTION ( 'NONE',  ( 0.0000000000000000000, -1.000000000000000000, 0.0000000000000000000 ) ) ;
#1723 = FACE_OUTER_BOUND ( 'NONE', #854, .T. ) ;
#1724 = CARTESIAN_POINT ( 'NONE',  ( -137.4999999999999700, -5.000000000000000000, 12.69999999999999900 ) ) ;
#1725 = ORIENTED_EDGE ( 'NONE', *, *, #1064, .T. ) ;
#1726 = CARTESIAN_POINT ( 'NONE',  ( 56.28097245096174800, 2.493793925053975400E-014, -78.00000000000000000 ) ) ;
#1727 =( GEOMETRIC_REPRESENTATION_CONTEXT ( 3 ) GLOBAL_UNCERTAINTY_ASSIGNED_CONTEXT ( ( #266 ) ) GLOBAL_UNIT_ASSIGNED_CONTEXT ( ( #730, #449, #1676 ) ) REPRESENTATION_CONTEXT ( 'NONE', 'WORKASPACE' ) );
#1728 = FACE_OUTER_BOUND ( 'NONE', #1002, .T. ) ;
#1729 = DIRECTION ( 'NONE',  ( 5.053215498074302900E-016, -1.000000000000000000, 0.0000000000000000000 ) ) ;
#1730 = CARTESIAN_POINT ( 'NONE',  ( -90.50000000000000000, 53.00000000000000700, -4.500000000000010700 ) ) ;
#1731 = CARTESIAN_POINT ( 'NONE',  ( -21.49999999999997900, 0.0000000000000000000, -14.34999999999998000 ) ) ;
#1732 = FACE_OUTER_BOUND ( 'NONE', #385, .T. ) ;
#1733 = COLOUR_RGB ( '',1.000000000000000000, 0.0000000000000000000, 0.0000000000000000000 ) ;
#1734 = PRESENTATION_LAYER_ASSIGNMENT (  '', '', ( #912 ) ) ;
#1735 = FILL_AREA_STYLE_COLOUR ( '', #565 ) ;
#1736 = FILL_AREA_STYLE ('',( #396 ) ) ;
#1737 = CARTESIAN_POINT ( 'NONE',  ( -137.4999999999999700, 53.00000000000000700, 12.69999999999999900 ) ) ;
#1738 = SURFACE_SIDE_STYLE ('',( #1092 ) ) ;
#1739 =( NAMED_UNIT ( * ) PLANE_ANGLE_UNIT ( ) SI_UNIT ( $, .RADIAN. ) );
#1740 = ORIENTED_EDGE ( 'NONE', *, *, #1350, .T. ) ;
#1741 = EDGE_CURVE ( 'NONE', #1243, #1277, #923, .T. ) ;
#1742 = ORIENTED_EDGE ( 'NONE', *, *, #1476, .T. ) ;
#1743 = LINE ( 'NONE', #76, #1468 ) ;
#1744 = EDGE_CURVE ( 'NONE', #203, #1222, #304, .T. ) ;
#1745 = ORIENTED_EDGE ( 'NONE', *, *, #479, .T. ) ;
#1746 = CARTESIAN_POINT ( 'NONE',  ( 53.42097245096172700, 2.609480483205570900E-014, -72.14000000000000100 ) ) ;
#1747 = EDGE_CURVE ( 'NONE', #51, #490, #1604, .T. ) ;
#1748 = CARTESIAN_POINT ( 'NONE',  ( 53.42097245096172700, -4.999999999999974200, -47.35999999999999900 ) ) ;
#1749 = ORIENTED_EDGE ( 'NONE', *, *, #564, .T. ) ;
#1750 = DIRECTION ( 'NONE',  ( 0.0000000000000000000, -1.000000000000000000, 0.0000000000000000000 ) ) ;
#1751 = VECTOR ( 'NONE', #889, 1000.000000000000000 ) ;
#1752 = CARTESIAN_POINT ( 'NONE',  ( 30.28097245096172700, -4.999999999999999100, -78.00000000000000000 ) ) ;
#1753 = COLOUR_RGB ( '',1.000000000000000000, 0.0000000000000000000, 0.0000000000000000000 ) ;
#1754 = COLOUR_RGB ( '',1.000000000000000000, 0.0000000000000000000, 0.0000000000000000000 ) ;
ENDSEC;
END-ISO-10303-21;
